,UID,genotype,PLOT.ID,rows,ranges,Block,Rep,Group,Trt,year,note,Calibration,ASD,leaf_length,leaf_width,ear_height,flag_leaf,plant_height
0,B001,BGEM-0001-N,1313.0,13.0,7.0,1.0,1.0,Inbred,HN,2022.0,BGEM_Tall_early,0.0,2.0,95.7950661182325,65.0461890989292,71.261610020493,138.425000001911,173.249999995546
1,B002,BGEM-0002-N,1314.0,14.0,7.0,1.0,1.0,Inbred,HN,2022.0,BGEM_Tall_early,0.0,1.0,88.3009824393699,55.4411237258372,74.071061022046,131.125000001911,179.749999995546
2,B003,BGEM-0003-N,1111.0,11.0,3.0,1.0,1.0,Inbred,HN,2022.0,BGEM_Tall_late,0.0,1.0,104.981898760507,59.8110583527453,90.7055120235991,144.200000001911,201.249999995546
3,B004,BGEM-0004-N,1298.0,48.0,6.0,1.0,1.0,Inbred,HN,2022.0,BGEM_Short_late,0.0,2.0,91.1759824393699,61.7411237258372,81.071061022046,134.550000001911,182.999999995546
4,B005,BGEM-0005-N,1321.0,21.0,7.0,1.0,1.0,Inbred,HN,2022.0,BGEM_Tall_early,0.0,1.0,101.55098243937,63.1911237258372,79.946061022046,114.200000001911,188.249999995546
5,B006,BGEM-0006-S,1322.0,22.0,7.0,1.0,1.0,Inbred,HN,2022.0,BGEM_Tall_early,0.0,1.0,102.85098243937,65.3911237258372,82.196061022046,131.200000001911,197.249999995546
6,B007,BGEM-0007-S,1170.0,20.0,4.0,1.0,1.0,Inbred,HN,2022.0,BGEM_Tall_early,,,,,,,
7,B008,BGEM-0008-S,1028.0,28.0,1.0,1.0,1.0,Inbred,HN,2022.0,BGEM_Short_early,0.0,2.0,104.320066118232,62.5961890989292,83.136610020493,133.400000001911,178.499999995546
8,B009,BGEM-0010-S,1078.0,28.0,2.0,1.0,1.0,Inbred,HN,2022.0,BGEM_Short_early,0.0,2.0,106.370066118232,66.0461890989292,65.761610020493,129.500000001911,183.749999995546
9,B010,BGEM-0011-S,1067.0,17.0,2.0,1.0,1.0,Inbred,HN,2022.0,BGEM_Tall_late,0.0,2.0,108.22598243937,64.9161237258372,79.971061022046,132.725000001911,178.499999995546
10,B011,BGEM-0012-S,1096.0,46.0,2.0,1.0,1.0,Inbred,HN,2022.0,BGEM_Short_early,0.0,1.0,81.7568987605073,49.8360583527453,57.4805120235991,102.875000001911,144.499999995546
11,B012,BGEM-0013-S,1094.0,44.0,2.0,1.0,1.0,Inbred,HN,2022.0,BGEM_Short_early,0.0,1.0,96.6818987605073,58.3360583527453,78.1305120235991,126.200000001911,171.749999995546
12,B013,BGEM-0014-S,1055.0,5.0,2.0,1.0,1.0,Inbred,HN,2022.0,BGEM_Tall_late,0.0,2.0,88.6009824393699,53.7161237258372,76.071061022046,102.750000001911,148.749999995546
13,B014,BGEM-0015-S,1006.0,6.0,1.0,1.0,1.0,Inbred,HN,2022.0,BGEM_Tall_late,0.0,1.0,100.57598243937,64.1911237258372,87.146061022046,131.750000001911,175.499999995546
14,B016,BGEM-0019-S,1153.0,3.0,4.0,1.0,1.0,Inbred,HN,2022.0,BGEM_Tall_late,0.0,1.0,98.6759824393699,60.1911237258372,81.271061022046,134.175000001911,184.249999995546
15,B018,BGEM-0020-S,1036.0,36.0,1.0,1.0,1.0,Inbred,HN,2022.0,BGEM_Short_early,0.0,1.0,107.379403574756,66.9943779519877,73.8711099177028,117.317529515779,166.472707879177
16,B019,BGEM-0021-S,1158.0,8.0,4.0,1.0,1.0,Inbred,HN,2022.0,BGEM_Tall_late,0.0,2.0,100.170066118232,64.2711890989292,75.5210121263893,150.932470488042,160.749999995546
17,B021,BGEM-0023-S,1097.0,47.0,2.0,1.0,1.0,Inbred,HN,2022.0,BGEM_Short_early,0.0,1.0,98.1318987605073,61.3110583527453,72.1305120235991,120.450000001911,168.749999995546
18,B022,BGEM-0024-S,1093.0,43.0,2.0,1.0,1.0,Inbred,HN,2022.0,BGEM_Short_early,0.0,1.0,95.9068987605073,56.5610583527453,67.2555120235991,107.850000001911,156.249999995546
19,B023,BGEM-0025-S,1252.0,2.0,6.0,1.0,1.0,Inbred,HN,2022.0,BGEM_Tall_early,0.0,1.0,108.206898760507,63.3860583527453,88.0055120235991,151.225000001911,209.249999995546
20,B024,BGEM-0026-S,1198.0,48.0,4.0,1.0,1.0,Inbred,HN,2022.0,BGEM_Short_late,0.0,2.0,92.1950661182324,51.4461890989292,67.011610020493,113.500000001911,159.499999995546
21,B025,BGEM-0027-S,1075.0,25.0,2.0,1.0,1.0,Inbred,HN,2022.0,BGEM_Tall_late,0.0,2.0,104.845066118232,66.9711890989292,79.261610020493,138.175000001911,191.749999995546
22,B026,BGEM-0028-S,1284.0,34.0,6.0,1.0,1.0,Inbred,HN,2022.0,BGEM_Short_late,0.0,2.0,96.1259824393699,59.2411237258372,75.571061022046,120.225000001911,171.499999995546
23,B027,BGEM-0030-S,1129.0,29.0,3.0,1.0,1.0,Inbred,HN,2022.0,BGEM_Short_early,0.0,1.0,95.1318987605073,55.0860583527453,82.1305120235991,127.100000001911,176.999999995546
24,B028,BGEM-0031-S,1301.0,1.0,7.0,1.0,1.0,Inbred,HN,2022.0,BGEM_Tall_early,0.0,1.0,92.0568987605073,51.9110583527453,81.6399141294954,145.932470488042,157.249999995546
25,B029,BGEM-0032-S,1038.0,38.0,1.0,1.0,1.0,Inbred,HN,2022.0,BGEM_Short_early,0.0,2.0,87.3700661182325,52.3211890989292,62.511610020493,108.100000001911,156.249999995546
26,B030,BGEM-0033-S,1125.0,25.0,3.0,1.0,1.0,Inbred,HN,2022.0,BGEM_Tall_late,0.0,1.0,94.4318987605073,62.4360583527453,94.4305120235991,130.625000001911,189.249999995546
27,B031,BGEM-0034-S,1341.0,41.0,7.0,1.0,1.0,Inbred,HN,2022.0,BGEM_Short_late,0.0,1.0,93.6818987605073,58.0360583527453,65.1305120235991,118.125000001911,157.499999995546
28,B032,BGEM-0035-S,1233.0,33.0,5.0,1.0,1.0,Inbred,HN,2022.0,BGEM_Short_late,1.0,1.5,92.284050619199,60.8319708357084,74.434743988204,123.175000001911,166.749999995546
29,B033,BGEM-0036-S,1235.0,35.0,5.0,1.0,1.0,Inbred,HN,2022.0,BGEM_Short_late,0.0,2.0,88.8675709324816,50.3045086981715,79.0022079145967,139.367529515779,167.972707879177
30,B034,BGEM-0037-S,1086.0,36.0,2.0,1.0,1.0,Inbred,HN,2022.0,BGEM_Short_early,0.0,2.0,82.4509824393699,44.0161237258372,60.321061022046,108.450000001911,155.249999995546
31,B035,BGEM-0038-N,1068.0,18.0,2.0,1.0,1.0,Inbred,HN,2022.0,BGEM_Tall_late,0.0,2.0,88.4759824393699,53.7911237258372,76.121061022046,118.125000001911,166.749999995546
32,B036,BGEM-0039-N,1039.0,39.0,1.0,1.0,1.0,Inbred,HN,2022.0,BGEM_Short_early,0.0,1.0,118.55098243937,113.541123725837,77.371061022046,121.000000001911,163.999999995546
33,B037,BGEM-0040-N,1134.0,34.0,3.0,1.0,1.0,Inbred,HN,2022.0,BGEM_Short_early,0.0,1.0,91.4759824393699,58.9661237258372,68.971061022046,116.325000001911,164.999999995546
34,B038,BGEM-0041-S,1264.0,14.0,6.0,1.0,1.0,Inbred,HN,2022.0,BGEM_Tall_early,0.0,1.0,98.4818987605073,60.9610583527453,74.3805120235991,135.200000001911,183.499999995546
35,B039,BGEM-0042-S,1349.0,49.0,7.0,1.0,1.0,Inbred,HN,2022.0,BGEM_Short_late,0.0,1.0,94.4259824393699,54.4161237258372,71.121061022046,103.900000001911,143.249999995546
36,B040,BGEM-0043-S,1020.0,20.0,1.0,1.0,1.0,Inbred,HN,2022.0,BGEM_Tall_late,0.0,2.0,116.595066118232,69.0461890989292,77.461610020493,133.600000001911,186.999999995546
37,B041,BGEM-0044-S,1320.0,20.0,7.0,1.0,1.0,Inbred,HN,2022.0,BGEM_Tall_early,0.0,1.0,110.07598243937,70.0411237258372,89.446061022046,146.050000001911,197.749999995546
38,B042,BGEM-0045-N,1203.0,3.0,5.0,1.0,1.0,Inbred,HN,2022.0,BGEM_Tall_early,0.0,1.0,103.60098243937,64.2161237258372,87.8210610220461,160.625000001911,203.499999995546
39,B043,BGEM-0046-N,1221.0,21.0,5.0,1.0,1.0,Inbred,HN,2022.0,BGEM_Tall_early,0.0,2.0,107.417570932482,59.7545086981715,72.8022079145967,137.467529515779,177.972707879177
40,B044,BGEM-0047-S,1032.0,32.0,1.0,1.0,1.0,Inbred,HN,2022.0,BGEM_Short_early,0.0,2.0,95.1009824393699,55.2911237258372,54.196061022046,117.425000001911,157.999999995546
41,B045,BGEM-0048-S,1229.0,29.0,5.0,1.0,1.0,Inbred,HN,2022.0,BGEM_Short_late,0.0,1.0,96.9759824393699,57.1661237258372,74.971061022046,121.325000001911,166.999999995546
42,B046,BGEM-0049-S,1168.0,18.0,4.0,1.0,1.0,Inbred,HN,2022.0,BGEM_Tall_early,0.0,1.0,102.129403574756,63.8943779519877,82.8711099177028,139.217529515779,192.972707879177
43,B047,BGEM-0050-S,1133.0,33.0,3.0,1.0,1.0,Inbred,HN,2022.0,BGEM_Short_early,0.0,1.0,110.95098243937,65.8161237258372,81.946061022046,136.575000001911,189.499999995546
44,B048,BGEM-0051-S,1064.0,14.0,2.0,1.0,1.0,Inbred,HN,2022.0,BGEM_Tall_late,0.0,2.0,102.367570932482,60.6545086981715,90.0022079145967,138.767529515779,186.972707879177
45,B049,BGEM-0052-S,1109.0,9.0,3.0,1.0,1.0,Inbred,HN,2022.0,BGEM_Tall_late,0.0,2.0,83.3759824393699,42.3661237258372,68.796061022046,114.050000001911,149.749999995546
46,B050,BGEM-0055-S,1142.0,42.0,3.0,1.0,1.0,Inbred,HN,2022.0,BGEM_Short_early,0.0,1.0,99.1509824393699,56.9161237258372,71.321061022046,123.250000001911,169.999999995546
47,B051,BGEM-0056-S,1061.0,11.0,2.0,1.0,1.0,Inbred,HN,2022.0,BGEM_Tall_late,0.0,2.0,94.6450661182324,55.5711890989292,70.511610020493,119.875000001911,163.999999995546
48,B052,BGEM-0057-S,1161.0,11.0,4.0,1.0,1.0,Inbred,HN,2022.0,BGEM_Tall_late,0.0,1.0,94.8009824393699,53.8911237258372,70.571061022046,113.450000001911,158.999999995546
49,B053,BGEM-0059-S,1331.0,31.0,7.0,1.0,1.0,Inbred,HN,2022.0,BGEM_Short_late,0.0,1.0,97.6568987605073,57.2860583527453,73.3805120235991,126.000000001911,175.499999995546
50,B054,BGEM-0060-S,1107.0,7.0,3.0,1.0,1.0,Inbred,HN,2022.0,BGEM_Tall_late,0.0,2.0,101.87598243937,64.1661237258372,85.096061022046,145.675000001911,199.749999995546
51,B055,BGEM-0061-N,1118.0,18.0,3.0,1.0,1.0,Inbred,HN,2022.0,BGEM_Tall_late,0.0,1.0,85.1318987605073,52.3110583527453,82.8805120235991,134.200000001911,177.749999995546
52,B056,BGEM-0062-N,1256.0,6.0,6.0,1.0,1.0,Inbred,HN,2022.0,BGEM_Tall_early,0.0,1.0,95.4259824393699,53.7911237258372,75.621061022046,124.250000001911,182.499999995546
53,B057,BGEM-0063-N,1272.0,22.0,6.0,1.0,1.0,Inbred,HN,2022.0,BGEM_Tall_early,0.0,1.0,114.406898760507,69.1360583527453,96.6305120235991,150.175000001911,218.249999995546
54,B058,BGEM-0064-N,1159.0,9.0,4.0,1.0,1.0,Inbred,HN,2022.0,BGEM_Tall_late,0.0,2.0,105.145066118232,65.4461890989292,106.136610020493,155.050000001911,209.749999995546
55,B059,BGEM-0065-N,1015.0,15.0,1.0,1.0,1.0,Inbred,HN,2022.0,BGEM_Tall_late,0.0,2.0,99.3450661182325,64.0711890989292,97.636610020493,141.175000001911,194.499999995546
56,B060,BGEM-0066-N,1137.0,37.0,3.0,1.0,1.0,Inbred,HN,2022.0,BGEM_Short_early,0.0,2.0,89.8009824393699,51.3661237258372,63.096061022046,111.775000001911,159.249999995546
57,B061,BGEM-0067-S,1241.0,41.0,5.0,1.0,1.0,Inbred,HN,2022.0,BGEM_Short_late,0.0,2.0,93.3950661182325,57.4461890989292,64.136610020493,120.325000001911,163.999999995546
58,B062,BGEM-0068-S,1077.0,27.0,2.0,1.0,1.0,Inbred,HN,2022.0,BGEM_Short_early,0.0,1.0,97.6509824393699,56.9661237258372,64.446061022046,116.850000001911,160.499999995546
59,B064,BGEM-0069-S,1019.0,19.0,1.0,1.0,1.0,Inbred,HN,2022.0,BGEM_Tall_late,0.0,1.0,99.6759824393699,59.7411237258372,77.821061022046,131.825000001911,181.499999995546
60,B065,BGEM-0070-S,1102.0,2.0,3.0,1.0,1.0,Inbred,HN,2022.0,BGEM_Tall_late,0.0,1.0,79.1509824393699,46.0411237258372,70.946061022046,113.475000001911,146.749999995546
61,B066,BGEM-0071-S,1231.0,31.0,5.0,1.0,1.0,Inbred,HN,2022.0,BGEM_Short_late,0.0,1.0,89.0259824393699,53.5411237258372,70.321061022046,115.900000001911,163.499999995546
62,B067,BGEM-0072-S,1154.0,4.0,4.0,1.0,1.0,Inbred,HN,2022.0,BGEM_Tall_late,0.0,1.0,96.5318987605073,59.7610583527453,62.4805120235991,134.650000001911,178.249999995546
63,B068,BGEM-0073-S,1227.0,27.0,5.0,1.0,1.0,Inbred,HN,2022.0,BGEM_Short_late,0.0,1.0,87.5009824393699,56.2161237258372,84.996061022046,134.700000001911,180.499999995546
64,B071,BGEM-0077-S,1088.0,38.0,2.0,1.0,1.0,Inbred,HN,2022.0,BGEM_Short_early,0.0,1.0,91.5509824393699,52.8411237258372,53.071061022046,121.700000001911,164.749999995546
65,B072,BGEM-0078-N,1206.0,6.0,5.0,1.0,1.0,Inbred,HN,2022.0,BGEM_Tall_early,0.0,2.0,99.1950661182325,61.1211890989292,76.211610020493,135.100000001911,176.999999995546
66,B073,BGEM-0079-S,1048.0,48.0,1.0,1.0,1.0,Inbred,HN,2022.0,BGEM_Short_early,0.0,2.0,102.75098243937,59.4911237258372,69.071061022046,127.125000001911,169.999999995546
67,B074,BGEM-0080-S,1040.0,40.0,1.0,1.0,1.0,Inbred,HN,2022.0,BGEM_Short_early,0.0,1.0,93.3318987605073,57.8360583527453,64.1305120235991,122.125000001911,167.749999995546
68,B075,BGEM-0081-S,1308.0,8.0,7.0,1.0,1.0,Inbred,HN,2022.0,BGEM_Tall_early,0.0,1.0,110.156898760507,65.3860583527453,86.1305120235991,133.775000001911,203.749999995546
69,B076,BGEM-0082-S,1045.0,45.0,1.0,1.0,1.0,Inbred,HN,2022.0,BGEM_Short_early,0.0,2.0,81.3450661182325,45.5211890989292,39.511610020493,84.7000000019106,117.749999995546
70,B077,BGEM-0083-S,1186.0,36.0,4.0,1.0,1.0,Inbred,HN,2022.0,BGEM_Short_early,0.0,1.0,105.431898760507,60.9860583527453,91.0055120235991,140.000000001911,189.749999995546
71,B078,BGEM-0085-N,1089.0,39.0,2.0,1.0,1.0,Inbred,HN,2022.0,BGEM_Short_early,0.0,1.0,94.9509824393699,54.1911237258372,72.8210610220461,119.825000001911,164.249999995546
72,B079,BGEM-0086-N,1218.0,18.0,5.0,1.0,1.0,Inbred,HN,2022.0,BGEM_Tall_early,0.0,2.0,100.917570932482,55.7545086981715,87.7522079145967,138.067529515779,190.472707879177
73,B080,BGEM-0087-N,1119.0,19.0,3.0,1.0,1.0,Inbred,HN,2022.0,BGEM_Tall_late,0.0,1.0,94.5318987605073,59.4110583527453,84.0055120235991,141.575000001911,192.249999995546
74,B081,BGEM-0088-N,1245.0,45.0,5.0,1.0,1.0,Inbred,HN,2022.0,BGEM_Short_late,0.0,2.0,104.417570932482,54.3045086981715,80.5022079145967,123.567529515779,169.972707879177
75,B082,BGEM-0089-N,1239.0,39.0,5.0,1.0,1.0,Inbred,HN,2022.0,BGEM_Short_late,0.0,2.0,91.6175709324816,47.2545086981715,63.8022079145967,116.967529515779,150.472707879177
76,B083,BGEM-0090-N,1340.0,40.0,7.0,1.0,1.0,Inbred,HN,2022.0,BGEM_Short_late,0.0,1.0,88.9818987605073,63.2860583527453,69.5555120235991,119.200000001911,174.999999995546
77,B085,BGEM-0095-S,1148.0,48.0,3.0,1.0,1.0,Inbred,HN,2022.0,BGEM_Short_early,0.0,1.0,96.9899669403364,56.7019054626165,70.619194989757,119.025000001911,162.749999995546
78,B086,BGEM-0097-S,1343.0,43.0,7.0,1.0,1.0,Inbred,HN,2022.0,BGEM_Short_late,0.0,1.0,90.9818987605073,52.7610583527453,58.7555120235991,110.700000001911,148.749999995546
79,B087,BGEM-0099-S,1050.0,50.0,1.0,1.0,1.0,Inbred,HN,2022.0,BGEM_Short_early,0.0,1.0,80.6818987605073,45.9860583527453,71.1399141294954,119.432470488042,132.499999995546
80,B090,BGEM-0107-N,1248.0,48.0,5.0,1.0,1.0,Inbred,HN,2022.0,BGEM_Short_late,0.0,2.0,94.1700661182325,57.0461890989292,68.836610020493,128.325000001911,169.749999995546
81,B091,BGEM-0108-S,1333.0,33.0,7.0,1.0,1.0,Inbred,HN,2022.0,BGEM_Short_late,0.0,1.0,97.3318987605073,58.7860583527453,76.7555120235991,124.875000001911,172.999999995546
82,B092,BGEM-0110-N,1273.0,23.0,6.0,1.0,1.0,Inbred,HN,2022.0,BGEM_Tall_early,0.0,1.0,96.6759824393699,60.3411237258372,67.821061022046,134.550000001911,184.499999995546
83,B093,BGEM-0111-S,1132.0,32.0,3.0,1.0,1.0,Inbred,HN,2022.0,BGEM_Short_early,0.0,1.0,95.2259824393699,58.1411237258372,67.496061022046,121.100000001911,165.249999995546
84,B094,BGEM-0112-S,1099.0,49.0,2.0,1.0,1.0,Inbred,HN,2022.0,BGEM_Short_early,0.0,2.0,92.6259824393699,56.7411237258372,69.521061022046,112.850000001911,166.749999995546
85,B095,BGEM-0113-S,1029.0,29.0,1.0,1.0,1.0,Inbred,HN,2022.0,BGEM_Short_early,0.0,1.0,92.0009824393699,56.1911237258372,69.221061022046,115.100000001911,160.249999995546
86,B096,BGEM-0114-S,1046.0,46.0,1.0,1.0,1.0,Inbred,HN,2022.0,BGEM_Short_early,0.0,2.0,90.7200661182325,53.7211890989292,63.561610020493,121.975000001911,170.249999995546
87,B097,BGEM-0115-S,1185.0,35.0,4.0,1.0,1.0,Inbred,HN,2022.0,BGEM_Short_early,0.0,1.0,98.0318987605073,60.3360583527453,65.1305120235991,123.925000001911,173.499999995546
88,B098,BGEM-0116-S,1179.0,29.0,4.0,1.0,1.0,Inbred,HN,2022.0,BGEM_Short_early,0.0,2.0,94.6950661182325,56.3461890989292,66.386610020493,123.500000001911,175.999999995546
89,B099,BGEM-0117-S,1087.0,37.0,2.0,1.0,1.0,Inbred,HN,2022.0,BGEM_Short_early,0.0,1.0,93.5568987605073,58.2610583527453,67.3805120235991,128.450000001911,173.999999995546
90,B100,BGEM-0118-S,1037.0,37.0,1.0,1.0,1.0,Inbred,HN,2022.0,BGEM_Short_early,0.0,1.0,85.0568987605073,52.2360583527453,64.7055120235991,119.725000001911,163.749999995546
91,B102,BGEM-0122-N,1211.0,11.0,5.0,1.0,1.0,Inbred,HN,2022.0,BGEM_Tall_early,0.0,2.0,92.8950661182324,54.1711890989292,66.636610020493,128.925000001911,173.249999995546
92,B103,BGEM-0123-N,1085.0,35.0,2.0,1.0,1.0,Inbred,HN,2022.0,BGEM_Short_early,0.0,1.0,94.9568987605073,63.7610583527453,80.3305120235991,135.150000001911,186.249999995546
93,B104,BGEM-0124-N,1116.0,16.0,3.0,1.0,1.0,Inbred,HN,2022.0,BGEM_Tall_late,0.0,2.0,100.35098243937,63.7661237258372,81.696061022046,146.675000001911,205.499999995546
94,B105,BGEM-0125-N,1172.0,22.0,4.0,1.0,1.0,Inbred,HN,2022.0,BGEM_Tall_early,0.0,1.0,101.129403574756,68.7943779519877,78.8711099177028,127.767529515779,186.472707879177
95,B107,BGEM-0129-N,1135.0,35.0,3.0,1.0,1.0,Inbred,HN,2022.0,BGEM_Short_early,0.0,1.0,90.5259824393699,52.0411237258372,66.7210610220461,107.850000001911,152.499999995546
96,B109,BGEM-0131-N,1110.0,10.0,3.0,1.0,1.0,Inbred,HN,2022.0,BGEM_Tall_late,0.0,2.0,92.9509824393699,55.5661237258372,69.921061022046,124.775000001911,160.749999995546
97,B110,BGEM-0133-S,1323.0,23.0,7.0,1.0,1.0,Inbred,HN,2022.0,BGEM_Tall_early,0.0,1.0,92.4259824393699,62.4161237258372,70.471061022046,124.425000001911,173.499999995546
98,B111,BGEM-0134-S,1071.0,21.0,2.0,1.0,1.0,Inbred,HN,2022.0,BGEM_Tall_late,0.0,2.0,107.02598243937,67.8161237258372,90.5710610220461,145.050000001911,195.499999995546
99,B112,BGEM-0136-S,1034.0,34.0,1.0,1.0,1.0,Inbred,HN,2022.0,BGEM_Short_early,0.0,2.0,80.9009824393699,51.2161237258372,65.671061022046,98.2250000019106,141.999999995546
100,B113,BGEM-0137-S,1128.0,28.0,3.0,1.0,1.0,Inbred,HN,2022.0,BGEM_Short_early,0.0,2.0,95.3009824393699,59.6411237258372,62.8210610220461,124.000000001911,169.249999995546
101,B114,BGEM-0138-S,1222.0,22.0,5.0,1.0,1.0,Inbred,HN,2022.0,BGEM_Tall_early,0.0,2.0,109.917570932482,71.8045086981715,80.2522079145967,136.917529515779,190.972707879177
102,B115,BGEM-0140-N,1030.0,30.0,1.0,1.0,1.0,Inbred,HN,2022.0,BGEM_Short_early,0.0,1.0,90.2259824393699,50.8911237258372,65.8210610220461,117.100000001911,156.499999995546
103,B117,BGEM-0143-N,1266.0,16.0,6.0,1.0,1.0,Inbred,HN,2022.0,BGEM_Tall_early,0.0,2.0,104.35098243937,66.0911237258372,87.0710610220461,137.600000001911,186.499999995546
104,B118,BGEM-0144-N,1164.0,14.0,4.0,1.0,1.0,Inbred,HN,2022.0,BGEM_Tall_early,0.0,1.0,85.9568987605073,55.6110583527453,84.3805120235991,136.150000001911,190.249999995546
105,B119,BGEM-0145-N,1209.0,9.0,5.0,1.0,1.0,Inbred,HN,2022.0,BGEM_Tall_early,0.0,2.0,79.0700661182325,74.1461890989292,67.511610020493,119.875000001911,160.249999995546
106,B120,BGEM-0146-N,1214.0,14.0,5.0,1.0,1.0,Inbred,HN,2022.0,BGEM_Tall_early,0.0,2.0,95.8200661182325,61.4211890989292,88.636610020493,158.250000001911,203.749999995546
107,B121,BGEM-0147-S,1274.0,24.0,6.0,1.0,1.0,Inbred,HN,2022.0,BGEM_Tall_early,0.0,2.0,108.120066118232,65.5711890989292,77.836610020493,135.400000001911,182.499999995546
108,B122,BGEM-0148-S,1202.0,2.0,5.0,1.0,1.0,Inbred,HN,2022.0,BGEM_Tall_early,0.0,2.0,93.8259824393699,52.5161237258372,57.571061022046,131.500000001911,169.999999995546
109,B123,BGEM-0149-S,1183.0,33.0,4.0,1.0,1.0,Inbred,HN,2022.0,BGEM_Short_early,0.0,1.0,99.3259824393699,63.6661237258372,73.946061022046,131.625000001911,185.499999995546
110,B124,BGEM-0150-S,1176.0,26.0,4.0,1.0,1.0,Inbred,HN,2022.0,BGEM_Short_early,0.0,2.0,87.7450661182325,47.5961890989292,63.186610020493,99.7750000019106,137.249999995546
111,B125,BGEM-0151-N,1289.0,39.0,6.0,1.0,1.0,Inbred,HN,2022.0,BGEM_Short_late,0.0,1.0,90.5759824393699,53.7411237258372,65.8210610220461,123.225000001911,168.749999995546
112,B128,BGEM-0154-S,1126.0,26.0,3.0,1.0,1.0,Inbred,HN,2022.0,BGEM_Short_early,0.0,1.0,98.4318987605073,60.2360583527453,86.2555120235991,138.475000001911,186.999999995546
113,B130,BGEM-0156-S,1267.0,17.0,6.0,1.0,1.0,Inbred,HN,2022.0,BGEM_Tall_early,0.0,2.0,97.3009824393699,60.3661237258372,82.896061022046,129.850000001911,176.499999995546
114,B131,BGEM-0157-N,1337.0,37.0,7.0,1.0,1.0,Inbred,HN,2022.0,BGEM_Short_late,0.0,1.0,96.4818987605073,57.8860583527453,78.1305120235991,123.475000001911,171.749999995546
115,B132,BGEM-0158-S,1103.0,3.0,3.0,1.0,1.0,Inbred,HN,2022.0,BGEM_Tall_late,0.0,1.0,97.7068987605073,58.9860583527453,77.9555120235991,133.275000001911,183.999999995546
116,B134,BGEM-0159-S,1156.0,6.0,4.0,1.0,1.0,Inbred,HN,2022.0,BGEM_Tall_late,0.0,1.0,112.30098243937,67.3911237258372,90.721061022046,140.750000001911,200.499999995546
117,B136,BGEM-0162-S,1181.0,31.0,4.0,1.0,1.0,Inbred,HN,2022.0,BGEM_Short_early,0.0,2.0,100.045066118232,58.8211890989292,74.886610020493,119.750000001911,168.499999995546
118,B137,BGEM-0164-S,1190.0,40.0,4.0,1.0,1.0,Inbred,HN,2022.0,BGEM_Short_late,0.0,1.0,102.37598243937,59.4661237258372,68.321061022046,127.825000001911,177.749999995546
119,B138,BGEM-0165-S,1025.0,25.0,1.0,1.0,1.0,Inbred,HN,2022.0,BGEM_Tall_late,0.0,2.0,96.2450661182325,59.5461890989292,88.611610020493,147.050000001911,197.499999995546
120,B139,BGEM-0166-S,1007.0,7.0,1.0,1.0,1.0,Inbred,HN,2022.0,BGEM_Tall_late,0.0,1.0,104.75098243937,65.3411237258372,100.621061022046,158.900000001911,208.249999995546
121,B140,BGEM-0167-S,1145.0,45.0,3.0,1.0,1.0,Inbred,HN,2022.0,BGEM_Short_early,0.0,1.0,98.7294035747564,57.8943779519877,63.3711099177028,127.217529515779,173.472707879177
122,B142,BGEM-0170-S,1247.0,47.0,5.0,1.0,1.0,Inbred,HN,2022.0,BGEM_Short_late,0.0,2.0,99.2950661182325,58.7961890989292,63.261610020493,118.575000001911,164.499999995546
123,B143,BGEM-0172-S,1052.0,2.0,2.0,1.0,1.0,Inbred,HN,2022.0,BGEM_Tall_late,0.0,2.0,115.170066118232,71.1461890989291,90.136610020493,170.950000001911,220.999999995546
124,B144,BGEM-0173-S,1332.0,32.0,7.0,1.0,1.0,Inbred,HN,2022.0,BGEM_Short_late,0.0,1.0,90.5568987605073,56.9860583527453,78.7805120235991,124.800000001911,177.249999995546
125,B145,BGEM-0174-N,1240.0,40.0,5.0,1.0,1.0,Inbred,HN,2022.0,BGEM_Short_late,0.0,2.0,89.5950661182325,52.2711890989292,59.261610020493,106.250000001911,145.499999995546
126,B146,BGEM-0175-S,1113.0,13.0,3.0,1.0,1.0,Inbred,HN,2022.0,BGEM_Tall_late,0.0,1.0,97.5568987605073,54.5360583527453,79.7555120235991,137.000000001911,182.249999995546
127,B147,BGEM-0178-S,1017.0,17.0,1.0,1.0,1.0,Inbred,HN,2022.0,BGEM_Tall_late,0.0,2.0,112.22598243937,70.9411237258372,84.971061022046,154.200000001911,208.499999995546
128,B148,BGEM-0179-S,1042.0,42.0,1.0,1.0,1.0,Inbred,HN,2022.0,BGEM_Short_early,0.0,1.0,105.556898760507,67.1860583527453,84.7555120235991,144.275000001911,196.749999995546
129,B149,BGEM-0182-N,1225.0,25.0,5.0,1.0,1.0,Inbred,HN,2022.0,BGEM_Tall_early,0.0,1.0,109.479403574756,67.1443779519877,76.7211099177028,136.417529515779,188.472707879177
130,B150,BGEM-0184-N,1084.0,34.0,2.0,1.0,1.0,Inbred,HN,2022.0,BGEM_Short_early,0.0,1.0,85.8068987605073,49.3860583527453,66.5055120235991,120.350000001911,154.249999995546
131,B151,BGEM-0186-S,1348.0,48.0,7.0,1.0,1.0,Inbred,HN,2022.0,BGEM_Short_late,0.0,1.0,91.2009824393699,59.3661237258372,62.021061022046,121.125000001911,161.499999995546
132,B152,BGEM-0187-S,1246.0,46.0,5.0,1.0,1.0,Inbred,HN,2022.0,BGEM_Short_late,0.0,2.0,93.7700661182324,52.1961890989292,62.086610020493,106.150000001911,146.999999995546
133,B153,BGEM-0188-S,1066.0,16.0,2.0,1.0,1.0,Inbred,HN,2022.0,BGEM_Tall_late,0.0,2.0,106.67598243937,67.2661237258372,78.996061022046,134.375000001911,191.249999995546
134,B154,BGEM-0190-N,1282.0,32.0,6.0,1.0,1.0,Inbred,HN,2022.0,BGEM_Short_late,0.0,2.0,95.6259824393699,55.8161237258372,58.996061022046,113.950000001911,154.249999995546
135,B155,BGEM-0191-N,1278.0,28.0,6.0,1.0,1.0,Inbred,HN,2022.0,BGEM_Short_late,0.0,2.0,77.6950661182325,57.2711890989292,69.511610020493,105.875000001911,157.249999995546
136,B160,BGEM-0197-S,1100.0,50.0,2.0,1.0,1.0,Inbred,HN,2022.0,BGEM_Short_early,0.0,1.0,94.3318987605073,53.9860583527453,78.8805120235991,125.325000001911,174.749999995546
137,B161,BGEM-0198-S,1167.0,17.0,4.0,1.0,1.0,Inbred,HN,2022.0,BGEM_Tall_early,0.0,1.0,100.90098243937,71.1661237258372,84.446061022046,146.975000001911,204.499999995546
138,B162,BGEM-0199-S,1210.0,10.0,5.0,1.0,1.0,Inbred,HN,2022.0,BGEM_Tall_early,0.0,2.0,102.795066118232,62.6711890989292,87.886610020493,147.875000001911,203.499999995546
139,B163,BGEM-0200-S,1291.0,41.0,6.0,1.0,1.0,Inbred,HN,2022.0,BGEM_Short_late,0.0,1.0,96.7259824393699,66.2411237258372,83.196061022046,133.975000001911,183.749999995546
140,B165,BGEM-0202-N,1177.0,27.0,4.0,1.0,1.0,Inbred,HN,2022.0,BGEM_Short_early,0.0,1.0,89.3259824393699,53.2161237258372,81.221061022046,119.675000001911,162.749999995546
141,B169,BGEM-0206-N,1173.0,23.0,4.0,1.0,1.0,Inbred,HN,2022.0,BGEM_Tall_early,0.0,1.0,84.2294035747564,51.7943779519877,71.7211099177028,122.017529515779,172.472707879177
142,B170,BGEM-0207-N,1178.0,28.0,4.0,1.0,1.0,Inbred,HN,2022.0,BGEM_Short_early,0.0,2.0,85.9200661182325,56.8211890989292,79.886610020493,113.850000001911,162.499999995546
143,B171,BGEM-0208-N,1157.0,7.0,4.0,1.0,1.0,Inbred,HN,2022.0,BGEM_Tall_late,0.0,1.0,134.629403574756,91.4443779519877,123.321109917703,176.867529515779,261.972707879177
144,B173,BGEM-0210-N,1014.0,14.0,1.0,1.0,1.0,Inbred,HN,2022.0,BGEM_Tall_late,0.0,2.0,100.245066118232,60.5211890989292,86.711610020493,117.500000001911,171.999999995546
145,B175,BGEM-0212-N,1312.0,12.0,7.0,1.0,1.0,Inbred,HN,2022.0,BGEM_Tall_early,0.0,1.0,92.1818987605073,57.2610583527453,83.0055120235991,138.950000001911,185.999999995546
146,B176,BGEM-0213-S,1060.0,10.0,2.0,1.0,1.0,Inbred,HN,2022.0,BGEM_Tall_late,0.0,2.0,86.3759824393699,48.3911237258372,97.821061022046,99.6250000019106,193.499999995546
147,B177,BGEM-0214-S,1043.0,43.0,1.0,1.0,1.0,Inbred,HN,2022.0,BGEM_Short_early,0.0,1.0,95.7318987605073,55.4360583527453,69.0305120235991,110.150000001911,154.749999995546
148,B180,BGEM-0217-S,1223.0,23.0,5.0,1.0,1.0,Inbred,HN,2022.0,BGEM_Tall_early,0.0,2.0,111.117570932482,62.0545086981715,84.5022079145967,138.067529515779,183.972707879177
149,B181,BGEM-0218-S,1327.0,27.0,7.0,1.0,1.0,Inbred,HN,2022.0,BGEM_Short_late,0.0,1.0,91.0318987605073,58.4360583527453,74.7555120235991,122.050000001911,171.249999995546
150,B182,BGEM-0219-S,1136.0,36.0,3.0,1.0,1.0,Inbred,HN,2022.0,BGEM_Short_early,0.0,2.0,100.170066118232,60.3961890989292,75.561610020493,131.850000001911,174.499999995546
151,B183,BGEM-0220-S,1197.0,47.0,4.0,1.0,1.0,Inbred,HN,2022.0,BGEM_Short_late,0.0,2.0,96.6200661182325,63.0711890989292,69.761610020493,126.200000001911,179.999999995546
152,B185,BGEM-0222-S,1047.0,47.0,1.0,1.0,1.0,Inbred,HN,2022.0,BGEM_Short_early,0.0,2.0,84.3950661182324,54.4711890989292,69.761610020493,123.050000001911,167.999999995546
153,B186,BGEM-0223-N,1117.0,17.0,3.0,1.0,1.0,Inbred,HN,2022.0,BGEM_Tall_late,0.0,1.0,,,,,
154,B187,BGEM-0224-N,1295.0,45.0,6.0,1.0,1.0,Inbred,HN,2022.0,BGEM_Short_late,0.0,1.0,87.9318987605073,59.6360583527453,72.3805120235991,98.2500000019106,147.999999995546
155,B188,BGEM-0225-N,1249.0,49.0,5.0,1.0,1.0,Inbred,HN,2022.0,BGEM_Short_late,0.0,2.0,94.9759824393699,58.3661237258372,71.446061022046,113.000000001911,164.249999995546
156,B189,BGEM-0226-S,1250.0,50.0,5.0,1.0,1.0,Inbred,HN,2022.0,BGEM_Short_late,0.0,2.0,106.00098243937,66.6911237258372,72.421061022046,116.750000001911,182.249999995546
157,B190,BGEM-0227-N,1146.0,46.0,3.0,1.0,1.0,Inbred,HN,2022.0,BGEM_Short_early,0.0,2.0,92.7950661182325,55.3211890989292,71.761610020493,117.150000001911,163.999999995546
158,B191,BGEM-0228-N,1196.0,46.0,4.0,1.0,1.0,Inbred,HN,2022.0,BGEM_Short_late,0.0,2.0,99.7950661182325,59.4211890989292,80.061610020493,130.825000001911,176.999999995546
159,B194,BGEM-0231-N,1013.0,13.0,1.0,1.0,1.0,Inbred,HN,2022.0,BGEM_Tall_late,0.0,2.0,103.795066118232,55.4461890989292,70.786610020493,76.4250000019106,152.749999995546
160,B195,BGEM-0233-S,1115.0,15.0,3.0,1.0,1.0,Inbred,HN,2022.0,BGEM_Tall_late,0.0,1.0,105.181898760507,62.2610583527453,84.3305120235991,150.800000001911,204.999999995546
161,B197,BGEM-0236-S,1165.0,15.0,4.0,1.0,1.0,Inbred,HN,2022.0,BGEM_Tall_early,0.0,1.0,94.0568987605073,60.4360583527453,86.3805120235991,130.100000001911,185.999999995546
162,B198,BGEM-0237-N,1009.0,9.0,1.0,1.0,1.0,Inbred,HN,2022.0,BGEM_Tall_late,0.0,1.0,91.6725613039833,59.6878694996868,127.021012126389,161.432470488042,210.527292111915
163,B201,BGEM-0242-N,1188.0,38.0,4.0,1.0,1.0,Inbred,HN,2022.0,BGEM_Short_late,0.0,2.0,89.9700661182325,53.7461890989292,65.586610020493,104.675000001911,152.249999995546
164,B202,BGEM-0243-S,1215.0,15.0,5.0,1.0,1.0,Inbred,HN,2022.0,BGEM_Tall_early,0.0,2.0,94.1950661182325,58.0711890989292,73.036610020493,130.350000001911,177.249999995546
165,B204,BGEM-0246-N,1200.0,50.0,4.0,1.0,1.0,Inbred,HN,2022.0,BGEM_Short_late,0.0,2.0,86.7950661182325,53.6961890989292,58.011610020493,107.250000001911,145.999999995546
166,B205,BGEM-0247-N,1329.0,29.0,7.0,1.0,1.0,Inbred,HN,2022.0,BGEM_Short_late,0.0,1.0,97.1068987605073,53.9610583527453,67.2555120235991,104.875000001911,147.249999995546
167,B206,BGEM-0248-N,1319.0,19.0,7.0,1.0,1.0,Inbred,HN,2022.0,BGEM_Tall_early,0.0,1.0,101.72598243937,68.6661237258372,82.821061022046,135.325000001911,205.249999995546
168,B207,BGEM-0250-S,1058.0,8.0,2.0,1.0,1.0,Inbred,HN,2022.0,BGEM_Tall_late,0.0,2.0,109.42598243937,66.3161237258372,93.321061022046,156.125000001911,212.749999995546
169,B209,BGEM-0252-S,1070.0,20.0,2.0,1.0,1.0,Inbred,HN,2022.0,BGEM_Tall_late,0.0,1.0,107.031898760507,63.5610583527453,81.8805120235991,143.775000001911,194.749999995546
170,B210,BGEM-0253-N,1138.0,38.0,3.0,1.0,1.0,Inbred,HN,2022.0,BGEM_Short_early,0.0,2.0,89.909050619199,50.9819708357084,69.934743988204,109.250000001911,146.999999995546
171,B211,BGEM-0254-S,1316.0,16.0,7.0,1.0,1.0,Inbred,HN,2022.0,BGEM_Tall_early,0.0,1.0,100.82598243937,64.5661237258372,75.196061022046,132.350000001911,183.249999995546
172,B212,BGEM-0255-S,1079.0,29.0,2.0,1.0,1.0,Inbred,HN,2022.0,BGEM_Short_early,0.0,2.0,103.92598243937,65.1911237258372,75.571061022046,132.700000001911,191.999999995546
173,B214,BGEM-0257-S,1121.0,21.0,3.0,1.0,1.0,Inbred,HN,2022.0,BGEM_Tall_late,0.0,1.0,88.0068987605073,50.1360583527453,66.6305120235991,109.300000001911,155.499999995546
174,B215,BGEM-0258-S,1268.0,18.0,6.0,1.0,1.0,Inbred,HN,2022.0,BGEM_Tall_early,0.0,2.0,88.2200661182325,60.9961890989292,72.011610020493,129.250000001911,171.749999995546
175,B225,BGEM-0270-S,1296.0,46.0,6.0,1.0,1.0,Inbred,HN,2022.0,BGEM_Short_late,0.0,1.0,97.1068987605073,65.4110583527453,83.2555120235991,130.450000001911,183.749999995546
176,B226,BGEM-0272-S,1257.0,7.0,6.0,1.0,1.0,Inbred,HN,2022.0,BGEM_Tall_early,0.0,1.0,90.8009824393699,54.7911237258372,73.796061022046,139.250000001911,187.249999995546
177,B231,BGEM-0280-S,1175.0,25.0,4.0,1.0,1.0,Inbred,HN,2022.0,BGEM_Tall_early,0.0,2.0,99.1175709324816,60.6545086981715,85.5022079145967,108.767529515779,192.972707879177
178,B236,BGEM-0285-N,1344.0,44.0,7.0,1.0,1.0,Inbred,HN,2022.0,BGEM_Short_late,0.0,1.0,82.4818987605073,70.1860583527453,78.8805120235991,135.650000001911,186.249999995546
179,B238,BGEM-0287-N,1330.0,30.0,7.0,1.0,1.0,Inbred,HN,2022.0,BGEM_Short_late,0.0,1.0,85.2068987605073,54.7360583527453,73.3805120235991,110.500000001911,154.499999995546
180,B239,BGEM-0288-S,1242.0,42.0,5.0,1.0,1.0,Inbred,HN,2022.0,BGEM_Short_late,0.0,2.0,108.520066118232,68.4211890989291,98.261610020493,155.675000001911,214.249999995546
181,B243,BGEM-0292-S,1003.0,3.0,1.0,1.0,1.0,Inbred,HN,2022.0,BGEM_Tall_late,0.0,2.0,90.3950661182324,51.0211890989292,77.786610020493,126.725000001911,170.249999995546
182,B246,BGEM-0295-S,1201.0,1.0,5.0,1.0,1.0,Inbred,HN,2022.0,BGEM_Tall_early,0.0,2.0,95.8259824393699,57.3661237258372,79.596061022046,138.600000001911,191.249999995546
183,B247,BGEM-0296-S,1287.0,37.0,6.0,1.0,1.0,Inbred,HN,2022.0,BGEM_Short_late,0.0,1.0,92.2818987605073,55.7110583527453,66.6805120235991,110.475000001911,149.249999995546
184,B248,BGEM-0297-N,1335.0,35.0,7.0,1.0,1.0,Inbred,HN,2022.0,BGEM_Short_late,0.0,1.0,112.131898760507,75.5110583527453,80.6305120235991,107.500000001911,187.749999995546
185,B251,BGEM-0300-S,1205.0,5.0,5.0,1.0,1.0,Inbred,HN,2022.0,BGEM_Tall_early,0.0,2.0,96.5200661182324,58.0711890989292,84.511610020493,144.750000001911,190.999999995546
186,B252,BGEM-0301-S,1304.0,4.0,7.0,1.0,1.0,Inbred,HN,2022.0,BGEM_Tall_early,0.0,1.0,100.181898760507,63.7360583527453,101.139914129495,158.432470488042,175.499999995546
187,B254,BGEM-0302-S,1208.0,8.0,5.0,1.0,1.0,Inbred,HN,2022.0,BGEM_Tall_early,0.0,2.0,97.5700661182325,54.5711890989292,60.261610020493,124.750000001911,171.749999995546
188,B257,BGEM-0305-S,1238.0,38.0,5.0,1.0,1.0,Inbred,HN,2022.0,BGEM_Short_late,0.0,2.0,97.2950661182325,53.7711890989292,59.761610020493,115.175000001911,169.499999995546
189,B259,BGEM-0307-S,1069.0,19.0,2.0,1.0,1.0,Inbred,HN,2022.0,BGEM_Tall_late,0.0,1.0,100.631898760507,63.9610583527453,71.3555120235991,132.350000001911,187.249999995546
190,B261,BGEM-0309-S,1105.0,5.0,3.0,1.0,1.0,Inbred,HN,2022.0,BGEM_Tall_late,0.0,2.0,103.42598243937,64.6911237258372,68.496061022046,140.250000001911,182.249999995546
191,B262,BGEM-0310-S,1144.0,44.0,3.0,1.0,1.0,Inbred,HN,2022.0,BGEM_Short_early,0.0,2.0,107.120066118232,67.8461890989291,73.286610020493,132.600000001911,179.499999995546
192,B265,BGEM-0313-S,1251.0,1.0,6.0,1.0,1.0,Inbred,HN,2022.0,BGEM_Tall_early,0.0,2.0,100.07598243937,60.6411237258372,85.446061022046,136.125000001911,190.999999995546
193,B267,BGEM-0315-S,1270.0,20.0,6.0,1.0,1.0,Inbred,HN,2022.0,BGEM_Tall_early,0.0,1.0,91.8568987605073,56.1110583527453,65.5055120235991,126.050000001911,169.499999995546
194,B268,BGEM-0316-S,1346.0,46.0,7.0,1.0,1.0,Inbred,HN,2022.0,BGEM_Short_late,0.0,1.0,99.2009824393699,61.9161237258372,69.196061022046,121.250000001911,175.249999995546
195,B273,BGEM-0321-S,1027.0,27.0,1.0,1.0,1.0,Inbred,HN,2022.0,BGEM_Short_early,0.0,2.0,93.1450661182324,53.6961890989292,59.111610020493,109.800000001911,151.749999995546
196,B274,BGEM-0322-S,1338.0,38.0,7.0,1.0,1.0,Inbred,HN,2022.0,BGEM_Short_late,0.0,1.0,102.181898760507,61.0110583527453,72.1305120235991,136.050000001911,185.999999995546
197,B276,BGEM-0324-N,1112.0,12.0,3.0,1.0,1.0,Inbred,HN,2022.0,BGEM_Tall_late,0.0,1.0,100.431898760507,59.5110583527453,80.4305120235991,134.125000001911,181.999999995546
198,B277,BGEM-0325-N,1022.0,22.0,1.0,1.0,1.0,Inbred,HN,2022.0,BGEM_Tall_late,0.0,2.0,102.720066118232,63.0461890989292,82.436610020493,139.225000001911,186.249999995546
199,B280,BGEM-0328-S,1074.0,24.0,2.0,1.0,1.0,Inbred,HN,2022.0,BGEM_Tall_late,0.0,1.0,108.10098243937,66.8911237258372,110.821061022046,160.650000001911,222.999999995546
200,B283,BGEM-0101-S,1292.0,42.0,6.0,1.0,1.0,Inbred,HN,2022.0,BGEM_Short_late,0.0,1.0,83.1259824393699,45.3911237258372,65.9460610220461,111.275000001911,151.749999995546
201,B287,BGEM-0171-S,1166.0,16.0,4.0,1.0,1.0,Inbred,HN,2022.0,BGEM_Tall_early,0.0,1.0,101.67598243937,61.5661237258372,75.496061022046,130.125000001911,187.999999995546
202,B288,BGEM-0147-S,1274.0,24.0,6.0,1.0,1.0,Inbred,HN,2022.0,BGEM_Tall_early,0.0,2.0,108.120066118232,65.5711890989292,77.836610020493,135.400000001911,182.499999995546
203,B292,BGEM-0106-N,1018.0,18.0,1.0,1.0,1.0,Inbred,HN,2022.0,BGEM_Tall_late,0.0,2.0,110.270066118232,68.6461890989291,92.086610020493,144.425000001911,199.499999995546
204,B297,BGEM-0238-N,1120.0,20.0,3.0,1.0,1.0,Inbred,HN,2022.0,BGEM_Tall_late,0.0,1.0,103.07598243937,62.1661237258372,95.4710610220461,146.550000001911,202.999999995546
205,B298,BGEM-0053-S,1258.0,8.0,6.0,1.0,1.0,Inbred,HN,2022.0,BGEM_Tall_early,0.0,1.0,94.2759824393699,56.5411237258372,92.971061022046,139.050000001911,186.249999995546
206,B299,BGEM-0245-S,1002.0,2.0,1.0,1.0,1.0,Inbred,HN,2022.0,BGEM_Tall_late,0.0,2.0,91.6950661182325,54.4711890989292,63.061610020493,115.675000001911,159.999999995546
207,B300,BGEM-0084-S,1290.0,40.0,6.0,1.0,1.0,Inbred,HN,2022.0,BGEM_Short_late,0.0,1.0,101.60098243937,62.0411237258372,69.446061022046,122.800000001911,169.499999995546
208,B302,BGEM-0058-N,1169.0,19.0,4.0,1.0,1.0,Inbred,HN,2022.0,BGEM_Tall_early,0.0,1.0,104.879403574756,64.0943779519877,93.6211099177028,142.817529515779,198.472707879177
209,B303,BGEM-0109-N,1044.0,44.0,1.0,1.0,1.0,Inbred,HN,2022.0,BGEM_Short_early,0.0,2.0,72.1450661182324,45.9211890989292,57.011610020493,108.750000001911,142.499999995546
210,B304,BGEM-0029-S,1281.0,31.0,6.0,1.0,1.0,Inbred,HN,2022.0,BGEM_Short_late,0.0,2.0,,,,,
211,B305,BGEM-0105-N,1317.0,17.0,7.0,1.0,1.0,Inbred,HN,2022.0,BGEM_Tall_early,0.0,2.0,103.795066118232,61.5461890989292,82.611610020493,145.550000001911,195.249999995546
212,B306,BGEM-0168-S,1124.0,24.0,3.0,1.0,1.0,Inbred,HN,2022.0,BGEM_Tall_late,0.0,1.0,105.656898760507,62.2860583527453,94.2555120235991,139.275000001911,195.999999995546
213,B307,BGEM-0183-N,1059.0,9.0,2.0,1.0,1.0,Inbred,HN,2022.0,BGEM_Tall_late,0.0,2.0,92.4950661182325,56.3211890989292,71.386610020493,135.000000001911,177.999999995546
214,B308,BGEM-0163-S,1328.0,28.0,7.0,1.0,1.0,Inbred,HN,2022.0,BGEM_Short_late,0.0,1.0,91.3009824393699,59.5161237258372,74.196061022046,107.875000001911,147.249999995546
215,B309,BGEM-0076-S,1303.0,3.0,7.0,1.0,1.0,Inbred,HN,2022.0,BGEM_Tall_early,0.0,1.0,103.084393946258,59.4777387535029,90.1399141294954,82.4324704880424,190.027292111915
216,B310,BGEM-0180-S,1127.0,27.0,3.0,1.0,1.0,Inbred,HN,2022.0,BGEM_Short_early,0.0,2.0,100.90098243937,63.0661237258372,65.246061022046,122.425000001911,167.499999995546
217,B311,BGEM-0181-N,1193.0,43.0,4.0,1.0,1.0,Inbred,HN,2022.0,BGEM_Short_late,0.0,2.0,91.3700661182325,61.5211890989292,100.261610020493,120.000000001911,167.499999995546
218,B312,BGEM-0121-N,1152.0,2.0,4.0,1.0,1.0,Inbred,HN,2022.0,BGEM_Tall_late,0.0,1.0,103.57598243937,67.0161237258372,91.696061022046,142.900000001911,204.249999995546
219,B313,BGEM-0251-S,1311.0,11.0,7.0,1.0,1.0,Inbred,HN,2022.0,BGEM_Tall_early,0.0,1.0,98.7318987605073,58.4110583527453,85.3805120235991,146.175000001911,195.249999995546
220,B314,BGEM-0189-S,1265.0,15.0,6.0,1.0,1.0,Inbred,HN,2022.0,BGEM_Tall_early,0.0,1.0,102.92598243937,66.3661237258372,88.9460610220461,146.750000001911,200.249999995546
221,B315,BGEM-0249-N,1189.0,39.0,4.0,1.0,1.0,Inbred,HN,2022.0,BGEM_Short_late,0.0,2.0,97.8200661182325,58.6961890989292,71.261610020493,119.500000001911,161.999999995546
0,B001,BGEM-0001-N,2338.0,38.0,7.0,2.0,1.0,Inbred,LN,2022.0,BGEM_Tall_early,0.0,2.0,81.2386263631306,52.7999999990904,66.1250000000317,124.950000006302,176.499999992925
1,B002,BGEM-0002-N,2339.0,39.0,7.0,2.0,1.0,Inbred,LN,2022.0,BGEM_Tall_early,,,76.9579336556776,49.3495386185021,63.5009372525419,126.161572740945,164.604782604816
2,B003,BGEM-0003-N,2136.0,36.0,3.0,2.0,1.0,Inbred,LN,2022.0,BGEM_Tall_late,0.0,1.0,106.252852529549,58.5249999990904,81.9000000000317,131.575000006302,182.249999992925
3,B004,BGEM-0004-N,2273.0,23.0,6.0,2.0,1.0,Inbred,LN,2022.0,BGEM_Short_late,0.0,2.0,68.9386263631306,40.4499999990904,69.8750000000317,109.050000006302,143.249999992925
4,B005,BGEM-0005-N,2346.0,46.0,7.0,2.0,1.0,Inbred,LN,2022.0,BGEM_Tall_early,0.0,2.0,85.9136263631306,51.9499999990904,72.7500000000317,122.500000006302,166.499999992925
5,B006,BGEM-0006-S,2347.0,47.0,7.0,2.0,1.0,Inbred,LN,2022.0,BGEM_Tall_early,0.0,2.0,86.57073944634,51.0249999990904,70.6500000000317,118.000000006302,165.249999992925
6,B007,BGEM-0007-S,2195.0,45.0,4.0,2.0,1.0,Inbred,LN,2022.0,BGEM_Tall_early,0.0,1.0,98.8778525295493,59.1249999990904,77.3000000000317,146.225000006302,185.999999992925
7,B008,BGEM-0008-S,2003.0,3.0,1.0,2.0,1.0,Inbred,LN,2022.0,BGEM_Short_early,0.0,1.0,92.3721598220962,50.949538618502,70.0009372525419,132.161572740945,173.104782604816
8,B009,BGEM-0010-S,2053.0,3.0,2.0,2.0,1.0,Inbred,LN,2022.0,BGEM_Short_early,0.0,2.0,90.29573944634,50.0499999990904,63.5750000000317,118.125000006302,158.499999992925
9,B010,BGEM-0011-S,2092.0,42.0,2.0,2.0,1.0,Inbred,LN,2022.0,BGEM_Tall_late,0.0,2.0,101.263626363131,57.8499999990904,65.6250000000317,125.150000006302,169.999999992925
10,B011,BGEM-0012-S,2071.0,21.0,2.0,2.0,1.0,Inbred,LN,2022.0,BGEM_Short_early,0.0,1.0,78.9778525295493,46.4499999990904,57.7750000000317,96.800000006302,136.249999992925
11,B012,BGEM-0013-S,2069.0,19.0,2.0,2.0,1.0,Inbred,LN,2022.0,BGEM_Short_early,0.0,2.0,86.37073944634,50.4749999990904,66.4250000000317,118.075000006302,159.499999992925
12,B013,BGEM-0014-S,2080.0,30.0,2.0,2.0,1.0,Inbred,LN,2022.0,BGEM_Tall_late,0.0,1.0,79.07073944634,45.1999999990904,67.7000000000317,94.200000006302,132.749999992925
13,B014,BGEM-0015-S,2031.0,31.0,1.0,2.0,1.0,Inbred,LN,2022.0,BGEM_Tall_late,0.0,2.0,96.5708327923828,59.0249999990904,63.8750000000317,131.350000006302,186.499999992925
14,B016,BGEM-0019-S,2178.0,28.0,4.0,2.0,1.0,Inbred,LN,2022.0,BGEM_Tall_late,0.0,2.0,97.17073944634,55.4249999990904,85.3250000000317,138.500000006302,185.499999992925
15,B018,BGEM-0020-S,2011.0,11.0,1.0,2.0,1.0,Inbred,LN,2022.0,BGEM_Short_early,0.0,1.0,104.622159822096,52.899538618502,69.0009372525419,121.661572740945,168.104782604816
16,B019,BGEM-0021-S,2183.0,33.0,4.0,2.0,1.0,Inbred,LN,2022.0,BGEM_Tall_late,0.0,2.0,98.82073944634,58.2249999990904,68.1750000000317,128.075000006302,168.999999992925
17,B021,BGEM-0023-S,2072.0,22.0,2.0,2.0,1.0,Inbred,LN,2022.0,BGEM_Short_early,0.0,1.0,90.8778525295493,53.9249999990904,63.7250000000317,112.925000006302,157.499999992925
18,B022,BGEM-0024-S,2068.0,18.0,2.0,2.0,1.0,Inbred,LN,2022.0,BGEM_Short_early,0.0,2.0,87.14573944634,49.1499999990904,62.7000000000317,103.725000006302,147.249999992925
19,B023,BGEM-0025-S,2277.0,27.0,6.0,2.0,1.0,Inbred,LN,2022.0,BGEM_Tall_early,0.0,2.0,104.99573944634,61.4249999990904,76.3500000000317,144.050000006302,196.249999992925
20,B024,BGEM-0026-S,2173.0,23.0,4.0,2.0,1.0,Inbred,LN,2022.0,BGEM_Short_late,0.0,2.0,76.4136263631306,35.4249999990904,56.2750000000317,82.425000006302,109.999999992925
21,B025,BGEM-0027-S,2100.0,50.0,2.0,2.0,1.0,Inbred,LN,2022.0,BGEM_Tall_late,0.0,1.0,95.04573944634,59.6749999990904,69.0000000000317,130.200000006302,153.249999992925
22,B026,BGEM-0028-S,2259.0,9.0,6.0,2.0,1.0,Inbred,LN,2022.0,BGEM_Short_late,0.0,1.0,81.7028525295493,47.0749999990904,60.2250000000317,107.325000006302,147.999999992925
23,B027,BGEM-0030-S,2104.0,4.0,3.0,2.0,1.0,Inbred,LN,2022.0,BGEM_Short_early,0.0,2.0,83.14573944634,45.1249999990904,75.6250000000317,104.725000006302,148.749999992925
24,B028,BGEM-0031-S,2326.0,26.0,7.0,2.0,1.0,Inbred,LN,2022.0,BGEM_Tall_early,0.0,2.0,88.4136263631306,48.2499999990904,70.7750000000317,125.050000006302,164.749999992925
25,B029,BGEM-0032-S,2013.0,13.0,1.0,2.0,1.0,Inbred,LN,2022.0,BGEM_Short_early,0.0,1.0,77.29573944634,47.8249999990904,46.8500000000317,93.725000006302,132.249999992925
26,B030,BGEM-0033-S,2150.0,50.0,3.0,2.0,1.0,Inbred,LN,2022.0,BGEM_Tall_late,0.0,1.0,95.0278525295493,58.3999999990904,86.9250000000317,128.825000006302,184.249999992925
27,B031,BGEM-0034-S,2316.0,16.0,7.0,2.0,1.0,Inbred,LN,2022.0,BGEM_Short_late,0.0,1.0,85.0221598220962,51.799538618502,53.5009372525419,103.661572740945,143.104782604816
28,B032,BGEM-0035-S,2208.0,8.0,5.0,2.0,1.0,Inbred,LN,2022.0,BGEM_Short_late,,,85.1579336556776,51.849538618502,62.5009372525419,114.161572740945,160.604782604816
29,B033,BGEM-0036-S,2210.0,10.0,5.0,2.0,1.0,Inbred,LN,2022.0,BGEM_Short_late,0.0,1.0,76.14573944634,40.8249999990904,62.1250000000317,101.175000006302,140.249999992925
30,B034,BGEM-0037-S,2061.0,11.0,2.0,2.0,1.0,Inbred,LN,2022.0,BGEM_Short_early,0.0,1.0,81.5778525295493,47.5499999990904,50.7000000000317,97.650000006302,139.249999992925
31,B035,BGEM-0038-N,2093.0,43.0,2.0,2.0,1.0,Inbred,LN,2022.0,BGEM_Tall_late,0.0,1.0,84.64573944634,51.7499999990904,65.6250000000317,107.200000006302,149.499999992925
32,B036,BGEM-0039-N,2014.0,14.0,1.0,2.0,1.0,Inbred,LN,2022.0,BGEM_Short_early,0.0,1.0,85.5221598220962,50.699538618502,72.0009372525419,118.161572740945,159.104782604816
33,B037,BGEM-0040-N,2109.0,9.0,3.0,2.0,1.0,Inbred,LN,2022.0,BGEM_Short_early,0.0,2.0,81.5221598220962,49.699538618502,87.0009372525419,108.161572740945,151.104782604816
34,B038,BGEM-0041-S,2289.0,39.0,6.0,2.0,1.0,Inbred,LN,2022.0,BGEM_Tall_early,0.0,1.0,93.87073944634,55.6249999990904,66.4250000000317,123.300000006302,169.999999992925
35,B039,BGEM-0042-S,2324.0,24.0,7.0,2.0,1.0,Inbred,LN,2022.0,BGEM_Short_late,0.0,1.0,85.39573944634,42.9499999990904,60.6250000000317,101.925000006302,139.249999992925
36,B040,BGEM-0043-S,2045.0,45.0,1.0,2.0,1.0,Inbred,LN,2022.0,BGEM_Tall_late,0.0,2.0,107.788626363131,61.9499999990904,76.7000000000317,139.875000006302,186.249999992925
37,B041,BGEM-0044-S,2345.0,45.0,7.0,2.0,1.0,Inbred,LN,2022.0,BGEM_Tall_early,0.0,2.0,94.9386263631306,56.5499999990904,82.1750000000317,128.750000006302,174.249999992925
38,B042,BGEM-0045-N,2228.0,28.0,5.0,2.0,1.0,Inbred,LN,2022.0,BGEM_Tall_early,0.0,1.0,99.6028525295493,59.3999999990904,81.3000000000317,136.900000006302,183.499999992925
39,B043,BGEM-0046-N,2246.0,46.0,5.0,2.0,1.0,Inbred,LN,2022.0,BGEM_Tall_early,0.0,1.0,85.6278525295493,49.3249999990904,61.6500000000317,120.800000006302,162.499999992925
40,B044,BGEM-0047-S,2007.0,7.0,1.0,2.0,1.0,Inbred,LN,2022.0,BGEM_Short_early,0.0,2.0,83.79573944634,48.4749999990904,39.5009372525419,102.661572740945,116.499999992924
41,B045,BGEM-0048-S,2204.0,4.0,5.0,2.0,1.0,Inbred,LN,2022.0,BGEM_Short_late,0.0,1.0,82.42073944634,48.8999999990904,63.0000000000317,105.725000006302,144.499999992925
42,B046,BGEM-0049-S,2193.0,43.0,4.0,2.0,1.0,Inbred,LN,2022.0,BGEM_Tall_early,0.0,1.0,100.702852529549,59.6749999990904,79.0750000000317,138.900000006302,184.999999992925
43,B047,BGEM-0050-S,2108.0,8.0,3.0,2.0,1.0,Inbred,LN,2022.0,BGEM_Short_early,0.0,1.0,92.1028525295493,51.1749999990904,64.7000000000317,120.550000006302,163.999999992925
44,B048,BGEM-0051-S,2089.0,39.0,2.0,2.0,1.0,Inbred,LN,2022.0,BGEM_Tall_late,0.0,1.0,97.32073944634,58.8249999990904,74.9500000000317,131.600000006302,176.499999992925
45,B049,BGEM-0052-S,2134.0,34.0,3.0,2.0,1.0,Inbred,LN,2022.0,BGEM_Tall_late,0.0,1.0,88.7028525295493,50.0749999990904,65.3500000000317,105.050000006302,147.499999992925
46,B050,BGEM-0055-S,2117.0,17.0,3.0,2.0,1.0,Inbred,LN,2022.0,BGEM_Short_early,0.0,2.0,84.0136263631306,46.1749999990904,59.4500000000317,109.125000006302,150.499999992925
47,B051,BGEM-0056-S,2086.0,36.0,2.0,2.0,1.0,Inbred,LN,2022.0,BGEM_Tall_late,0.0,1.0,91.7778525295493,53.6999999990904,59.8250000000317,120.400000006302,158.749999992925
48,B052,BGEM-0057-S,2186.0,36.0,4.0,2.0,1.0,Inbred,LN,2022.0,BGEM_Tall_late,0.0,1.0,86.5778525295493,45.4999999990904,59.1000000000317,98.325000006302,136.999999992925
49,B053,BGEM-0059-S,2306.0,6.0,7.0,2.0,1.0,Inbred,LN,2022.0,BGEM_Short_late,0.0,2.0,80.3386263631306,44.2499999990904,68.7750000000317,107.800000006302,144.999999992925
50,B054,BGEM-0060-S,2132.0,32.0,3.0,2.0,1.0,Inbred,LN,2022.0,BGEM_Tall_late,0.0,2.0,96.52073944634,59.8499999990904,79.2000000000317,129.525000006302,182.749999992925
51,B055,BGEM-0061-N,2143.0,43.0,3.0,2.0,1.0,Inbred,LN,2022.0,BGEM_Tall_late,0.0,1.0,84.4778525295493,54.4749999990904,71.0250000000317,130.550000006302,173.999999992925
52,B056,BGEM-0062-N,2281.0,31.0,6.0,2.0,1.0,Inbred,LN,2022.0,BGEM_Tall_early,0.0,2.0,90.4136263631306,46.7249999990904,71.7000000000317,128.600000006302,175.749999992925
53,B057,BGEM-0063-N,2297.0,47.0,6.0,2.0,1.0,Inbred,LN,2022.0,BGEM_Tall_early,0.0,2.0,101.52073944634,61.8749999990904,79.0000000000317,143.950000006302,196.249999992925
54,B058,BGEM-0064-N,2184.0,34.0,4.0,2.0,1.0,Inbred,LN,2022.0,BGEM_Tall_late,0.0,2.0,88.89573944634,47.5499999990904,93.9500000000317,151.750000006302,158.249999992925
55,B059,BGEM-0065-N,2040.0,40.0,1.0,2.0,1.0,Inbred,LN,2022.0,BGEM_Tall_late,0.0,2.0,100.313626363131,61.3499999990904,92.7750000000317,144.975000006302,189.249999992925
56,B060,BGEM-0066-N,2112.0,12.0,3.0,2.0,1.0,Inbred,LN,2022.0,BGEM_Short_early,0.0,2.0,76.94573944634,39.9499999990904,58.2750000000317,91.800000006302,129.749999992925
57,B061,BGEM-0067-S,2216.0,16.0,5.0,2.0,1.0,Inbred,LN,2022.0,BGEM_Short_late,0.0,1.0,86.72073944634,52.4749999990904,59.9250000000317,107.450000006302,147.249999992925
58,B062,BGEM-0068-S,2052.0,2.0,2.0,2.0,1.0,Inbred,LN,2022.0,BGEM_Short_early,0.0,2.0,81.39573944634,46.0499999990904,55.4500000000317,103.925000006302,144.999999992925
59,B064,BGEM-0069-S,2044.0,44.0,1.0,2.0,1.0,Inbred,LN,2022.0,BGEM_Tall_late,0.0,2.0,100.488626363131,59.3249999990904,76.3750000000317,136.125000006302,182.999999992925
60,B065,BGEM-0070-S,2127.0,27.0,3.0,2.0,1.0,Inbred,LN,2022.0,BGEM_Tall_late,0.0,2.0,93.6386263631306,55.4749999990904,68.7000000000317,122.850000006302,169.499999992925
61,B066,BGEM-0071-S,2206.0,6.0,5.0,2.0,1.0,Inbred,LN,2022.0,BGEM_Short_late,0.0,2.0,61.6386263631306,34.4249999990904,57.3750000000317,92.425000006302,124.999999992925
62,B067,BGEM-0072-S,2179.0,29.0,4.0,2.0,1.0,Inbred,LN,2022.0,BGEM_Tall_late,0.0,2.0,86.97073944634,51.0749999990904,60.2000000000317,113.600000006302,162.749999992925
63,B068,BGEM-0073-S,2202.0,2.0,5.0,2.0,1.0,Inbred,LN,2022.0,BGEM_Short_late,0.0,1.0,79.6079336556776,50.999538618502,56.5009372525419,84.1615727409452,130.104782604816
64,B071,BGEM-0077-S,2063.0,13.0,2.0,2.0,1.0,Inbred,LN,2022.0,BGEM_Short_early,0.0,2.0,84.27073944634,47.1999999990904,53.5750000000317,112.925000006302,151.249999992925
65,B072,BGEM-0078-N,2231.0,31.0,5.0,2.0,1.0,Inbred,LN,2022.0,BGEM_Tall_early,0.0,1.0,88.7278525295493,44.2499999990904,64.8000000000317,126.025000006302,164.749999992925
66,B073,BGEM-0079-S,2023.0,23.0,1.0,2.0,1.0,Inbred,LN,2022.0,BGEM_Short_early,0.0,1.0,91.5028525295493,54.3249999990904,60.5250000000317,118.825000006302,160.999999992925
67,B074,BGEM-0080-S,2015.0,15.0,1.0,2.0,1.0,Inbred,LN,2022.0,BGEM_Short_early,0.0,1.0,89.1778525295493,52.9999999990904,59.9000000000317,121.675000006302,160.749999992925
68,B075,BGEM-0081-S,2333.0,33.0,7.0,2.0,1.0,Inbred,LN,2022.0,BGEM_Tall_early,0.0,1.0,97.84573944634,54.0499999990904,78.7500000000317,137.000000006302,183.499999992925
69,B076,BGEM-0082-S,2020.0,20.0,1.0,2.0,1.0,Inbred,LN,2022.0,BGEM_Short_early,0.0,2.0,78.59573944634,42.8249999990904,44.2000000000317,87.550000006302,119.749999992925
70,B077,BGEM-0083-S,2161.0,11.0,4.0,2.0,1.0,Inbred,LN,2022.0,BGEM_Short_early,0.0,1.0,89.1528525295493,48.3749999990904,69.4250000000317,121.800000006302,161.749999992925
71,B078,BGEM-0085-N,2064.0,14.0,2.0,2.0,1.0,Inbred,LN,2022.0,BGEM_Short_early,0.0,2.0,81.5636263631306,46.8499999990904,70.2000000000317,115.125000006302,151.499999992925
72,B079,BGEM-0086-N,2243.0,43.0,5.0,2.0,1.0,Inbred,LN,2022.0,BGEM_Tall_early,0.0,1.0,83.0028525295493,47.6499999990904,74.8500000000317,125.275000006302,172.749999992925
73,B080,BGEM-0087-N,2144.0,44.0,3.0,2.0,1.0,Inbred,LN,2022.0,BGEM_Tall_late,0.0,1.0,93.4278525295493,58.4999999990904,84.0500000000317,135.450000006302,182.249999992925
74,B081,BGEM-0088-N,2220.0,20.0,5.0,2.0,1.0,Inbred,LN,2022.0,BGEM_Short_late,0.0,1.0,89.29573944634,46.1749999990904,69.2000000000317,110.125000006302,148.249999992925
75,B082,BGEM-0089-N,2214.0,14.0,5.0,2.0,1.0,Inbred,LN,2022.0,BGEM_Short_late,0.0,1.0,,,,,
76,B083,BGEM-0090-N,2315.0,15.0,7.0,2.0,1.0,Inbred,LN,2022.0,BGEM_Short_late,0.0,2.0,79.17073944634,44.9749999990904,60.8250000000317,111.000000006302,151.999999992925
77,B085,BGEM-0095-S,2123.0,23.0,3.0,2.0,1.0,Inbred,LN,2022.0,BGEM_Short_early,0.0,2.0,82.27073944634,42.6749999990904,56.4000000000317,97.125000006302,134.499999992925
78,B086,BGEM-0097-S,2318.0,18.0,7.0,2.0,1.0,Inbred,LN,2022.0,BGEM_Short_late,0.0,1.0,77.8778525295493,43.7749999990904,50.6250000000317,96.600000006302,128.999999992924
79,B087,BGEM-0099-S,2025.0,25.0,1.0,2.0,1.0,Inbred,LN,2022.0,BGEM_Short_early,0.0,2.0,83.64573944634,47.4749999990904,67.3500000000317,107.650000006302,149.999999992925
80,B090,BGEM-0107-N,2223.0,23.0,5.0,2.0,1.0,Inbred,LN,2022.0,BGEM_Short_late,0.0,1.0,86.07073944634,49.2999999990904,64.2500000000317,122.125000006302,161.499999992925
81,B091,BGEM-0108-S,2308.0,8.0,7.0,2.0,1.0,Inbred,LN,2022.0,BGEM_Short_late,0.0,2.0,88.1136263631306,48.4749999990904,61.3750000000317,108.000000006302,149.749999992925
82,B092,BGEM-0110-N,2298.0,48.0,6.0,2.0,1.0,Inbred,LN,2022.0,BGEM_Tall_early,0.0,2.0,85.5386263631306,50.0749999990904,56.9000000000317,125.775000006302,163.999999992925
83,B093,BGEM-0111-S,2107.0,7.0,3.0,2.0,1.0,Inbred,LN,2022.0,BGEM_Short_early,0.0,1.0,80.1278525295493,45.7249999990904,54.5000000000317,110.450000006302,152.249999992925
84,B094,BGEM-0112-S,2074.0,24.0,2.0,2.0,1.0,Inbred,LN,2022.0,BGEM_Short_early,0.0,1.0,86.6528525295493,52.4249999990904,63.0750000000317,114.450000006302,161.499999992925
85,B095,BGEM-0113-S,2004.0,4.0,1.0,2.0,1.0,Inbred,LN,2022.0,BGEM_Short_early,0.0,2.0,89.77073944634,51.7249999990904,62.9000000000317,118.850000006302,162.999999992925
86,B096,BGEM-0114-S,2021.0,21.0,1.0,2.0,1.0,Inbred,LN,2022.0,BGEM_Short_early,0.0,1.0,89.0778525295493,51.7249999990904,55.8750000000317,108.475000006302,151.499999992925
87,B097,BGEM-0115-S,2160.0,10.0,4.0,2.0,1.0,Inbred,LN,2022.0,BGEM_Short_early,0.0,1.0,79.0778525295493,45.9499999990904,62.6000000000317,118.000000006302,162.749999992925
88,B098,BGEM-0116-S,2154.0,4.0,4.0,2.0,1.0,Inbred,LN,2022.0,BGEM_Short_early,0.0,1.0,81.89573944634,48.7749999990904,58.2000000000317,110.650000006302,153.999999992925
89,B099,BGEM-0117-S,2062.0,12.0,2.0,2.0,1.0,Inbred,LN,2022.0,BGEM_Short_early,0.0,1.0,80.7778525295493,47.0999999990904,53.7500000000317,111.575000006302,153.249999992925
90,B100,BGEM-0118-S,2012.0,12.0,1.0,2.0,1.0,Inbred,LN,2022.0,BGEM_Short_early,0.0,1.0,85.9778525295493,52.6749999990904,53.0500000000317,113.075000006302,158.999999992925
91,B102,BGEM-0122-N,2236.0,36.0,5.0,2.0,1.0,Inbred,LN,2022.0,BGEM_Tall_early,0.0,1.0,81.9528525295493,47.7749999990904,62.5500000000317,113.650000006302,155.249999992925
92,B103,BGEM-0123-N,2060.0,10.0,2.0,2.0,1.0,Inbred,LN,2022.0,BGEM_Short_early,0.0,1.0,74.8028525295493,44.1249999990904,62.8000000000317,105.775000006302,138.999999992925
93,B104,BGEM-0124-N,2141.0,41.0,3.0,2.0,1.0,Inbred,LN,2022.0,BGEM_Tall_late,0.0,1.0,91.6778525295493,58.2999999990904,74.0750000000317,136.200000006302,183.249999992925
94,B105,BGEM-0125-N,2197.0,47.0,4.0,2.0,1.0,Inbred,LN,2022.0,BGEM_Tall_early,0.0,1.0,80.8278525295493,50.8249999990904,70.1000000000317,121.725000006302,165.999999992925
95,B107,BGEM-0129-N,2110.0,10.0,3.0,2.0,1.0,Inbred,LN,2022.0,BGEM_Short_early,0.0,2.0,79.8386263631306,46.2999999990904,65.0750000000317,101.675000006302,140.749999992925
96,B109,BGEM-0131-N,2135.0,35.0,3.0,2.0,1.0,Inbred,LN,2022.0,BGEM_Tall_late,0.0,1.0,81.6028525295493,46.0999999990904,63.0250000000317,110.225000006302,148.749999992925
97,B110,BGEM-0133-S,2348.0,48.0,7.0,2.0,1.0,Inbred,LN,2022.0,BGEM_Tall_early,0.0,2.0,86.5957789525125,51.1499999990904,66.5750000000317,115.350000006302,158.749999992925
98,B111,BGEM-0134-S,2096.0,46.0,2.0,2.0,1.0,Inbred,LN,2022.0,BGEM_Tall_late,0.0,1.0,98.82073944634,62.5749999990904,89.4250000000317,143.500000006302,189.999999992925
99,B112,BGEM-0136-S,2009.0,9.0,1.0,2.0,1.0,Inbred,LN,2022.0,BGEM_Short_early,0.0,1.0,77.5721598220962,51.649538618502,61.0009372525419,85.6615727409451,125.104782604816
100,B113,BGEM-0137-S,2103.0,3.0,3.0,2.0,1.0,Inbred,LN,2022.0,BGEM_Short_early,0.0,2.0,86.99573944634,51.5999999990904,57.7250000000317,110.800000006302,152.999999992925
101,B114,BGEM-0138-S,2247.0,47.0,5.0,2.0,1.0,Inbred,LN,2022.0,BGEM_Tall_early,0.0,1.0,90.8528525295493,54.6499999990904,74.0000000000317,124.525000006302,169.749999992925
102,B115,BGEM-0140-N,2005.0,5.0,1.0,2.0,1.0,Inbred,LN,2022.0,BGEM_Short_early,1.0,1.25,82.3277014397933,51.7999999990904,60.1500000000317,112.325000006302,154.499999992925
103,B117,BGEM-0143-N,2291.0,41.0,6.0,2.0,1.0,Inbred,LN,2022.0,BGEM_Tall_early,0.0,2.0,87.22073944634,49.0249999990904,73.6250000000317,120.400000006302,164.249999992925
104,B118,BGEM-0144-N,2189.0,39.0,4.0,2.0,1.0,Inbred,LN,2022.0,BGEM_Tall_early,0.0,1.0,81.1028525295493,52.9499999990904,77.9250000000317,124.175000006302,169.999999992925
105,B119,BGEM-0145-N,2234.0,34.0,5.0,2.0,1.0,Inbred,LN,2022.0,BGEM_Tall_early,0.0,1.0,70.3278525295493,34.5499999990904,64.8500000000317,111.100000006302,141.499999992925
106,B120,BGEM-0146-N,2239.0,39.0,5.0,2.0,1.0,Inbred,LN,2022.0,BGEM_Tall_early,0.0,2.0,95.9636263631306,60.0749999990904,73.6000000000317,142.325000006302,189.999999992925
107,B121,BGEM-0147-S,2299.0,49.0,6.0,2.0,1.0,Inbred,LN,2022.0,BGEM_Tall_early,0.0,1.0,95.74573944634,56.8249999990904,71.0250000000317,128.225000006302,170.499999992925
108,B122,BGEM-0148-S,2227.0,27.0,5.0,2.0,1.0,Inbred,LN,2022.0,BGEM_Tall_early,0.0,1.0,90.0028525295493,49.3999999990904,59.2000000000317,122.350000006302,162.999999992925
109,B123,BGEM-0149-S,2158.0,8.0,4.0,2.0,1.0,Inbred,LN,2022.0,BGEM_Short_early,0.0,1.0,88.3579336556776,52.549538618502,59.0009372525419,111.161572740945,154.104782604816
110,B124,BGEM-0150-S,2151.0,1.0,4.0,2.0,1.0,Inbred,LN,2022.0,BGEM_Short_early,0.0,1.0,60.4278525295493,27.0999999990904,46.2750000000317,80.050000006302,111.999999992925
111,B125,BGEM-0151-N,2264.0,14.0,6.0,2.0,1.0,Inbred,LN,2022.0,BGEM_Short_late,0.0,1.0,80.24573944634,45.8249999990904,53.3750000000317,108.075000006302,141.999999992925
112,B128,BGEM-0154-S,2101.0,1.0,3.0,2.0,1.0,Inbred,LN,2022.0,BGEM_Short_early,0.0,2.0,89.04573944634,50.4749999990904,78.4000000000317,117.975000006302,166.999999992925
113,B130,BGEM-0156-S,2292.0,42.0,6.0,2.0,1.0,Inbred,LN,2022.0,BGEM_Tall_early,0.0,1.0,73.1778525295493,41.2499999990904,65.6250000000317,106.300000006302,144.999999992925
114,B131,BGEM-0157-N,2312.0,12.0,7.0,2.0,1.0,Inbred,LN,2022.0,BGEM_Short_late,0.0,2.0,83.32073944634,44.6499999990904,65.6500000000317,113.375000006302,149.999999992925
115,B132,BGEM-0158-S,2128.0,28.0,3.0,2.0,1.0,Inbred,LN,2022.0,BGEM_Tall_late,0.0,1.0,102.152852529549,61.7499999990904,76.3250000000317,135.200000006302,189.249999992925
116,B134,BGEM-0159-S,2181.0,31.0,4.0,2.0,1.0,Inbred,LN,2022.0,BGEM_Tall_late,0.0,2.0,96.97073944634,55.7749999990904,92.9000000000317,141.225000006302,190.249999992924
117,B136,BGEM-0162-S,2156.0,6.0,4.0,2.0,1.0,Inbred,LN,2022.0,BGEM_Short_early,0.0,1.0,86.09573944634,50.3749999990904,65.6250000000317,120.325000006302,158.749999992925
118,B137,BGEM-0164-S,2165.0,15.0,4.0,2.0,1.0,Inbred,LN,2022.0,BGEM_Short_late,0.0,2.0,84.1386263631306,49.4749999990904,58.8500000000317,105.900000006302,145.749999992925
119,B138,BGEM-0165-S,2050.0,50.0,1.0,2.0,1.0,Inbred,LN,2022.0,BGEM_Tall_late,0.0,1.0,98.82073944634,60.2249999990904,86.7500000000317,142.275000006302,194.249999992925
120,B139,BGEM-0166-S,2032.0,32.0,1.0,2.0,1.0,Inbred,LN,2022.0,BGEM_Tall_late,0.0,1.0,113.82073944634,56.6249999990904,84.3500000000317,139.350000006302,184.999999992925
121,B140,BGEM-0167-S,2120.0,20.0,3.0,2.0,1.0,Inbred,LN,2022.0,BGEM_Short_early,0.0,2.0,86.82073944634,51.4499999990904,47.0009372525419,104.161572740945,117.499999992925
122,B142,BGEM-0170-S,2222.0,22.0,5.0,2.0,1.0,Inbred,LN,2022.0,BGEM_Short_late,0.0,1.0,83.14573944634,46.7499999990904,58.9500000000317,102.925000006302,143.999999992925
123,B143,BGEM-0172-S,2077.0,27.0,2.0,2.0,1.0,Inbred,LN,2022.0,BGEM_Tall_late,0.0,1.0,111.87073944634,67.8249999990904,80.6500000000317,160.025000006302,207.249999992925
124,B144,BGEM-0173-S,2307.0,7.0,7.0,2.0,1.0,Inbred,LN,2022.0,BGEM_Short_late,0.0,2.0,81.3386263631306,44.3749999990904,63.1750000000317,105.275000006302,145.749999992925
125,B145,BGEM-0174-N,2215.0,15.0,5.0,2.0,1.0,Inbred,LN,2022.0,BGEM_Short_late,0.0,1.0,79.8579336556776,50.299538618502,54.0009372525419,84.1615727409452,119.104782604816
126,B146,BGEM-0175-S,2138.0,38.0,3.0,2.0,1.0,Inbred,LN,2022.0,BGEM_Tall_late,0.0,2.0,97.09573944634,55.6749999990904,71.8250000000317,124.100000006302,168.499999992925
127,B147,BGEM-0178-S,2042.0,42.0,1.0,2.0,1.0,Inbred,LN,2022.0,BGEM_Tall_late,0.0,2.0,109.163626363131,67.0749999990904,72.6500000000317,152.675000006302,205.499999992925
128,B148,BGEM-0179-S,2017.0,17.0,1.0,2.0,1.0,Inbred,LN,2022.0,BGEM_Short_early,0.0,1.0,106.477852529549,66.3749999990904,70.5750000000317,141.625000006302,190.499999992925
129,B149,BGEM-0182-N,2250.0,50.0,5.0,2.0,1.0,Inbred,LN,2022.0,BGEM_Tall_early,0.0,1.0,94.3778525295493,59.6499999990904,68.4000000000317,132.150000006302,179.499999992925
130,B150,BGEM-0184-N,2059.0,9.0,2.0,2.0,1.0,Inbred,LN,2022.0,BGEM_Short_early,0.0,1.0,79.9778525295493,43.0749999990904,63.9500000000317,109.500000006302,142.249999992925
131,B151,BGEM-0186-S,2323.0,23.0,7.0,2.0,1.0,Inbred,LN,2022.0,BGEM_Short_late,0.0,1.0,76.37073944634,40.4999999990904,50.9750000000317,100.725000006302,138.999999992925
132,B152,BGEM-0187-S,2221.0,21.0,5.0,2.0,1.0,Inbred,LN,2022.0,BGEM_Short_late,0.0,1.0,82.02073944634,41.0999999990904,55.2500000000317,94.050000006302,127.499999992925
133,B153,BGEM-0188-S,2091.0,41.0,2.0,2.0,1.0,Inbred,LN,2022.0,BGEM_Tall_late,0.0,2.0,96.6886263631306,60.1999999990904,71.7000000000317,127.425000006302,178.999999992925
134,B154,BGEM-0190-N,2257.0,7.0,6.0,2.0,1.0,Inbred,LN,2022.0,BGEM_Short_late,0.0,1.0,74.9278525295493,39.1999999990904,60.2750000000317,101.425000006302,136.749999992925
135,B155,BGEM-0191-N,2253.0,3.0,6.0,2.0,1.0,Inbred,LN,2022.0,BGEM_Short_late,0.0,1.0,71.7721598220962,49.399538618502,57.5009372525419,76.6615727409452,110.104782604816
136,B160,BGEM-0197-S,2075.0,25.0,2.0,2.0,1.0,Inbred,LN,2022.0,BGEM_Short_early,0.0,1.0,90.6028525295493,50.8249999990904,69.6750000000317,116.375000006302,158.749999992925
137,B161,BGEM-0198-S,2192.0,42.0,4.0,2.0,1.0,Inbred,LN,2022.0,BGEM_Tall_early,0.0,1.0,95.0028525295493,60.0999999990904,81.0500000000317,125.500000006302,187.499999992925
138,B162,BGEM-0199-S,2235.0,35.0,5.0,2.0,1.0,Inbred,LN,2022.0,BGEM_Tall_early,0.0,1.0,81.2721598220962,50.8495386185021,71.0009372525419,123.661572740945,169.104782604816
139,B163,BGEM-0200-S,2266.0,16.0,6.0,2.0,1.0,Inbred,LN,2022.0,BGEM_Short_late,0.0,1.0,78.82073944634,51.0249999990904,82.0750000000317,119.025000006302,164.499999992925
140,B165,BGEM-0202-N,2152.0,2.0,4.0,2.0,1.0,Inbred,LN,2022.0,BGEM_Short_early,0.0,1.0,65.92073944634,33.6749999990904,60.8250000000317,106.250000006302,125.499999992924
141,B169,BGEM-0206-N,2198.0,48.0,4.0,2.0,1.0,Inbred,LN,2022.0,BGEM_Tall_early,0.0,1.0,75.7028525295493,50.0499999990904,72.9750000000317,105.650000006302,149.999999992925
142,B170,BGEM-0207-N,2153.0,3.0,4.0,2.0,1.0,Inbred,LN,2022.0,BGEM_Short_early,0.0,1.0,70.07073944634,39.8749999990904,63.5250000000317,101.675000006302,140.999999992925
143,B171,BGEM-0208-N,2182.0,32.0,4.0,2.0,1.0,Inbred,LN,2022.0,BGEM_Tall_late,0.0,1.0,105.302852529549,64.2999999990903,123.800000000032,173.375000006302,219.499999992925
144,B173,BGEM-0210-N,2039.0,39.0,1.0,2.0,1.0,Inbred,LN,2022.0,BGEM_Tall_late,0.0,2.0,101.713626363131,62.4499999990904,90.0750000000317,132.175000006302,187.249999992925
145,B175,BGEM-0212-N,2337.0,37.0,7.0,2.0,1.0,Inbred,LN,2022.0,BGEM_Tall_early,0.0,2.0,86.9886263631306,51.8249999990904,73.0500000000317,128.650000006302,168.499999992925
146,B176,BGEM-0213-S,2085.0,35.0,2.0,2.0,1.0,Inbred,LN,2022.0,BGEM_Tall_late,0.0,1.0,96.5528525295493,60.6499999990904,89.8250000000317,139.400000006302,185.999999992925
147,B177,BGEM-0214-S,2018.0,18.0,1.0,2.0,1.0,Inbred,LN,2022.0,BGEM_Short_early,0.0,2.0,89.54573944634,52.1499999990904,68.0500000000317,108.875000006302,159.749999992925
148,B180,BGEM-0217-S,2248.0,48.0,5.0,2.0,1.0,Inbred,LN,2022.0,BGEM_Tall_early,0.0,1.0,88.2778525295493,46.0499999990904,72.1500000000317,116.200000006302,157.499999992925
149,B181,BGEM-0218-S,2302.0,2.0,7.0,2.0,1.0,Inbred,LN,2022.0,BGEM_Short_late,0.0,1.0,79.5579336556776,50.699538618502,63.5009372525419,107.161572740945,149.104782604816
150,B182,BGEM-0219-S,2111.0,11.0,3.0,2.0,1.0,Inbred,LN,2022.0,BGEM_Short_early,0.0,2.0,87.8886263631306,51.3749999990904,63.4000000000317,109.525000006302,151.749999992925
151,B183,BGEM-0220-S,2172.0,22.0,4.0,2.0,1.0,Inbred,LN,2022.0,BGEM_Short_late,0.0,2.0,91.24573944634,56.2749999990904,71.7750000000317,119.100000006302,166.499999992925
152,B185,BGEM-0222-S,2022.0,22.0,1.0,2.0,1.0,Inbred,LN,2022.0,BGEM_Short_early,0.0,2.0,88.04573944634,54.3999999990904,72.7000000000317,118.450000006302,163.499999992925
153,B186,BGEM-0223-N,2142.0,42.0,3.0,2.0,1.0,Inbred,LN,2022.0,BGEM_Tall_late,0.0,1.0,87.9221598220962,51.9995386185021,68.5009372525419,105.661572740945,146.604782604816
154,B187,BGEM-0224-N,2270.0,20.0,6.0,2.0,1.0,Inbred,LN,2022.0,BGEM_Short_late,0.0,2.0,79.0136263631306,43.2499999990904,65.0250000000317,98.950000006302,137.749999992925
155,B188,BGEM-0225-N,2224.0,24.0,5.0,2.0,1.0,Inbred,LN,2022.0,BGEM_Short_late,0.0,1.0,86.7278525295493,53.9249999990904,64.7250000000317,104.400000006302,152.499999992925
156,B189,BGEM-0226-S,2225.0,25.0,5.0,2.0,1.0,Inbred,LN,2022.0,BGEM_Short_late,0.0,1.0,77.7528525295493,42.2999999990904,59.3000000000317,105.825000006302,141.749999992925
157,B190,BGEM-0227-N,2121.0,21.0,3.0,2.0,1.0,Inbred,LN,2022.0,BGEM_Short_early,0.0,2.0,85.2886263631306,48.8749999990904,73.1250000000317,101.400000006302,144.249999992925
158,B191,BGEM-0228-N,2171.0,21.0,4.0,2.0,1.0,Inbred,LN,2022.0,BGEM_Short_late,0.0,2.0,83.37073944634,47.3749999990904,72.0250000000317,120.225000006302,157.249999992925
159,B194,BGEM-0231-N,2038.0,38.0,1.0,2.0,1.0,Inbred,LN,2022.0,BGEM_Tall_late,0.0,1.0,100.34573944634,57.2749999990904,74.9750000000317,121.225000006302,159.249999992925
160,B195,BGEM-0233-S,2140.0,40.0,3.0,2.0,1.0,Inbred,LN,2022.0,BGEM_Tall_late,0.0,2.0,100.77073944634,60.2499999990904,84.1250000000317,145.475000006302,197.249999992925
161,B197,BGEM-0236-S,2190.0,40.0,4.0,2.0,1.0,Inbred,LN,2022.0,BGEM_Tall_early,0.0,1.0,87.3778525295493,51.8249999990904,79.8750000000317,116.900000006302,161.749999992925
162,B198,BGEM-0237-N,2034.0,34.0,1.0,2.0,1.0,Inbred,LN,2022.0,BGEM_Tall_late,0.0,2.0,88.5636263631306,50.6749999990904,77.5009372525419,140.161572740945,161.249999992925
163,B201,BGEM-0242-N,2163.0,13.0,4.0,2.0,1.0,Inbred,LN,2022.0,BGEM_Short_late,0.0,1.0,75.39573944634,43.0749999990904,55.9750000000317,96.075000006302,133.999999992925
164,B202,BGEM-0243-S,2240.0,40.0,5.0,2.0,1.0,Inbred,LN,2022.0,BGEM_Tall_early,0.0,2.0,84.37073944634,49.2749999990904,68.5750000000317,125.125000006302,169.499999992925
165,B204,BGEM-0246-N,2175.0,25.0,4.0,2.0,1.0,Inbred,LN,2022.0,BGEM_Short_late,0.0,2.0,82.4136263631306,50.8749999990904,53.5750000000317,111.525000006302,147.749999992925
166,B205,BGEM-0247-N,2304.0,4.0,7.0,2.0,1.0,Inbred,LN,2022.0,BGEM_Short_late,0.0,2.0,75.2636263631306,37.2749999990904,61.5009372525419,84.1615727409452,98.7499999929245
167,B206,BGEM-0248-N,2344.0,44.0,7.0,2.0,1.0,Inbred,LN,2022.0,BGEM_Tall_early,0.0,2.0,94.3636263631306,60.9999999990904,81.1500000000317,139.125000006302,197.749999992925
168,B207,BGEM-0250-S,2083.0,33.0,2.0,2.0,1.0,Inbred,LN,2022.0,BGEM_Tall_late,0.0,1.0,105.62073944634,60.4999999990904,88.0500000000317,143.350000006302,185.999999992925
169,B209,BGEM-0252-S,2095.0,45.0,2.0,2.0,1.0,Inbred,LN,2022.0,BGEM_Tall_late,0.0,1.0,98.57073944634,59.0499999990904,83.6500000000317,139.025000006302,186.999999992925
170,B210,BGEM-0253-N,2113.0,13.0,3.0,2.0,1.0,Inbred,LN,2022.0,BGEM_Short_early,0.0,2.0,87.4636263631306,50.2499999990904,62.3500000000317,105.500000006302,103.499999992924
171,B211,BGEM-0254-S,2341.0,41.0,7.0,2.0,1.0,Inbred,LN,2022.0,BGEM_Tall_early,0.0,2.0,89.5386263631306,54.3749999990904,69.1250000000317,128.750000006302,160.999999992925
172,B212,BGEM-0255-S,2054.0,4.0,2.0,2.0,1.0,Inbred,LN,2022.0,BGEM_Short_early,0.0,2.0,84.79573944634,51.1499999990904,77.4500000000317,121.975000006302,161.499999992925
173,B214,BGEM-0257-S,2146.0,46.0,3.0,2.0,1.0,Inbred,LN,2022.0,BGEM_Tall_late,0.0,1.0,83.3028525295493,47.1499999990904,66.6000000000317,122.725000006302,140.249999992925
174,B215,BGEM-0258-S,2293.0,43.0,6.0,2.0,1.0,Inbred,LN,2022.0,BGEM_Tall_early,0.0,1.0,72.4028525295493,38.9499999990904,59.1750000000317,105.500000006302,135.499999992925
175,B225,BGEM-0270-S,2271.0,21.0,6.0,2.0,1.0,Inbred,LN,2022.0,BGEM_Short_late,0.0,2.0,96.7886263631306,54.1499999990904,72.5500000000317,124.150000006302,169.999999992925
176,B226,BGEM-0272-S,2282.0,32.0,6.0,2.0,1.0,Inbred,LN,2022.0,BGEM_Tall_early,,,86.2721598220962,52.349538618502,60.5009372525419,127.161572740945,169.104782604816
177,B231,BGEM-0280-S,2200.0,50.0,4.0,2.0,1.0,Inbred,LN,2022.0,BGEM_Tall_early,0.0,1.0,94.6028525295493,54.8749999990904,74.0000000000317,118.225000006302,165.749999992925
178,B236,BGEM-0285-N,2319.0,19.0,7.0,2.0,1.0,Inbred,LN,2022.0,BGEM_Short_late,0.0,1.0,84.1028525295493,42.8499999990904,80.6250000000317,124.825000006302,170.999999992925
179,B238,BGEM-0287-N,2305.0,5.0,7.0,2.0,1.0,Inbred,LN,2022.0,BGEM_Short_late,0.0,2.0,74.2136263631306,40.1249999990904,60.6750000000317,102.650000006302,140.999999992924
180,B239,BGEM-0288-S,2217.0,17.0,5.0,2.0,1.0,Inbred,LN,2022.0,BGEM_Short_late,0.0,1.0,97.14573944634,56.6749999990904,87.3250000000317,134.450000006302,183.249999992924
181,B243,BGEM-0292-S,2028.0,28.0,1.0,2.0,1.0,Inbred,LN,2022.0,BGEM_Tall_late,0.0,2.0,91.47073944634,50.3749999990904,61.5750000000317,123.975000006302,163.749999992925
182,B246,BGEM-0295-S,2226.0,26.0,5.0,2.0,1.0,Inbred,LN,2022.0,BGEM_Tall_early,0.0,1.0,94.6778525295493,58.6249999990904,71.3250000000317,130.325000006302,181.499999992924
183,B247,BGEM-0296-S,2262.0,12.0,6.0,2.0,1.0,Inbred,LN,2022.0,BGEM_Short_late,0.0,1.0,80.54573944634,44.9749999990904,54.1250000000317,103.850000006302,142.749999992924
184,B248,BGEM-0297-N,2310.0,10.0,7.0,2.0,1.0,Inbred,LN,2022.0,BGEM_Short_late,0.0,2.0,93.3636263631306,54.1749999990904,75.5000000000317,120.950000006302,161.749999992925
185,B251,BGEM-0300-S,2230.0,30.0,5.0,2.0,1.0,Inbred,LN,2022.0,BGEM_Tall_early,0.0,1.0,89.7778525295493,54.3499999990904,76.6250000000317,130.000000006302,177.749999992925
186,B252,BGEM-0301-S,2329.0,29.0,7.0,2.0,1.0,Inbred,LN,2022.0,BGEM_Tall_early,0.0,1.0,92.0221598220962,50.199538618502,90.0009372525419,131.161572740945,173.604782604816
187,B254,BGEM-0302-S,2233.0,33.0,5.0,2.0,1.0,Inbred,LN,2022.0,BGEM_Tall_early,0.0,1.0,84.5528525295493,47.1749999990904,53.8000000000317,103.800000006302,142.499999992924
188,B257,BGEM-0305-S,2213.0,13.0,5.0,2.0,1.0,Inbred,LN,2022.0,BGEM_Short_late,0.0,1.0,74.9778525295493,37.1499999990904,54.1500000000317,101.100000006302,139.999999992924
189,B259,BGEM-0307-S,2094.0,44.0,2.0,2.0,1.0,Inbred,LN,2022.0,BGEM_Tall_late,0.0,1.0,92.52073944634,56.3499999990904,74.6250000000317,127.200000006302,180.499999992924
190,B261,BGEM-0309-S,2130.0,30.0,3.0,2.0,1.0,Inbred,LN,2022.0,BGEM_Tall_late,0.0,2.0,96.04573944634,63.0999999990904,65.7000000000317,137.800000006302,186.999999992924
191,B262,BGEM-0310-S,2119.0,19.0,3.0,2.0,1.0,Inbred,LN,2022.0,BGEM_Short_early,0.0,2.0,88.5636263631306,48.3999999990904,69.3250000000317,120.900000006302,162.249999992925
192,B265,BGEM-0313-S,2276.0,26.0,6.0,2.0,1.0,Inbred,LN,2022.0,BGEM_Tall_early,0.0,2.0,87.77073944634,51.5499999990904,73.4000000000317,134.200000006302,179.499999992924
193,B267,BGEM-0315-S,2295.0,45.0,6.0,2.0,1.0,Inbred,LN,2022.0,BGEM_Tall_early,0.0,2.0,78.2636263631306,47.8999999990904,55.8500000000317,112.600000006302,149.749999992925
194,B268,BGEM-0316-S,2321.0,21.0,7.0,2.0,1.0,Inbred,LN,2022.0,BGEM_Short_late,0.0,1.0,87.7278525295493,49.6999999990904,64.0250000000317,118.600000006302,160.999999992925
195,B273,BGEM-0321-S,2002.0,2.0,1.0,2.0,1.0,Inbred,LN,2022.0,BGEM_Short_early,0.0,1.0,82.5528525295493,46.3999999990904,54.2000000000317,103.575000006302,141.499999992924
196,B274,BGEM-0322-S,2313.0,13.0,7.0,2.0,1.0,Inbred,LN,2022.0,BGEM_Short_late,0.0,2.0,86.04573944634,50.5749999990904,62.8000000000317,118.750000006302,158.999999992925
197,B276,BGEM-0324-N,2137.0,37.0,3.0,2.0,1.0,Inbred,LN,2022.0,BGEM_Tall_late,0.0,2.0,99.49573944634,51.3749999990904,72.5000000000317,123.775000006302,164.999999992925
198,B277,BGEM-0325-N,2047.0,47.0,1.0,2.0,1.0,Inbred,LN,2022.0,BGEM_Tall_late,1.0,1.5,100.095778952512,59.7499999990904,73.8250000000317,137.050000006302,184.249999992924
199,B280,BGEM-0328-S,2099.0,49.0,2.0,2.0,1.0,Inbred,LN,2022.0,BGEM_Tall_late,0.0,1.0,109.82073944634,70.7499999990903,97.3250000000317,151.300000006302,209.999999992925
200,B283,BGEM-0101-S,2267.0,17.0,6.0,2.0,1.0,Inbred,LN,2022.0,BGEM_Short_late,0.0,1.0,83.84573944634,42.5499999990904,66.8000000000317,106.225000006302,137.999999992925
201,B287,BGEM-0171-S,2191.0,41.0,4.0,2.0,1.0,Inbred,LN,2022.0,BGEM_Tall_early,0.0,1.0,93.5028525295493,54.4249999990904,74.2750000000317,113.125000006302,155.499999992925
202,B288,BGEM-0147-S,2299.0,49.0,6.0,2.0,1.0,Inbred,LN,2022.0,BGEM_Tall_early,0.0,1.0,95.74573944634,56.8249999990904,71.0250000000317,128.225000006302,170.499999992925
203,B292,BGEM-0106-N,2043.0,43.0,1.0,2.0,1.0,Inbred,LN,2022.0,BGEM_Tall_late,0.0,2.0,100.213626363131,61.6749999990904,81.3250000000317,145.350000006302,192.499999992925
204,B297,BGEM-0238-N,2145.0,45.0,3.0,2.0,1.0,Inbred,LN,2022.0,BGEM_Tall_late,0.0,1.0,95.2528525295493,77.3749999990903,84.1000000000317,114.300000006302,167.249999992925
205,B298,BGEM-0053-S,2283.0,33.0,6.0,2.0,1.0,Inbred,LN,2022.0,BGEM_Tall_early,0.0,2.0,82.39573944634,47.1249999990904,81.7750000000317,116.725000006302,154.249999992925
206,B299,BGEM-0245-S,2027.0,27.0,1.0,2.0,1.0,Inbred,LN,2022.0,BGEM_Tall_late,0.0,2.0,97.72073944634,59.2749999990904,67.4000000000317,126.225000006302,168.999999992925
207,B300,BGEM-0084-S,2265.0,15.0,6.0,2.0,1.0,Inbred,LN,2022.0,BGEM_Short_late,0.0,1.0,83.84573944634,50.2999999990904,61.6000000000317,111.950000006302,150.749999992925
208,B302,BGEM-0058-N,2194.0,44.0,4.0,2.0,1.0,Inbred,LN,2022.0,BGEM_Tall_early,0.0,1.0,96.2528525295493,55.6999999990904,91.1000000000317,131.950000006302,176.749999992925
209,B303,BGEM-0109-N,2019.0,19.0,1.0,2.0,1.0,Inbred,LN,2022.0,BGEM_Short_early,0.0,2.0,70.72073944634,45.2999999990904,49.9750000000317,101.675000006302,135.249999992925
210,B304,BGEM-0029-S,2256.0,6.0,6.0,2.0,1.0,Inbred,LN,2022.0,BGEM_Short_late,0.0,1.0,83.5221598220962,50.9995386185021,45.0009372525419,84.1615727409451,118.604782604816
211,B305,BGEM-0105-N,2342.0,42.0,7.0,2.0,1.0,Inbred,LN,2022.0,BGEM_Tall_early,0.0,2.0,92.4136263631306,54.7249999990904,66.7500000000317,127.900000006302,170.999999992925
212,B306,BGEM-0168-S,2149.0,49.0,3.0,2.0,1.0,Inbred,LN,2022.0,BGEM_Tall_late,0.0,1.0,105.252852529549,60.1999999990904,96.2750000000317,100.425000006302,196.999999992925
213,B307,BGEM-0183-N,2084.0,34.0,2.0,2.0,1.0,Inbred,LN,2022.0,BGEM_Tall_late,0.0,1.0,102.67073944634,56.0999999990904,73.9000000000317,139.675000006302,176.749999992925
214,B308,BGEM-0163-S,2303.0,3.0,7.0,2.0,1.0,Inbred,LN,2022.0,BGEM_Short_late,0.0,1.0,73.12073944634,40.1749999990904,62.1000000000317,102.250000006302,131.499999992925
215,B309,BGEM-0076-S,2328.0,28.0,7.0,2.0,1.0,Inbred,LN,2022.0,BGEM_Tall_early,0.0,1.0,78.24573944634,45.5249999990904,76.0009372525419,137.161572740945,145.999999992925
216,B310,BGEM-0180-S,2102.0,2.0,3.0,2.0,1.0,Inbred,LN,2022.0,BGEM_Short_early,0.0,1.0,83.4778525295493,43.8249999990904,60.0009372525419,112.661572740945,107.749999992924
217,B311,BGEM-0181-N,2168.0,18.0,4.0,2.0,1.0,Inbred,LN,2022.0,BGEM_Short_late,0.0,2.0,81.99573944634,50.0249999990904,69.6250000000317,116.875000006302,156.499999992925
218,B312,BGEM-0121-N,2177.0,27.0,4.0,2.0,1.0,Inbred,LN,2022.0,BGEM_Tall_late,0.0,2.0,103.87073944634,62.0499999990904,84.7750000000317,140.825000006302,191.749999992925
219,B313,BGEM-0251-S,2336.0,36.0,7.0,2.0,1.0,Inbred,LN,2022.0,BGEM_Tall_early,0.0,2.0,87.64573944634,46.0249999990904,74.0000000000317,129.125000006302,173.499999992925
220,B314,BGEM-0189-S,2290.0,40.0,6.0,2.0,1.0,Inbred,LN,2022.0,BGEM_Tall_early,0.0,2.0,93.9136263631306,53.2249999990904,73.3000000000317,131.500000006302,170.249999992925
221,B315,BGEM-0249-N,2164.0,14.0,4.0,2.0,1.0,Inbred,LN,2022.0,BGEM_Short_late,0.0,2.0,84.3636263631306,49.4249999990904,64.2000000000317,108.650000006302,143.499999992925
