Plot,Row,Ran.,Leaf Length 1,Leaf Width 1,Leaf Length 2,Leaf Width 2,Ear Height 1,Flag Leaf Height 1,Plant Height 1,Ear Height 2,Flag Leaf Height 2,Plant Height 2,Yang Field Notes,Inbred or Hybrid?,Data missing?
1001,1,1,61.5,5.6,62.7,6.4,70,120,158,55,130,162,,Inbred,
1002,2,1,64,7.5,63.2,7.7,60,151,192,72,162,205,,Inbred,
1003,3,1,76,6.7,84.1,6.9,61,147,179,60,160,200,,Inbred,
1004,4,1,68.6,7.5,62.7,7.3,90,170,200,110,178,210,,Inbred,
1005,5,1,67,6.2,76.2,6.9,110,200,230,118,221,260,,Inbred,
1006,6,1,82.2,9.3,69.3,8,69,177,230,60,159,208,,Inbred,
1007,7,1,84.4,7.9,82.2,7.6,103,200,238,95,200,240,,Inbred,
1008,8,1,77.7,8,77.2,8,90,160,190,70,130,165,,Inbred,
1009,9,1,,,,,,,,,,,,Inbred,
1010,10,1,62.7,7.9,65,7.7,70,149,192,64,149,191,,Inbred,
1011,11,1,72.4,7.4,74,7,80,170,210,70,163,201,,Inbred,
1012,12,1,76.7,8.7,73,7.6,58,151,183,40,145,172,,Inbred,
1013,13,1,83.5,7.2,79.1,5.7,70,160,195,67,135,170,,Inbred,
1014,14,1,72.3,7.9,72.8,7,95,169,215,95,147,189,,Inbred,
1015,15,1,67,6.5,64.5,6.7,105,190,230,119,188,230,,Inbred,
1016,16,1,63.7,9.4,62.2,9.7,76,141,192,70,133,192,,Inbred,
1017,17,1,78.7,8.7,79.6,9.8,90,212,255,90,215,257,,Inbred,
1018,18,1,77.4,7.2,76.3,6.7,105,208,248,100,201,243,,Inbred,
1019,19,1,76.3,8.5,75,9.3,81,170,211,86,181,225,,Inbred,
1020,20,1,83.7,10.6,93.8,8.4,80,200,240,65,176,218,,Inbred,
1021,21,1,63.7,8.2,65.7,8.7,80,179,215,90,189,222,,Inbred,
1022,22,1,72.2,8,77.7,7.9,70,181,222,85,189,230,,Inbred,
1023,23,1,69.3,8,70,7,87,180,220,99,170,210,,Inbred,
1024,24,1,77.2,8.7,78.6,8.7,90,160,195,80,170,215,,Inbred,
1025,25,1,70.3,6.4,68.4,7.2,79,172,211,99,199,237,,Inbred,
1026,26,1,68,7.3,,,50,158,200,40,160,202,,Inbred,
1027,27,1,73.7,9.1,73.4,9.2,59,150,184,63,130,170,,Inbred,
1028,28,1,76.2,9.5,79.5,7.6,78,175,219,83,175,217,,Inbred,
1029,29,1,72.5,6.8,74.6,6.4,51,158,203,75,162,210,,Inbred,
1030,30,1,77.6,7.6,73,7.4,50,145,180,60,158,196,,Inbred,
1031,31,1,75.2,9.6,76.2,9.7,65,160,200,67,160,200,,Inbred,
1032,32,1,72.5,8.3,67.5,8.7,52,158,194,55,135,175,,Inbred,
1033,33,1,66.5,9.2,64.2,8.7,75,152,198,77,152,198,,Inbred,
1034,34,1,61.2,9.2,54.4,8.9,73,138,176,78,140,178,,Inbred,
1035,35,1,67.5,8.2,63.7,9.7,67,151,196,56,150,199,,Inbred,
1036,36,1,85,10.8,81.5,8.5,79,178,226,65,149,192,,Inbred,
1037,37,1,67.5,7.2,68.3,6.9,48,145,191,60,158,200,,Inbred,
1038,38,1,66,8.6,66,8.4,65,140,179,59,136,188,,Inbred,
1039,39,1,,,69.2,8,79,168,219,80,176,211,,Inbred,
1040,40,1,64.5,8.3,61,8.5,78,178,210,70,180,220,,Inbred,
1041,41,1,80,9,77,8.9,78,171,198,89,176,219,,Inbred,
1042,42,1,74,10.2,74.5,9.1,92,195,241,100,197,240,,Inbred,
1043,43,1,70.5,7.5,72.6,8.6,69,170,200,80,160,200,,Inbred,
1044,44,1,51.7,6.4,51,6,58,130,160,60,140,167,,Inbred,
1045,45,1,67.5,8.7,68,8.8,40,119,151,35,108,140,,Inbred,
1046,46,1,69,7.5,72.2,7.9,70,150,187,65,160,202,,Inbred,
1047,47,1,57,7.5,60,8.2,78,151,188,68,148,182,,Inbred,
1048,48,1,78.5,8.7,72,8.5,50,170,211,69,170,212,,Inbred,
1049,49,1,51.7,8.8,60,8.4,65,130,177,79,140,182,,Inbred,
1050,50,1,60,7.6,,,70,130,163,,,,,Inbred,
1051,1,2,63.5,8,46.6,8.2,88,161,200,96,165,198,,Inbred,
1052,2,2,70.5,7.4,77.5,8.8,93,220,253,110,230,270,,Inbred,
1053,3,2,70.5,6.3,69,6,102,177,221,102,178,212,,Inbred,
1054,4,2,76.5,7,81.6,6.7,80,170,208,97,181,217,,Inbred,
1055,5,2,67.5,7.6,65,7,80,156,190,80,130,169,,Inbred,
1056,6,2,67,6.3,72,7.6,96,180,217,98,197,233,,Inbred,
1057,7,2,82,8.6,71,8.3,94,171,210,95,160,199,,Inbred,
1058,8,2,80,7.6,66,8.5,112,200,240,113,215,260,,Inbred,
1059,9,2,69,6,71.5,7,88,161,199,74,170,200,,Inbred,
1060,10,2,57,5.7,64,6.5,107,152,171,107,180,202,,Inbred,
1061,11,2,73.5,9,70,8.5,70,151,190,76,148,194,,Inbred,
1062,12,2,70,7.3,74.5,7.7,88,175,210,95,175,210,,Inbred,
1063,13,2,65.5,6.2,61,4.8,76,205,242,64,180,220,,Inbred,
1064,14,2,78.5,8.3,77,9.4,80,171,212,105,191,232,,Inbred,
1065,15,2,65,8,58.6,7.7,82,155,200,91,152,190,,Inbred,
1066,16,2,76,8.5,80.7,8.5,101,198,240,90,179,222,,Inbred,
1067,17,2,83.5,8.4,79.6,7.9,71,180,232,80,170,210,,Inbred,
1068,18,2,71.2,7.6,69.2,8.5,82,155,191,73,160,202,,Inbred,
1069,19,2,74,8,73.9,8.4,78,180,231,70,168,221,,Inbred,
1070,20,2,83.4,9.1,89,7.1,86,188,230,77,191,234,,Inbred,
1071,21,2,77,10.6,78,10.2,100,200,239,100,196,232,,Inbred,
1072,22,2,68.7,6.4,70,7,80,178,209,72,180,204,,Inbred,
1073,23,2,80.5,8.9,80,8.7,95,180,223,88,171,220,,Inbred,
1074,24,2,69.7,7.8,71,8.6,122,208,239,142,205,247,,Inbred,
1075,25,2,73.2,9.5,77,9.7,93,196,232,93,192,231,,Inbred,
1076,26,2,75,9.6,77.7,9.3,72,168,209,68,169,211,,Inbred,
1077,27,2,79.4,8.3,75.5,9.4,68,160,200,72,162,195,,Inbred,
1078,28,2,73.2,10.5,75,10,80,186,231,78,180,230,,Inbred,
1079,29,2,66,8.9,74,7.8,103,192,231,98,180,232,,Inbred,
1080,30,2,76.7,8,71,7.6,79,150,188,75,133,150,,Inbred,
1081,31,2,71.5,9.4,71.5,10.3,88,169,202,82,174,210,,Inbred,
1082,32,2,59,7.9,66,9.1,70,140,200,82,161,211,,Inbred,
1083,33,2,71.5,6.5,68,7.1,70,171,210,67,170,209,,Inbred,
1084,34,2,52,6.4,64.5,6.4,57,171,180,68,159,187,,Inbred,
1085,35,2,60.5,7,65.8,7.6,92,188,235,95,174,213,,Inbred,
1086,36,2,56,6.9,68,7.8,58,120,153,61,131,181,,Inbred,
1087,37,2,70,7.1,68,7.8,56,163,213,68,164,205,,Inbred,
1088,38,2,69,7,71,6.8,55,152,188,57,169,208,,Inbred,
1089,39,2,72.5,6.9,69,6.3,94,162,194,87,160,191,,Inbred,
1090,40,2,77,8.7,76,8.2,88,172,211,91,170,216,,Inbred,
1091,41,2,63,7.3,55,7.6,68,161,197,78,142,171,,Inbred,
1092,42,2,73.4,6.8,62,6.6,74,151,192,96,170,200,,Inbred,
1093,43,2,78.5,10,84.5,9.4,68,156,202,65,160,206,,Inbred,
1094,44,2,69.5,8.1,81,7.8,70,171,211,88,180,221,,Inbred,
1095,45,2,52,7,61,7.2,66,167,200,68,161,197,,Inbred,
1096,46,2,66,7.1,63.4,7.5,56,140,180,64,141,182,,Inbred,
1097,47,2,77.6,9.2,70,9.8,62,171,219,85,160,201,,Inbred,
1098,48,2,62.2,8.5,65.8,9,60,142,183,62,145,190,,Inbred,
1099,49,2,72.5,8,71.8,7.4,80,158,203,70,142,191,,Inbred,
1100,50,2,72.5,7.6,67,8.3,80,152,196,80,168,201,,Inbred,
1101,1,3,76,6.2,69,6.1,82,150,185,90,150,185,,Inbred,
1102,2,3,57.8,7.4,74.5,7.9,38,127,159,58,153,188,,Inbred,
1103,3,3,70.4,8,73.3,8.1,80,170,212,71,161,202,,Inbred,
1104,4,3,78,6.6,83,7.4,93,188,230,76,171,222,,Inbred,
1105,5,3,81.5,7.3,69.7,8,60,195,234,69,186,228,,Inbred,
1106,6,3,78,8.8,81,8.3,90,175,220,95,180,220,,Inbred,
1107,7,3,71.5,9.2,76.1,8.7,92,190,228,94,180,228,,Inbred,
1108,8,3,75.8,7.5,74.6,7,70,161,210,72,132,179,,Inbred,
1109,9,3,64.5,5.3,64.9,5.2,62,128,150,70,129,150,,Inbred,
1110,10,3,72.9,7,66.4,7.1,60,169,200,70,160,190,,Inbred,
1111,11,3,82.4,6.8,77.3,5.8,110,188,221,110,200,234,,Inbred,
1112,12,3,73.5,9,78.2,9.5,97,175,210,90,180,216,,Inbred,
1113,13,3,72,6.7,72.5,6,79,169,200,86,169,200,,Inbred,
1114,14,3,63.2,8.5,61.7,8.3,75,142,181,81,149,183,,Inbred,
1115,15,3,71.5,7,68.8,5.2,103,190,230,88,182,215,,Inbred,
1116,16,3,66.2,7,66.5,6.7,109,193,232,98,200,240,,Inbred,
1117,17,3,,,,,,,,,,,,Inbred,
1118,18,3,54.6,6.9,60,6.8,89,160,188,90,177,207,,Inbred,
1119,19,3,61.5,7.4,64.5,7.3,90,181,218,114,200,238,,Inbred,
1120,20,3,78.1,9.5,83.6,9.2,105,178,220,90,187,230,,Inbred,
1121,21,3,70.4,7.3,69,7.2,70,143,181,60,136,175,,Inbred,
1122,22,3,76.1,8.3,75.6,7.8,78,161,209,93,161,196,,Inbred,
1123,23,3,71.3,8.4,74,7.6,62,140,175,57,148,182,,Inbred,
1124,24,3,82.6,7.8,88.5,7.1,104,190,230,110,200,240,,Inbred,
1125,25,3,72,8,72.2,8.5,119,180,230,108,182,228,,Inbred,
1126,26,3,75,8.7,75.5,8.9,80,170,218,80,189,230,,Inbred,
1127,27,3,79.5,8.7,72.7,9.7,70,176,224,68,170,210,,Inbred,
1128,28,3,74.5,9.4,66,9,59,164,210,65,175,220,,Inbred,
1129,29,3,72.5,6.5,79,8.4,95,165,200,80,170,210,,Inbred,
1130,30,3,66,7.7,63.5,7.4,70,160,190,68,157,189,,Inbred,
1131,31,3,64.5,9,64,8.9,78,155,205,79,150,199,,Inbred,
1132,32,3,71.2,7.5,72.7,6.4,55,164,210,65,158,202,,Inbred,
1133,33,3,86.4,10,89.5,9.3,80,190,233,80,175,230,,Inbred,
1134,34,3,70.5,7.6,70.6,7.3,90,170,212,94,170,202,,Inbred,
1135,35,3,70.9,9.4,73.6,9.4,67,144,182,68,147,185,,Inbred,
1136,36,3,76,8.3,74.2,9.4,50,160,210,90,180,220,,Inbred,
1137,37,3,78.2,7.2,74.1,7.1,75,140,183,60,140,180,,Inbred,
1138,38,3,74.2,7.6,81.5,7,60,150,180,70,150,182,,Inbred,
1139,39,3,77,7.9,76.9,8,98,190,230,75,170,216,,Inbred,
1140,40,3,70.5,7.8,70.5,9,50,138,171,60,160,190,,Inbred,
1141,41,3,73.4,6.5,68.6,7.6,80,190,230,91,190,230,,Inbred,
1142,42,3,77.2,8.3,77,8,68,160,200,68,160,207,,Inbred,
1143,43,3,69.5,8.5,74.2,8.6,128,220,260,122,210,254,,Inbred,
1144,44,3,76.7,8,80.1,8.4,70,193,242,76,190,235,,Inbred,
1145,45,3,74.7,8.6,65.5,8.3,75,171,210,60,169,210,,Inbred,
1146,46,3,72.1,8.2,79,8.6,70,149,191,80,160,210,,Inbred,
1147,47,3,67.8,9.5,68,8.7,80,165,210,70,150,204,,Inbred,
1148,48,3,79.8,8.5,71,8.1,78,168,202,70,156,193,,Inbred,
1149,49,3,67,6.3,69.2,7.5,65,159,191,60,160,191,,Inbred,
1150,50,3,70.1,5.7,76.1,6.3,85,181,218,70,170,213,,Inbred,
1151,1,4,79.4,7.4,75,7.5,82,175,213,68,180,220,,Inbred,
1152,2,4,71.5,8.6,76.5,8.6,105,190,240,95,185,240,,Inbred,
1153,3,4,70,8.9,65.8,7.7,89,178,213,78,159,196,,Inbred,
1154,4,4,74,9.7,75.4,9.6,55,168,214,62,174,220,,Inbred,
1155,5,4,81.2,8.1,82.5,8.7,79,179,220,86,182,223,,Inbred,
1156,6,4,88.5,9.9,78.6,9,123,190,237,90,178,221,,Inbred,
1157,7,4,74.5,7.7,75.4,7.6,152,243,278,170,269,310,,Inbred,
1158,8,4,74,7.5,,,88,182,230,,,,,Inbred,
1159,9,4,66,5.4,72.5,5.2,110,206,240,123,191,229,,Inbred,
1160,10,4,80,9,70,9,63,162,210,77,150,182,,Inbred,
1161,11,4,76.6,9,74,9.8,74,150,188,75,150,202,,Inbred,
1162,12,4,59.5,6.7,67.2,8,80,159,194,78,158,200,,Inbred,
1163,13,4,82.9,8.3,78.5,8.7,88,180,222,86,168,209,,Inbred,
1164,14,4,59,7.5,65,7.6,98,162,201,90,170,210,,Inbred,
1165,15,4,72.5,8.5,69,8.4,107,166,219,100,172,220,,Inbred,
1166,16,4,78,8.6,78.7,8.5,88,167,219,71,162,220,,Inbred,
1167,17,4,74.5,7.8,81.5,7.9,80,178,260,88,196,260,,Inbred,
1168,18,4,76.5,10.6,84.5,9.3,88,176,220,80,192,236,,Inbred,
1169,19,4,76,8,81,8.5,95,182,223,105,200,240,,Inbred,
1170,20,4,71,7.6,73.9,8.7,88,181,225,80,192,241,,Inbred,
1171,21,4,67,8.8,64.5,7.6,98,170,220,68,157,209,,Inbred,
1172,22,4,60.5,8.4,66.5,8.4,96,190,232,90,170,215,,Inbred,
1173,23,4,56.7,7.4,56.2,6.9,90,160,199,86,160,193,,Inbred,
1174,24,4,81.5,6.9,79.6,7.8,94,202,241,100,208,150,,Inbred,
1175,25,4,78,10.3,85,10.4,89,165,210,88,130,235,,Inbred,
1176,26,4,71,9,70.7,8.1,68,138,160,65,141,160,,Inbred,
1177,27,4,62.1,7.1,64.6,6.7,80,165,190,95,160,198,,Inbred,
1178,28,4,63,8,70.5,7.4,88,149,199,88,150,199,,Inbred,
1179,29,4,72.4,7.4,68.5,7,76,160,198,66,152,200,,Inbred,
1180,30,4,75,8.2,70.6,8.8,100,172,210,95,178,220,,Inbred,
1181,31,4,77.5,7.8,76.5,9,69,160,204,76,160,205,,Inbred,
1182,32,4,78,7.7,71,6.4,110,194,240,110,201,242,,Inbred,
1183,33,4,75.5,11.9,72.5,11.5,95,180,221,65,165,200,,Inbred,
1184,34,4,72.5,9.8,76,9.6,60,160,200,68,170,220,,Inbred,
1185,35,4,75.4,7.6,69,7.7,68,170,220,68,160,205,,Inbred,
1186,36,4,77,8.8,85.5,9,90,180,220,90,188,220,,Inbred,
1187,37,4,69.6,8.5,68.5,9.1,88,165,218,52,153,215,,Inbred,
1188,38,4,70.5,8,68.3,7.7,70,150,188,70,142,190,,Inbred,
1189,39,4,73,6.5,71,6,75,180,210,80,170,205,,Inbred,
1190,40,4,80.2,7.8,78,8.3,80,178,213,75,181,220,,Inbred,
1191,41,4,72.2,5.8,75.5,7.7,75,198,235,93,181,220,,Inbred,
1192,42,4,86,7,87.4,7,90,188,245,100,190,242,,Inbred,
1193,43,4,69,7.6,67,7,90,170,219,195,170,210,,Inbred,
1194,44,4,84.5,8.8,85,9,95,169,202,90,170,215,,Inbred,
1195,45,4,75.5,9,62.5,7.5,100,176,220,102,178,209,,Inbred,
1196,46,4,77,7.7,72.2,7.3,78,172,210,100,175,215,,Inbred,
1197,47,4,61,9.6,74,7.8,92,180,221,80,172,219,,Inbred,
1198,48,4,74.7,9.8,79,10,70,140,170,65,160,210,,Inbred,
1199,49,4,75,7.4,79.5,7.2,90,182,219,80,197,235,,Inbred,
1200,50,4,63,5.9,62,6,75,160,192,63,161,190,,Inbred,
1201,1,5,71,8.8,72.1,9.4,80,160,201,90,180,225,,Inbred,
1202,2,5,72,7.8,70,8,60,150,183,60,169,200,,Inbred,
1203,3,5,66,8,71,7.5,89,200,232,90,200,230,,Inbred,
1204,4,5,69,9.4,68.9,9.5,76,160,210,73,155,200,,Inbred,
1205,5,5,69,8,66,9,70,158,199,85,165,202,,Inbred,
1206,6,5,65.5,6,72.8,7.4,70,185,220,80,189,221,,Inbred,
1207,7,5,62.6,6.6,63,6.5,70,160,190,68,163,190,,Inbred,
1208,8,5,73.6,8,78,7,60,150,190,48,150,195,,Inbred,
1209,9,5,70.6,75,70,6.5,78,102,202,69,113,140,,Inbred,
1210,10,5,76,9.2,84.5,8.5,80,175,218,80,173,219,,Inbred,
1211,11,5,66.6,7.7,70.5,7.7,73,157,187,79,168,200,,Inbred,
1212,12,5,78.5,9.1,80,8,87,160,200,91,173,210,,Inbred,
1213,13,5,77.5,10.8,77,9,89,189,230,82,190,230,,Inbred,
1214,14,5,71,7,66.5,6,85,179,220,100,185,220,,Inbred,
1215,15,5,69,8.7,72.1,9.4,80,160,198,75,170,205,,Inbred,
1216,16,5,67,7.7,71.6,8.2,92,169,210,70,168,205,,Inbred,
1217,17,5,83.5,9,82,9.1,105,201,247,110,205,247,,Inbred,
1218,18,5,76.6,7.5,77.5,7,85,170,203,100,192,234,,Inbred,
1219,19,5,67.5,8,66.2,5.9,90,179,222,89,181,220,,Inbred,
1220,20,5,71,9.4,69,9,78,160,212,80,159,200,,Inbred,
1221,21,5,80.6,8.5,71.6,7.8,74,179,210,76,190,220,,Inbred,
1222,22,5,70.6,7.6,72.5,8.7,90,194,235,90,188,230,,Inbred,
1223,23,5,87,7.1,81,9,95,180,216,90,190,211,,Inbred,
1224,24,5,69.5,7.7,63,7.9,80,170,200,80,176,210,,Inbred,
1225,25,5,68.2,7.1,65.2,7.7,87,199,230,87,188,228,,Inbred,
1226,26,5,62.3,8.3,62.2,8.5,110,190,230,118,219,249,,Inbred,
1227,27,5,65,10,64.7,8.8,90,155,199,90,158,199,,Inbred,
1228,28,5,77.6,7.7,77.5,9.1,100,169,197,91,177,222,,Inbred,
1229,29,5,74.5,9.7,76.6,10.3,79,162,201,72,175,210,,Inbred,
1230,30,5,69.7,6.9,73,6,77,160,203,75,160,199,,Inbred,
1231,31,5,65,8.5,67,8.6,88,152,192,85,160,199,,Inbred,
1232,32,5,59.7,10,56.6,9.7,90,182,224,90,189,223,,Inbred,
1233,33,5,72.5,8.5,79.5,7.7,80,170,212,70,180,220,,Inbred,
1234,34,5,,,,,,,,,,,,Inbred,
1235,35,5,72.5,8.6,70,9.6,70,150,191,90,192,204,,Inbred,
1236,36,5,66.1,8.5,66,8.4,90,160,209,80,160,209,,Inbred,
1237,37,5,80.1,7,77.7,7.8,60,169,208,75,170,212,,Inbred,
1238,38,5,77,7.7,69,6.7,70,158,192,63,158,200,,Inbred,
1239,39,5,78,8.5,79.6,6.8,60,150,185,50,150,179,,Inbred,
1240,40,5,70,7.8,64,9,68,150,180,62,148,180,,Inbred,
1241,41,5,70.3,8.3,77.5,9.3,75,162,200,70,171,210,,Inbred,
1242,42,5,82.5,10.6,84,9.7,102,190,240,118,218,270,,Inbred,
1243,43,5,83,8.9,84.1,9,104,189,235,100,190,240,,Inbred,
1244,44,5,80,8.9,81,9.3,98,180,225,100,175,220,,Inbred,
1245,45,5,84.6,9.6,83,9,85,169,198,80,161,193,,Inbred,
1246,46,5,74.6,7.7,75.3,7.6,70,148,180,65,149,180,,Inbred,
1247,47,5,81.6,9.4,71,10.3,74,167,203,66,166,205,,Inbred,
1248,48,5,68.7,7.7,75.3,9.3,70,161,197,70,179,215,,Inbred,
1249,49,5,75.6,8.5,73.5,9,84,160,208,80,153,200,,Inbred,
1250,50,5,89.5,10.4,78.4,8,80,190,238,82,140,241,,Inbred,
1251,1,6,82.7,9.4,87.5,9.5,85,179,215,84,179,212,,Inbred,
1252,2,6,84,9.2,82.5,9.9,89,184,229,88,200,245,,Inbred,
1253,3,6,68.9,8.5,68.5,9.5,80,161,212,76,147,205,,Inbred,
1254,4,6,68,9.3,75,10,80,146,178,60,160,189,,Inbred,
1255,5,6,78,9,,,75,173,217,,,,,Inbred,
1256,6,6,73.5,7.6,78.2,7,80,159,190,79,169,230,,Inbred,
1257,7,6,70.5,9.5,71.9,9,70,153,190,91,189,229,,Inbred,
1258,8,6,73.6,8.6,65.6,7.2,99,172,200,110,189,218,,Inbred,
1259,9,6,72.6,6.4,67.4,8.5,70,150,190,80,150,188,,Inbred,
1260,10,6,66,7.5,60.5,7.4,80,165,210,75,155,190,,Inbred,
1261,11,6,84,9,77,8.6,91,163,198,89,171,215,,Inbred,
1262,12,6,,,,,,,,,,,,Inbred,
1263,13,6,72,9.3,67,8.8,110,190,223,116,189,230,,Inbred,
1264,14,6,75,9.5,80,8.8,73,179,220,80,180,221,,Inbred,
1265,15,6,71,9,69.5,8,108,205,240,95,192,222,,Inbred,
1266,16,6,81,8.5,78,8.4,82,198,240,89,179,215,,Inbred,
1267,17,6,74,10.6,78.3,9.4,75,170,211,85,170,210,,Inbred,
1268,18,6,61,10.6,64,11,80,160,208,80,179,215,,Inbred,
1269,19,6,68.6,9.3,67.3,8.9,70,150,197,70,153,200,,Inbred,
1270,20,6,68,8,62.5,9.2,60,168,202,56,179,219,,Inbred,
1271,21,6,79.1,10.4,81.2,9.4,87,119,240,90,159,200,,Inbred,
1272,22,6,81.1,7,85,5.7,98,220,260,108,225,265,,Inbred,
1273,23,6,71,7.5,76,7.2,70,175,219,80,180,228,,Inbred,
1274,24,6,84,9.3,82.3,9.6,70,195,230,87,188,230,,Inbred,
1275,25,6,71,8.3,74.3,7.7,81,173,220,90,182,230,,Inbred,
1276,26,6,72,9.2,70.5,10.4,55,158,192,60,170,198,,Inbred,
1277,27,6,74.3,8.7,79,9.2,80,155,200,89,162,210,,Inbred,
1278,28,6,48,6.5,62,7.5,80,146,204,85,151,191,,Inbred,
1279,29,6,64.5,8,74,8.8,75,138,174,78,140,180,,Inbred,
1280,30,6,83.5,8.7,77.5,8.3,85,200,250,60,198,244,,Inbred,
1281,31,6,69.5,9.5,,,54,138,176,,,,,Inbred,
1282,32,6,75.6,7.8,70.7,7.8,60,163,200,60,160,201,,Inbred,
1283,33,6,77.7,10,66,6.6,85,165,205,88,160,200,,Inbred,
1284,34,6,74,8.8,75,8.9,88,168,210,88,167,203,,Inbred,
1285,35,6,63.5,8.2,66.5,8.6,89,167,211,78,150,200,,Inbred,
1286,36,6,78.8,8.2,80.5,7.7,90,191,203,95,189,230,,Inbred,
1287,37,6,72.5,10,70.2,7.9,76,162,198,75,150,170,,Inbred,
1288,38,6,69,6.7,68,6.8,60,159,232,70,188,227,,Inbred,
1289,39,6,68,6.5,72,8.9,76,159,191,78,170,210,,Inbred,
1290,40,6,78,8.8,75.5,9.2,80,180,222,76,165,208,,Inbred,
1291,41,6,64,9.4,60.5,8.9,120,198,238,90,178,217,,Inbred,
1292,42,6,65,6.1,66.5,8.1,86,130,160,71,158,191,,Inbred,
1293,43,6,78,9,77.5,8.7,85,162,205,100,180,222,,Inbred,
1294,44,6,66.6,6.5,65.5,6.6,80,185,228,79,179,220,,Inbred,
1295,45,6,73.2,7.5,69,9,90,143,218,90,150,195,,Inbred,
1296,46,6,86,8.1,90.5,8.8,89,142,240,90,190,233,,Inbred,
1297,47,6,73.5,9.3,73,9,78,188,230,78,182,223,,Inbred,
1298,48,6,55.5,8,57,8.2,105,190,220,85,180,211,,Inbred,
1299,49,6,77,8.5,77.5,9,70,172,230,65,190,230,,Inbred,
1300,50,6,70.2,6.8,68.5,7.8,82,183,226,81,170,211,,Inbred,
1301,1,7,67.5,7.3,,,79,153,187,,,,,Inbred,
1302,2,7,66.5,8.5,57,7.5,72,141,181,74,138,171,,Inbred,
1303,3,7,,,,,,,,,,,,Inbred,
1304,4,7,74.5,9,,,102,178,231,,,,,Inbred,
1305,5,7,72.5,6,65,5.7,88,168,210,92,169,218,,Inbred,
1306,6,7,78,8.5,73.4,8.5,75,198,220,75,172,212,,Inbred,
1307,7,7,74.5,9.5,81,8.1,86,192,235,93,192,240,,Inbred,
1308,8,7,76.5,7.8,78,7.1,89,200,240,91,142,240,,Inbred,
1309,9,7,76,8.8,75.4,9.3,82,170,211,80,170,211,,Inbred,
1310,10,7,80,10,81,8.8,105,181,206,99,178,220,,Inbred,
1311,11,7,76.2,8.4,79,7.7,80,161,210,85,192,230,,Inbred,
1312,12,7,55.5,5.7,66.5,5.8,70,179,214,90,182,220,,Inbred,
1313,13,7,61,6.6,61,7.7,79,200,235,75,202,143,,Inbred,
1314,14,7,58,6.4,74,6.5,78,168,201,78,170,210,,Inbred,
1315,15,7,73,7.3,69.8,7.7,93,181,232,90,181,220,,Inbred,
1316,16,7,76,8.1,72.5,8.4,85,180,232,75,180,211,,Inbred,
1317,17,7,74.5,6.7,68.4,7.2,80,180,220,97,198,235,,Inbred,
1318,18,7,69.5,9.2,67.6,8.7,88,164,213,100,175,220,,Inbred,
1319,19,7,68,8,67,8.3,95,200,250,88,140,245,,Inbred,
1320,20,7,80,10.3,78.5,10.2,88,204,250,99,200,243,,Inbred,
1321,21,7,73.4,9.4,75.5,9.8,81,181,223,80,189,230,,Inbred,
1322,22,7,73.2,8.4,75.5,8.8,89,191,233,90,148,240,,Inbred,
1323,23,7,69.5,9.1,65.6,8.7,79,169,223,88,181,222,,Inbred,
1324,24,7,60.4,7.2,59,6.4,76,166,204,59,159,201,,Inbred,
1325,25,7,77.2,9.3,76.5,9,98,175,220,86,174,220,,Inbred,
1326,26,7,70.2,8.4,59.5,6.7,76,158,206,58,144,191,,Inbred,
1327,27,7,66.5,8.3,66.5,8.2,89,174,211,80,171,210,,Inbred,
1328,28,7,67.3,8,61.5,8.5,72,170,212,102,170,203,,Inbred,
1329,29,7,76.3,6.1,73.5,6.5,90,170,201,72,161,193,,Inbred,
1330,30,7,66.4,7.1,63,6,80,160,201,83,160,194,,Inbred,
1331,31,7,72.3,6.8,68,8,91,170,210,74,179,219,,Inbred,
1332,32,7,74.9,8.2,66.6,8.2,96,152,206,98,180,220,,Inbred,
1333,33,7,78,9.5,81.5,7.5,83,170,210,75,172,211,,Inbred,
1334,34,7,84,9.5,79.5,7.6,93,188,233,105,192,222,,Inbred,
1335,35,7,75.7,9.8,75,9,120,237,280,128,133,272,,Inbred,
1336,36,7,77.5,8.3,81.4,7.7,85,141,241,86,192,230,,Inbred,
1337,37,7,70.5,7.7,70,6.9,95,180,212,88,186,230,,Inbred,
1338,38,7,75.2,8.5,78,9.2,82,180,220,85,186,230,,Inbred,
1339,39,7,,,,,60,152,200,,,,,Inbred,
1340,40,7,78,8.2,82.7,7.8,95,138,236,85,182,236,,Inbred,
1341,41,7,74,9,71,10.5,70,170,210,78,166,198,,Inbred,
1342,42,7,68.5,9.2,58.5,8,85,168,210,92,163,213,,Inbred,
1343,43,7,69.5,8.5,71.5,9.8,62,159,189,67,160,193,,Inbred,
1344,44,7,75.5,7.4,75,6.6,92,110,261,75,192,231,,Inbred,
1345,45,7,60,5.7,60,5.4,93,166,200,98,172,200,,Inbred,
1346,46,7,74,9.7,80.5,9,89,172,222,76,178,230,,Inbred,
1347,47,7,72.4,10,67.5,9.5,75,178,218,100,189,220,,Inbred,
1348,48,7,66,8.7,73.8,8.5,60,161,210,60,170,213,,Inbred,
1349,49,7,77.2,7.6,81.2,6.6,55,155,193,76,150,192,,Inbred,
1350,50,7,76.5,8.4,78.5,9.3,89,166,215,95,180,220,,Inbred,
2001,1,13,,,,,,,,,,,,Inbred,
2002,2,13,60.1,6.5,62.8,7.3,48,125,162,38,114,149,,Inbred,
2003,3,13,,,,,,,,,,,,Inbred,
2004,4,13,64.8,6.6,65.6,6.4,56,153,186,57,148,188,,Inbred,
2005,5,13,64.4,7,66.6,7.3,51,127,186,50,141,180,,Inbred,
2006,6,13,72.3,9.1,66.7,8.4,50,140,179,53,129,188,,Inbred,
2007,7,13,67.5,7.7,,,47,135,170,,,,,Inbred,
2008,8,13,61.6,8.5,60.4,8.7,55,127,169,59,135,180,,Inbred,
2009,9,13,,,,,,,,,,,,Inbred,
2010,10,13,69,9.1,63.2,9.4,63,142,181,64,141,183,,Inbred,
2011,11,13,,,,,,,,,,,,Inbred,
2012,12,13,60.8,6.7,60.2,6.3,56,144,190,41,132,179,,Inbred,
2013,13,13,61.7,7.3,60.4,6.9,40,119,167,10,110,146,,Inbred,
2014,14,13,,,,,,,,,,,,Inbred,
2015,15,13,64.4,7,62.6,7.7,52,149,187,52,140,179,,Inbred,
2016,16,13,71.1,8,70.5,8.7,72,152,190,81,150,188,,Inbred,
2017,17,13,73.3,8.9,72.3,9.5,79,192,235,70,179,220,,Inbred,
2018,18,13,67.6,8.6,70.2,7.5,68,142,181,65,122,189,,Inbred,
2019,19,13,48.2,6.3,44.9,5.7,58,129,160,45,122,150,,Inbred,
2020,20,13,68.9,9.1,69.8,8.2,38,111,144,37,109,140,,Inbred,
2021,21,13,69,7.4,66.5,6.9,59,145,183,47,138,179,,Inbred,
2022,22,13,63.7,10,60.8,8.8,62,150,186,80,163,210,,Inbred,
2023,23,13,77.2,7.8,71.1,7.3,52,150,191,49,144,189,,Inbred,
2024,24,13,61.8,8.6,61.6,8.7,62,142,190,63,144,190,,Inbred,
2025,25,13,63.1,6.8,64.4,7.6,62,129,166,60,133,170,,Inbred,
2026,26,13,64.6,6.5,65.7,6.7,69,164,210,70,150,200,,Inbred,
2027,27,13,73.6,9.3,68.6,8.9,60,168,209,75,148,183,,Inbred,
2028,28,13,67.5,7.1,67.3,6.9,60,148,180,50,161,196,,Inbred,
2029,29,13,72.7,8.6,69.8,7.9,99,170,210,98,165,216,,Inbred,
2030,30,13,70.1,7.3,68.6,7.2,83,196,231,91,189,221,,Inbred,
2031,31,13,71.2,8,75.5,7.4,69,167,211,59,169,219,,Inbred,
2032,32,13,92.1,7.5,87.4,8.4,78,177,210,80,169,206,,Inbred,
2033,33,13,73.7,8.2,70.4,7.5,71,147,188,81,169,209,,Inbred,
2034,34,13,66.4,6.8,,,99,149,181,,,,,Inbred,
2035,35,13,61.5,7.9,63,7.6,47,131,175,55,135,172,,Inbred,
2036,36,13,72.2,6.5,68.6,6.4,70,180,197,71,159,201,,Inbred,
2037,37,13,68.4,8.8,71.9,7.9,60,151,187,66,145,187,,Inbred,
2038,38,13,82.4,6.7,85.9,6.9,66,161,210,74,161,200,,Inbred,
2039,39,13,74.1,7.1,76.3,7.7,105,180,227,79,163,209,,Inbred,
2040,40,13,68.6,7.1,70.1,7.9,90,189,224,100,190,228,,Inbred,
2041,41,13,63.4,8.1,66.3,8.6,68,136,184,61,144,191,,Inbred,
2042,42,13,78.6,9.1,74.6,9.7,89,193,240,74,200,242,,Inbred,
2043,43,13,70.8,6.9,73.3,6.4,81,182,225,89,189,228,,Inbred,
2044,44,13,73.3,8.6,69.5,8.5,68,169,210,83,170,210,,Inbred,
2045,45,13,84.9,9.2,78.8,10.5,71,180,220,91,207,242,,Inbred,
2046,46,13,65.1,7.8,65.6,7.8,79,174,210,76,175,210,,Inbred,
2047,47,13,74.3,7.8,75.3,8.2,63,170,213,73,182,224,,Inbred,
2048,48,13,68.7,6.9,66.8,7.8,89,191,230,99,184,225,,Inbred,
2049,49,13,73.8,8.6,74.5,7.1,81,179,216,89,178,214,,Inbred,
2050,50,13,65.4,6.7,68,7.1,90,190,219,89,181,220,,Inbred,
2051,1,14,68.7,8.2,67.1,7.6,43,128,166,50,129,166,,Inbred,
2052,2,14,58.1,6.1,67.8,6.7,30,114,161,44,110,157,,Inbred,
2053,3,14,69.2,8.8,64.3,7.5,50,136,171,51,120,160,,Inbred,
2054,4,14,66.2,7.7,61.8,6.9,71,133,177,62,121,150,,Inbred,
2055,5,14,65.8,6.4,68.8,7.9,45,99,131,51,111,146,,Inbred,
2056,6,14,,,,,,,,,,,,Inbred,
2057,7,14,55.4,7.7,54.5,7,58,128,169,45,119,165,,Inbred,
2058,8,14,66.3,5.2,74.4,7.2,41,124,184,51,140,179,,Inbred,
2059,9,14,59.6,5.3,59.8,6,49,128,154,59,141,170,,Inbred,
2060,10,14,56.9,6.8,56.2,7.1,51,122,155,58,121,150,,Inbred,
2061,11,14,62.5,7.1,65.8,6.6,50,128,168,48,119,152,,Inbred,
2062,12,14,53.8,6.1,63,6.3,51,129,167,42,140,180,,Inbred,
2063,13,14,64.6,6.1,64.3,6.7,39,130,168,46,142,184,,Inbred,
2064,14,14,54.6,5.6,68.8,5.5,60,129,167,58,140,171,,Inbred,
2065,15,14,74.4,8.8,73.8,8.1,80,150,189,72,140,180,,Inbred,
2066,16,14,58.1,6.4,57.4,6.5,47,126,159,50,114,146,,Inbred,
2067,17,14,60.4,6.7,57,6.6,50,129,165,50,124,167,,Inbred,
2068,18,14,70,7.6,70.8,7.9,51,127,170,50,130,175,,Inbred,
2069,19,14,65.5,6.8,65.7,7.3,59,140,178,59,148,185,,Inbred,
2070,20,14,66.4,8.7,61.7,9,60,140,189,60,141,185,,Inbred,
2071,21,14,65.2,8.1,64.1,7.2,50,129,162,49,130,168,,Inbred,
2072,22,14,72.2,9,74.9,9.7,60,144,190,52,138,181,,Inbred,
2073,23,14,58.2,8.2,56.2,8.1,69,138,199,68,145,189,,Inbred,
2074,24,14,69.3,6.9,65.3,6.8,57,141,190,59,151,199,,Inbred,
2075,25,14,71.6,6.8,71.7,7.5,62,140,181,61,144,180,,Inbred,
2076,26,14,66.3,8.9,65.1,9.2,82,169,210,90,165,208,,Inbred,
2077,27,14,79.5,9.8,81.6,9.1,82,200,242,76,196,232,,Inbred,
2078,28,14,65.7,6.4,64.8,6.3,82,177,219,79,150,193,,Inbred,
2079,29,14,74.8,6.9,75.2,6.9,70,152,190,70,150,190,,Inbred,
2080,30,14,66.8,8.1,65.8,7.8,63,123,157,60,124,159,,Inbred,
2081,31,14,65.3,6.8,66.9,7.6,62,150,184,69,153,196,,Inbred,
2082,32,14,83.2,8.1,70,8.1,84,164,201,81,159,199,,Inbred,
2083,33,14,82,8.5,82.2,7.4,76,180,217,90,179,211,,Inbred,
2084,34,14,69.7,7.8,64.6,7.7,78,185,200,74,184,198,,Inbred,
2085,35,14,66.2,8.6,61.3,7.6,103,180,218,94,170,200,,Inbred,
2086,36,14,68.8,7.9,67.3,7.6,52,150,188,54,155,184,,Inbred,
2087,37,14,71.5,7.3,69,7.2,58,151,187,58,149,181,,Inbred,
2088,38,14,68,6.2,63.6,5.4,50,180,229,65,192,229,,Inbred,
2089,39,14,69.2,8.9,72.8,8.4,70,165,210,76,170,210,,Inbred,
2090,40,14,59.8,8.1,60.9,7.5,69,139,201,70,161,208,,Inbred,
2091,41,14,71.6,7.8,70.8,7.7,79,171,215,71,170,215,,Inbred,
2092,42,14,74.9,8.9,81.5,8.6,62,167,206,59,164,201,,Inbred,
2093,43,14,66.8,7.9,66.5,6.8,63,140,184,66,144,179,,Inbred,
2094,44,14,66.8,7.7,66.5,8.8,70,155,198,57,160,202,,Inbred,
2095,45,14,76.3,7.7,77.6,8.1,66,167,209,79,175,215,,Inbred,
2096,46,14,69.8,9.6,71.7,9,75,180,221,80,180,220,,Inbred,
2097,47,14,66.1,7.2,64.5,7.2,94,168,191,70,155,189,,Inbred,
2098,48,14,78.5,8.9,77,8.4,90,168,209,70,160,194,,Inbred,
2099,49,14,72.3,9.3,71.3,9.2,105,211,256,102,209,250,,Inbred,
2100,50,14,71.5,10.1,70,9.8,76,168,210,60,173,108,,Inbred,
2101,1,15,67.2,7.3,64.6,5.9,65,143,180,64,132,173,,Inbred,
2102,2,15,72.3,7.6,,,45,120,154,,,,,Inbred,
2103,3,15,68.2,8.4,63.9,8.2,51,140,180,46,136,180,,Inbred,
2104,4,15,69.2,7.6,66.5,6.9,69,124,158,68,125,160,,Inbred,
2105,5,15,56.2,6.3,57.6,5.6,59,126,158,50,124,160,,Inbred,
2106,6,15,52.5,7.4,52.7,7.1,55,123,164,55,124,166,,Inbred,
2107,7,15,58.6,5.9,58,5.8,35,125,164,40,129,171,,Inbred,
2108,8,15,71.8,7.5,68.8,8.2,48,138,180,60,130,170,,Inbred,
2109,9,15,,,,,,,,,,,,Inbred,
2110,10,15,65.4,8.9,65.3,8.7,60,119,160,64,118,150,,Inbred,
2111,11,15,70.8,8,68.6,8.1,50,134,180,55,139,182,,Inbred,
2112,12,15,64.6,6.4,63.1,6.2,52,108,141,50,101,135,,Inbred,
2113,13,15,69.2,7.6,67.4,7,63,144,179,55,120,149,,Inbred,
2114,14,15,80.3,8.1,75.3,7.6,73,141,179,64,140,172,,Inbred,
2115,15,15,57.8,7.1,57.9,6.9,50,121,153,48,110,140,,Inbred,
2116,16,15,61.9,6.3,64.8,7,49,140,180,80,150,195,,Inbred,
2117,17,15,67.4,6.9,60.8,7.5,50,120,163,60,130,172,,Inbred,
2118,18,15,66.4,7.6,65.2,6.8,88,167,209,8.9,165,203,,Inbred,
2119,19,15,67.8,7,72.3,7.6,49,134,171,60,140,190,,Inbred,
2120,20,15,66.3,7.8,,,50,146,182,,,,,Inbred,
2121,21,15,68.7,7.3,71.5,7.6,55,128,170,70,127,170,,Inbred,
2122,22,15,60.4,9,63.2,9.1,65,140,181,60,140,185,,Inbred,
2123,23,15,68.1,7.1,53.6,7.5,60,119,146,50,107,140,,Inbred,
2124,24,15,68,6.2,66,6.7,57,135,168,60,140,170,,Inbred,
2125,25,15,73.4,6.1,69.4,6.2,80,170,209,90,134,180,,Inbred,
2126,26,15,61.9,5.6,65.8,6.1,78,150,188,70,150,190,,Inbred,
2127,27,15,71.9,8.3,69.8,8.4,80,155,195,65,149,183,,Inbred,
2128,28,15,73.8,8.5,76.3,8.8,90,175,219,79,172,219,,Inbred,
2129,29,15,69.4,6.2,66.8,6,60,147,188,60,135,180,,Inbred,
2130,30,15,67.2,7.4,64.8,7.2,70,179,230,56,175,213,,Inbred,
2131,31,15,74.5,8.2,73.5,7.9,75,156,191,90,165,201,,Inbred,
2132,32,15,68.6,9.3,56.8,7.1,80,174,210,80,148,190,,Inbred,
2133,33,15,70.7,8.2,68.4,8.2,55,155,200,59,161,210,,Inbred,
2134,34,15,66.4,6.2,68.4,5.2,65,150,181,60,125,165,,Inbred,
2135,35,15,63,7.1,60.1,6.9,60,131,161,59,134,169,,Inbred,
2136,36,15,80.2,6.2,79.6,6.3,82,180,215,87,170,210,,Inbred,
2137,37,15,74.4,8.1,66,8.1,70,175,177,76,145,173,,Inbred,
2138,38,15,73.4,7.1,70.3,6.4,65,160,200,70,167,202,,Inbred,
2139,39,15,61.4,8.4,58.4,8.3,64,144,189,64,144,189,,Inbred,
2140,40,15,70.1,7.2,76.5,6.9,88,178,219,90,192,234,,Inbred,
2141,41,15,62.1,6.7,67.3,6.8,62,170,211,70,171,211,,Inbred,
2142,42,15,,,,,,,,,,,,Inbred,
2143,43,15,52.6,8.4,52.1,8.2,80,161,192,73,158,190,,Inbred,
2144,44,15,64.8,7.9,71.2,6.8,79,175,211,100,175,210,,Inbred,
2145,45,15,69.7,9,73.4,8.2,90,160,200,75,120,155,,Inbred,
2146,46,15,66.2,7.7,66.4,7.9,59,124,164,65,122,160,,Inbred,
2147,47,15,69.1,7.9,74.8,8,70,150,180,80,155,190,,Inbred,
2148,48,15,64.8,7.2,61.2,6.3,61,131,167,59,128,158,,Inbred,
2149,49,15,81.2,6.9,78.1,7.7,99,178,220,110,187,230,,Inbred,
2150,50,15,66.3,8.2,64.7,8.3,102,170,210,101,156,191,,Inbred,
2151,1,16,45.1,5.5,48.1,5.2,34,67,88,37,76,96,,Inbred,
2152,2,16,45.5,5.9,48.3,54,50,90,116,46,82,109,,Inbred,
2153,3,16,54.8,6.5,58.1,6.7,60,104,140,62,124,160,,Inbred,
2154,4,16,60.4,6.4,56.8,6.6,56,138,175,61,132,170,,Inbred,
2155,5,16,58.4,7.7,55.4,7.2,59,129,168,52,127,170,,Inbred,
2156,6,16,66.5,7.6,61.5,7.3,51,137,180,60,159,187,,Inbred,
2157,7,16,68.4,6.7,69.6,6.5,88,149,187,86,152,186,,Inbred,
2158,8,16,,,,,,,,,,,,Inbred,
2159,9,16,57.4,7.7,60.6,6.4,49,108,169,45,109,138,,Inbred,
2160,10,16,56.8,5.8,62.4,7,49,121,163,50,133,180,,Inbred,
2161,11,16,76,7.5,71.7,8.2,61,131,170,60,140,175,,Inbred,
2162,12,16,75.6,8.5,73.1,8.3,71,159,195,72,142,180,,Inbred,
2163,13,16,58.4,6.9,61.9,6.3,40,116,151,45,114,154,,Inbred,
2164,14,16,63.8,5.7,60.8,5.6,60,150,180,61,119,145,,Inbred,
2165,15,16,70.4,7.9,71.4,7.6,46,135,175,43,130,171,,Inbred,
2166,16,16,66.1,6.9,63.3,6.5,80,155,186,77,151,190,,Inbred,
2167,17,16,,,,,,,,,,,,Inbred,
2168,18,16,61.8,7.4,60.5,6.5,68,139,179,56,129,160,,Inbred,
2169,19,16,71.7,8.1,73.2,7.6,70,121,153,60,117,148,,Inbred,
2170,20,16,58.8,7.6,53.2,7.8,56,135,181,69,141,185,,Inbred,
2171,21,16,58.2,6.7,69.1,6.9,63,139,169,65,143,176,,Inbred,
2172,22,16,72.9,8.9,69.1,8.4,69,159,200,68,151,192,,Inbred,
2173,23,16,61.5,9.1,73.1,9.7,40,117,115,49,110,138,,Inbred,
2174,24,16,66.5,6.3,67.2,6.2,61,151,180,69,164,200,,Inbred,
2175,25,16,56.8,6,62.3,6.1,56,137,185,51,146,179,,Inbred,
2176,26,16,63.5,6.1,73.7,7.1,64,140,174,61,144,194,,Inbred,
2177,27,16,79.5,9.6,72.1,9.3,86,176,219,83,169,209,,Inbred,
2178,28,16,70.2,9.4,74.3,9,85,168,194,89,185,207,,Inbred,
2179,29,16,66.5,7.8,64.8,8.4,49,135,180,52,134,177,,Inbred,
2180,30,16,68.2,7.9,68.7,8.4,70,151,186,76,150,190,,Inbred,
2181,31,16,72.9,9.5,78.6,9.9,85,157,192,90,167,210,,Inbred,
2182,32,16,72.9,7.4,72.2,6.5,115,203,233,121,206,216,,Inbred,
2183,33,16,70.9,6.8,73.7,7.3,60,167,210,60,153,180,,Inbred,
2184,34,16,60.6,5.8,65.8,53,71,142,172,80,154,186,,Inbred,
2185,35,16,69.6,8.2,70.4,8,57,120,155,55,121,154,,Inbred,
2186,36,16,71.9,9,65.4,8.3,64,125,155,62,133,165,,Inbred,
2187,37,16,57.3,8.1,61.4,8.1,65,144,190,63,146,190,,Inbred,
2188,38,16,74.1,7.1,75.8,7.9,80,156,189,60,140,174,,Inbred,
2189,39,16,55.8,7.8,58.7,7.7,70,147,189,80,146,184,,Inbred,
2190,40,16,65.1,7.7,67.5,7.6,78,145,183,72,141,180,,Inbred,
2191,41,16,74.9,7.5,73.1,8.5,50,150,195,65,130,179,,Inbred,
2192,42,16,72.2,7.3,75.2,7,65,170,220,70,121,209,,Inbred,
2193,43,16,78.2,9.6,74.3,9.6,81,170,210,80,178,216,,Inbred,
2194,44,16,68.9,7.6,71.4,7.8,90,179,200,94,184,201,,Inbred,
2195,45,16,71.2,6.4,69.2,6.9,60,174,215,60,176,211,,Inbred,
2196,46,16,62.1,8.1,63.7,7.7,69,140,189,68,134,180,,Inbred,
2197,47,16,58.1,7.1,59.4,7.9,80,141,179,78,158,191,,Inbred,
2198,48,16,52.5,6.6,52.9,6.6,75,142,180,70,130,165,,Inbred,
2199,49,16,73.4,7.1,82.1,8.1,82,184,225,78,171,212,,Inbred,
2200,50,16,75.4,10.3,73,8.9,70,149,188,66,134,170,,Inbred,
2201,1,17,,,,,,,,,,,,Inbred,
2202,2,17,,,,,,,,,,,,Inbred,
2203,3,17,72.6,8.3,74.2,7.6,78,141,180,62,140,177,,Inbred,
2204,4,17,60,7.9,59,7.9,49,132,170,64,122,158,,Inbred,
2205,5,17,64.5,5.8,57.8,5.9,39,120,160,36,108,143,,Inbred,
2206,6,17,52,6.2,48.5,5.7,42,85,117,44,87,118,,Inbred,
2207,7,17,53.8,7.9,58.4,9,55,122,150,62,155,173,,Inbred,
2208,8,17,,,,,,,,,,,,Inbred,
2209,9,17,,,,,,,,,,,,Inbred,
2210,10,17,63.6,6.6,52.5,6.7,52,109,140,59,113,147,,Inbred,
2211,11,17,53.3,6.5,56,6.8,41,117,159,41,120,166,,Inbred,
2212,12,17,70.3,6.3,71.8,6.1,46,130,167,46,121,159,,Inbred,
2213,13,17,64.3,5,57.6,4.4,42,97,133,44,108,147,,Inbred,
2214,14,17,66.7,6.9,,,45,114,143,,,,,Inbred,
2215,15,17,,,,,,,,,,,,Inbred,
2216,16,17,66.4,8.3,68.7,7.8,50,149,186,49,140,180,,Inbred,
2217,17,17,75.7,7.8,70.3,8.8,75,160,200,84,149,187,,Inbred,
2218,18,17,75.9,7.8,73.1,6.9,59,120,159,57,120,161,,Inbred,
2219,19,17,69.5,8.8,68.3,8.3,72,152,193,73,159,192,,Inbred,
2220,20,17,75.4,7.7,72.8,7.5,64,131,160,54,131,161,,Inbred,
2221,21,17,72.1,7.6,69,7.2,48,109,142,52,109,140,,Inbred,
2222,22,17,68,8.7,65.8,8.7,51,121,160,51,118,154,,Inbred,
2223,23,17,64.8,8.5,54,7.5,60,139,170,51,140,175,,Inbred,
2224,24,17,65.8,7.8,65.9,7.6,70,149,194,69,131,170,,Inbred,
2225,25,17,61.1,7.5,67.2,7.3,43,111,144,40,113,148,,Inbred,
2226,26,17,76.8,8.6,71.3,7.3,65,160,210,66,160,207,,Inbred,
2227,27,17,71.3,7.6,74.8,7.4,48,139,174,52,134,176,,Inbred,
2228,28,17,73.3,7.5,71.2,7.6,71,180,215,89,178,210,,Inbred,
2229,29,17,55.6,7.5,61.6,8.4,62,134,179,60,140,184,,Inbred,
2230,30,17,70.6,8.5,72.5,8,74,148,190,70,169,210,,Inbred,
2231,31,17,60.2,5.8,67.2,6.1,53,150,158,59,150,187,,Inbred,
2232,32,17,53.1,6,56.3,5.7,53,117,114,60,130,160,,Inbred,
2233,33,17,71.4,6.2,76.2,6.2,32,121,167,40,110,149,,Inbred,
2234,34,17,57,5.2,69.4,6.4,40,89,120,53,120,151,,Inbred,
2235,35,17,,,,,,,,,,,,Inbred,
2236,36,17,56.7,6.3,63.2,6.6,63,139,170,51,137,170,,Inbred,
2237,37,17,77.5,8.8,70.7,7.6,80,155,197,73,160,191,,Inbred,
2238,38,17,68.7,7.8,,,72,153,208,,,,,Inbred,
2239,39,17,65.4,6.6,66.4,5.3,70,185,221,88,177,210,,Inbred,
2240,40,17,62.1,8.1,66.3,7.5,71,140,171,59,152,189,,Inbred,
2241,41,17,61.2,6.7,59.2,6.9,52,119,155,59,128,164,,Inbred,
2242,42,17,76.3,7.4,64.4,7.1,80,163,199,70,139,180,,Inbred,
2243,43,17,59.1,5.9,54.4,6.1,74,139,170,85,143,174,,Inbred,
2244,44,17,62.3,6.7,63.4,6.2,77,141,174,69,141,177,,Inbred,
2245,45,17,59.4,7.9,60.9,8.6,58,123,171,59,138,181,,Inbred,
2246,46,17,63.5,6.5,67.6,7.2,59,139,176,52,149,188,,Inbred,
2247,47,17,68.1,5.8,62,7.1,61,147,196,69,139,178,,Inbred,
2248,48,17,68.7,6.1,69.6,6.8,61,131,160,69,143,178,,Inbred,
2249,49,17,65.2,5.8,61.6,6.5,59,129,164,58,139,172,,Inbred,
2250,50,17,63,6.6,62.6,6.6,76,185,219,70,163,202,,Inbred,
2251,1,18,,,,,,,,,,,,Inbred,
2252,2,18,,,,,,,,,,,,Inbred,
2253,3,18,,,,,,,,,,,,Inbred,
2254,4,18,58.8,7.5,,,48,118,150,,,,,Inbred,
2255,5,18,53.6,5.8,54.7,5.3,39,120,158,45,128,167,,Inbred,
2256,6,18,,,,,,,,,,,,Inbred,
2257,7,18,61.8,6.2,65.1,6.7,36,101,136,45,110,148,,Inbred,
2258,8,18,,,,,,,,,,,,Inbred,
2259,9,18,65.2,7.2,64.9,7.3,48,127,164,45,130,170,,Inbred,
2260,10,18,50.7,6.7,57.2,7.3,55,120,160,48,130,171,,Inbred,
2261,11,18,66.7,6.5,70.9,6.8,50,136,170,57,148,184,,Inbred,
2262,12,18,64.9,8.8,60.5,8.4,47,120,154,45,116,159,,Inbred,
2263,13,18,58.2,6,57.8,5,49,145,179,60,114,139,,Inbred,
2264,14,18,64.9,8.1,65.5,7.3,45,126,160,40,125,161,,Inbred,
2265,15,18,64.4,7.9,67.4,7.8,49,134,178,54,130,171,,Inbred,
2266,16,18,59.3,8.3,63.3,8.1,78,144,180,70,140,180,,Inbred,
2267,17,18,68.3,6.6,72.2,7.9,55,125,149,60,129,155,,Inbred,
2268,18,18,74.4,7.6,70.3,8.4,4,149,189,71,140,179,,Inbred,
2269,19,18,61.1,6.2,60.1,6.2,60,140,180,65,151,189,,Inbred,
2270,20,18,66.2,7.1,61.1,7.8,55,110,150,59,110,144,,Inbred,
2271,21,18,73.3,7.1,71.2,6.6,68,158,194,64,151,188,,Inbred,
2272,22,18,57.8,7.3,62.2,7.7,64,122,156,50,129,165,,Inbred,
2273,23,18,52.7,7.3,52.5,7.2,65,120,140,67,128,150,,Inbred,
2274,24,18,70.9,6.7,70.8,6.6,40,132,171,52,127,176,,Inbred,
2275,25,18,,,,,,,,,,,,Inbred,
2276,26,18,65.5,7.8,68.6,8.8,65,140,180,60,148,190,,Inbred,
2277,27,18,78.3,9.4,79.4,8.2,79,170,220,61,170,216,,Inbred,
2278,28,18,54.4,8.1,54.2,7.1,65,130,174,60,136,180,,Inbred,
2279,29,18,67.5,8.6,59.6,7.5,45,119,149,50,119,149,,Inbred,
2280,30,18,70.5,11,72.2,8.3,70,160,200,54,116,150,,Inbred,
2281,31,18,72,6.3,73.8,8.4,60,145,166,70,140,190,,Inbred,
2282,32,18,59.8,8.3,64.4,8.7,68,138,179,54,135,173,,Inbred,
2283,33,18,62.8,6.7,59.1,6.9,72,137,169,80,136,165,,Inbred,
2284,34,18,58.4,6.3,62.6,6.7,50,114,150,50,124,164,,Inbred,
2285,35,18,56.9,7.2,57.6,7.2,71,140,184,64,134,184,,Inbred,
2286,36,18,72.5,7.7,67.1,7.8,65,144,180,72,160,181,,Inbred,
2287,37,18,,,,,,,,,,,,Inbred,
2288,38,18,68.4,8.1,66.3,8.6,75,157,194,84,160,199,,Inbred,
2289,39,18,73.2,8.6,73.7,8.2,64,155,198,60,145,188,,Inbred,
2290,40,18,76.5,6.8,65.2,8,61,160,190,70,160,195,,Inbred,
2291,41,18,72.8,7,69.5,7.6,70,135,175,80,157,192,,Inbred,
2292,42,18,52.1,6.2,72.5,8.2,50,100,142,50,123,160,,Inbred,
2293,43,18,56.2,8,61.7,9,45,105,130,50,118,142,,Inbred,
2294,44,18,61,8,58.6,7.4,60,139,180,60,128,170,,Inbred,
2295,45,18,59.7,7,62.4,8.4,45,139,171,66,160,198,,Inbred,
2296,46,18,71.1,8.5,74,9.1,87,153,192,75,150,195,,Inbred,
2297,47,18,76,5.6,76,5.8,80,180,230,75,180,225,,Inbred,
2298,48,18,62.5,5.5,70.6,6.1,50,145,182,51,150,195,,Inbred,
2299,49,18,72.5,10.2,72.1,8.9,72,163,200,69,160,198,,Inbred,
2300,50,18,67.3,6.8,62.5,6.5,64,151,198,70,165,209,,Inbred,
2301,1,19,64.2,6.9,64.5,7.2,57,120,149,56,109,135,,Inbred,
2302,2,19,,,,,,,,,,,,Inbred,
2303,3,19,58.2,6.3,59.4,6,40,110,138,40,107,128,,Inbred,
2304,4,19,63.6,5.2,,,39,100,133,,,,,Inbred,
2305,5,19,61.2,5.8,62.7,5.6,60,115,142,50,120,153,,Inbred,
2306,6,19,68.4,7.1,68.1,6.2,50,115,155,52,115,150,,Inbred,
2307,7,19,66.9,6,69.7,6.1,48,117,157,43,113,153,,Inbred,
2308,8,19,67.7,7.7,65.5,7,60,132,170,50,119,151,,Inbred,
2309,9,19,51,6.5,56.6,6.8,40,115,155,44,109,169,,Inbred,
2310,10,19,75.4,8.6,67,7.8,64,152,191,80,143,175,,Inbred,
2311,11,19,70.5,7.1,64.5,6.3,65,148,190,40,109,140,,Inbred,
2312,12,19,67.2,6.2,69.6,7.5,54,131,159,55,138,169,,Inbred,
2313,13,19,69.2,8,72.2,8,50,133,178,58,143,185,,Inbred,
2314,14,19,,,,,,,,,,,,Inbred,
2315,15,19,66.2,6.2,73.3,7,50,120,159,50,137,180,,Inbred,
2316,16,19,,,,,,,,,,,,Inbred,
2317,17,19,78,8.8,78.6,8.2,85,150,190,76,150,190,,Inbred,
2318,18,19,65.2,8.4,65.5,8.4,39,118,150,32,113,141,,Inbred,
2319,19,19,62.6,5.2,70.5,6.3,67,131,153,83,147,181,,Inbred,
2320,20,19,57.2,5.8,54,5,60,118,140,60,109,130,,Inbred,
2321,21,19,71.8,7.2,76.1,7.4,40,135,178,60,152,202,,Inbred,
2322,22,19,66.6,8.4,64,7.1,66,124,152,64,120,161,,Inbred,
2323,23,19,61,6.9,62.9,6.9,50,115,140,49,110,140,,Inbred,
2324,24,19,78.6,6.8,70.5,6.7,45,111,150,50,115,150,,Inbred,
2325,25,19,57.2,7.2,61,8.9,47,125,165,66,134,179,,Inbred,
2326,26,19,65.1,7.6,66.1,7.2,65,140,170,65,140,172,,Inbred,
2327,27,19,77.2,8,76.1,8.3,72,142,183,80,150,188,,Inbred,
2328,28,19,59.6,8.5,,,70,126,158,,,,,Inbred,
2329,29,19,,,,,,,,,,,,Inbred,
2330,30,19,64.3,6.3,57.5,5.4,68,149,188,70,139,168,,Inbred,
2331,31,19,74.5,8.3,74,8,63,153,190,62,150,182,,Inbred,
2332,32,19,69,9,72.1,8.3,62,159,195,55,140,180,,Inbred,
2333,33,19,71.5,8,68,8,62,163,190,68,160,200,,Inbred,
2334,34,19,69.5,9,63,8.3,70,140,180,60,123,162,,Inbred,
2335,35,19,53,8,55.3,8,60,130,170,55,122,160,,Inbred,
2336,36,19,60.5,6.8,79,8.5,50,129,161,70,160,202,,Inbred,
2337,37,19,64.5,6,63.2,6.6,70,158,189,61,150,182,,Inbred,
2338,38,19,55.5,7.7,60.5,7.8,55,155,190,62,148,208,,Inbred,
2339,39,19,57.6,6.8,55.4,6.6,60,140,175,54,148,182,,Inbred,
2340,40,19,71,9,68.5,8.3,77,159,191,72,160,200,,Inbred,
2341,41,19,72.5,8.7,69.5,8,62,152,193,61,161,170,,Inbred,
2342,42,19,72,7.1,70,6.6,62,158,198,58,153,191,,Inbred,
2343,43,19,72,9,70,8.3,80,160,201,61,150,181,,Inbred,
2344,44,19,74.6,8,70.6,8.5,88,170,219,80,165,234,,Inbred,
2345,45,19,74.6,9.6,72.7,9,76,159,197,77,142,177,,Inbred,
2346,46,19,69.4,9,68,9,66,140,182,71,152,191,,Inbred,
2347,47,19,72.2,9,69.6,9,70,141,181,68,139,173,,Inbred,
2348,48,19,70.6,9.2,74.3,7.4,69,140,180,58,136,168,,Inbred,
2349,49,19,59.8,6.7,57.6,7.2,50,122,161,43,134,172,,Inbred,
2350,50,19,53.9,8,59.5,9,72,142,190,43,141,183,,Inbred,
3001,51,1,74.5,8.5,77.5,8,68,178,220,80,174,210,0,Inbred,
3002,52,1,58,7.5,63.8,7.5,90,169,210,83,174,216,0,Inbred,
3003,53,1,68,8,71.6,8.6,90,159,194,90,160,195,0,Inbred,
3004,54,1,75.8,7.7,73.5,7.5,90,159,193,69,155,200,0,Inbred,
3005,55,1,72.2,7.1,65.8,6,81,183,243,98,191,233,0,Inbred,
3006,56,1,76.6,9.1,78.2,10,79,186,222,83,182,221,0,Inbred,
3007,57,1,67.5,7.3,69.8,7.9,101,171,212,98,165,204,0,Inbred,
3008,58,1,73,7.5,77.5,7.6,89,192,233,91,210,240,0,Inbred,
3009,59,1,50.3,7.4,64.5,9.1,61,134,182,70,138,182,0,Inbred,
3010,60,1,63,8.8,61.4,8.4,72,164,201,71,157,192,0,Inbred,
3011,61,1,54,6.3,54.5,7.3,81,144,179,88,142,181,0,Inbred,
3012,62,1,70.6,5.7,71.3,6.6,70,184,220,74,182,220,0,Inbred,
3013,63,1,71.2,11,83,10.2,78,161,208,79,169,215,0,Inbred,
3014,64,1,70.4,7.5,71.7,8.4,68,170,220,80,184,234,0,Inbred,
3015,65,1,75.4,8,74.5,8,55,169,210,55,179,218,0,Inbred,
3016,66,1,73,7.5,72.3,7.6,81,181,226,84,181,227,0,Inbred,
3017,67,1,76,8.1,68.5,6.8,80,160,200,72,154,183,0,Inbred,
3018,68,1,69.2,10,71.5,8.9,87,170,211,77,173,216,0,Inbred,
3019,69,1,71.6,6.5,73.3,6.7,71,178,212,62,170,207,0,Inbred,
3020,70,1,64.6,6.6,60.4,6.4,59,150,179,57,144,173,0,Inbred,
3021,71,1,73,7.5,73,8,50,150,198,49,149,191,0,Inbred,
3022,72,1,71.5,6.5,64,6.5,67,160,192,70,158,183,0,Inbred,
3023,73,1,56,7.1,71.5,8.4,70,159,199,80,174,219,0,Inbred,
3024,74,1,67.5,7.4,64.8,7.4,66,161,198,70,150,190,0,Inbred,
3025,75,1,62,8.6,60.5,8.4,70,147,190,70,150,193,0,Inbred,
3026,76,1,64.7,7.4,62.5,7,60,140,180,57,124,162,0,Inbred,
3027,77,1,58,6,65.5,6,65,161,195,70,149,174,0,Inbred,
3028,78,1,59.7,7.2,71.3,7.8,61,136,180,60,150,186,0,Inbred,
3029,79,1,69,7.7,76,6.7,95,166,202,91,177,220,0,Inbred,
3030,80,1,73,8,73.5,9.2,80,174,217,92,196,241,0,Inbred,
3031,81,1,65,7,62.2,6.7,80,169,201,82,163,197,0,Inbred,
3032,82,1,77.5,8.8,79,7.5,80,142,177,78,143,178,0,Inbred,
3033,83,1,74.5,8.3,78.2,8.4,88,160,192,86,172,211,0,Inbred,
3034,84,1,66.4,7,69.9,6.8,70,161,189,84,170,201,0,Inbred,
3035,85,1,70.5,8.7,62.6,7.5,78,175,217,72,142,188,0,Inbred,
3036,86,1,68.5,9.3,58.5,8.3,57,110,140,46,100,122,0,Inbred,
3037,87,1,76,6.3,71.4,6.6,80,186,222,70,168,203,0,Inbred,
3038,88,1,67,6.5,68.7,6,50,144,176,51,150,180,0,Inbred,
3039,89,1,72,7.6,60.3,6.2,99,200,233,102,204,234,0,Inbred,
3040,90,1,61.5,8,62.5,7.8,61,127,175,60,127,165,0,Inbred,
3041,91,1,61,8.9,62.7,8.6,61,139,184,64,140,181,0,Inbred,
3042,92,1,64.7,8.3,73,9.4,69,141,179,60,152,192,0,Inbred,
3043,93,1,66,6.4,67.4,6.4,48,135,172,51,135,171,0,Inbred,
3044,94,1,53,7,56.4,7.5,69,138,168,68,139,172,0,Inbred,
3045,95,1,64,9.5,65,10.7,81,179,213,72,169,201,0,Inbred,
3046,96,1,67.2,8.9,67.9,8.6,71,159,200,62,155,201,0,Inbred,
3047,97,1,,,,,,,,,,,,Inbred,
3048,98,1,67,8.2,65,8.5,74,145,181,63,140,181,0,Inbred,
3049,99,1,71.5,7.8,70.7,7.7,67,151,190,90,160,196,0,Inbred,
3050,100,1,73.5,5.8,78.5,7,56,149,186,40,150,190,0,Inbred,
3051,51,2,76.6,8.9,77.1,8.4,70,190,230,90,200,243,0,Inbred,
3052,52,2,67.2,6.6,66.1,6.1,70,200,238,70,187,242,0,Inbred,
3053,53,2,65.3,8.8,70.1,9.2,67,170,208,82,171,210,0,Inbred,
3054,54,2,66.9,7.1,66.4,7.3,70,152,196,61,145,190,0,Inbred,
3055,55,2,79,8.2,79.7,7,108,192,235,86,183,235,0,Inbred,
3056,56,2,67.5,6.9,66.6,7.8,90,170,224,70,182,219,0,Inbred,
3057,57,2,65.5,7,67.2,7.3,71,160,192,69,160,195,0,Inbred,
3058,58,2,62.7,8.4,60.6,8.2,75,145,190,70,140,200,0,Inbred,
3059,59,2,71.2,7.6,69,7.2,67,166,203,60,161,200,0,Inbred,
3060,60,2,80,9.5,68.5,7.3,80,182,230,85,170,210,0,Inbred,
3061,61,2,74.2,9,79.4,9.1,70,135,179,80,180,212,0,Inbred,
3062,62,2,62.5,6.1,67.2,6.8,80,152,200,70,171,203,0,Inbred,
3063,63,2,63.6,6.1,66.1,6.9,70,180,220,71,179,220,0,Inbred,
3064,64,2,76.6,9.2,69,9.2,80,189,230,85,191,233,0,Inbred,
3065,65,2,84.5,8.1,87.2,8.2,82,198,240,83,200,250,0,Inbred,
3066,66,2,71.4,7.6,77.1,7.8,88,160,200,82,157,190,0,Inbred,
3067,67,2,74.7,8.8,57.5,7.2,40,125,179,59,119,142,0,Inbred,
3068,68,2,70.6,9.5,69,11.9,75,170,209,84,185,224,0,Inbred,
3069,69,2,74,7.1,70.5,7.5,73,186,230,70,180,223,0,Inbred,
3070,70,2,67.5,8.6,70,9.9,61,160,198,68,180,220,0,Inbred,
3071,71,2,63,7,66.8,5.8,90,165,195,98,159,185,0,Inbred,
3072,72,2,67.7,6.2,69,5,69,129,162,65,136,179,0,Inbred,
3073,73,2,60.8,7.6,54.7,7.1,63,163,199,79,155,200,0,Inbred,
3074,74,2,64.2,8.1,64,8,70,140,189,70,155,200,0,Inbred,
3075,75,2,67.1,5.2,61.2,6.3,50,139,172,60,135,170,0,Inbred,
3076,76,2,70,5.4,68.8,5.2,60,150,190,55,142,181,0,Inbred,
3077,77,2,,,,,,,,,,,0,Inbred,
3078,78,2,64.7,7.6,59.8,6.8,60,125,158,56,129,160,0,Inbred,
3079,79,2,68.8,8,62.7,7.6,63,152,192,59,130,167,0,Inbred,
3080,80,2,76,9,76.9,9.9,100,190,232,95,190,239,0,Inbred,
3081,81,2,76.8,8.2,79.7,7.8,92,161,207,88,160,200,0,Inbred,
3082,82,2,74,8.2,71.1,7.8,90,169,210,90,161,200,0,Inbred,
3083,83,2,75.1,8.9,75.7,8.1,80,155,188,70,147,180,0,Inbred,
3084,84,2,74.5,7.4,72.5,7.4,40,130,160,60,130,162,0,Inbred,
3085,85,2,70.2,9.2,73.4,9.1,59,140,180,60,145,191,0,Inbred,
3086,86,2,66,8.7,74.5,10,72,169,201,80,172,210,0,Inbred,
3087,87,2,66.8,7.2,65.5,6.7,62,145,190,62,134,180,0,Inbred,
3088,88,2,69.9,8.2,69.2,9.5,65,153,186,65,150,190,0,Inbred,
3089,89,2,71,9.7,69.3,8.8,55,141,180,50,135,170,0,Inbred,
3090,90,2,58,8.2,59,8.8,71,140,184,69,134,180,0,Inbred,
3091,91,2,53,6.1,55.5,6.5,62,118,149,61,121,151,0,Inbred,
3092,92,2,66.5,9.6,67.2,10.2,57,137,181,66,139,180,0,Inbred,
3093,93,2,70.5,8,74.4,7.8,57,164,211,51,159,202,0,Inbred,
3094,94,2,63.6,7.8,68.4,8,48,121,150,50,133,167,0,Inbred,
3095,95,2,68,7.5,69.1,7.1,67,145,181,64,144,182,0,Inbred,
3096,96,2,78.3,9.1,70.6,7.2,60,157,198,68,146,180,0,Inbred,
3097,97,2,66.1,8.8,68.7,8.3,71,144,186,60,148,188,0,Inbred,
3098,98,2,74.7,7.8,71,7.4,91,171,210,76,161,200,0,Inbred,
3099,99,2,72.9,7.9,73.6,7.8,70,176,214,69,160,201,0,Inbred,
3100,100,2,68.5,8.6,68.8,8.5,56,150,186,55,141,179,0,Inbred,
3101,51,3,64.4,8,64.9,8.3,90,181,228,102,182,222,0,Inbred,
3102,52,3,72.6,7.8,74.7,8.1,60,169,210,72,171,218,0,Inbred,
3103,53,3,70.1,7.8,68.9,8.3,78,179,213,80,179,212,0,Inbred,
3104,54,3,69.8,6.8,71.3,7.3,74,161,203,71,156,192,0,Inbred,
3105,55,3,71.6,8.7,69.2,8.1,70,152,190,70,142,180,0,Inbred,
3106,56,3,66.1,8.7,62.5,9.1,65,150,180,60,145,175,0,Inbred,
3107,57,3,60,8.1,53.8,7.4,62,144,188,65,145,190,0,Inbred,
3108,58,3,55.4,6.4,58.8,7.2,50,140,176,45,142,180,0,Inbred,
3109,59,3,65.5,7.1,63.8,7.4,85,143,195,93,159,199,0,Inbred,
3110,60,3,77,6.3,73.1,5.6,80,200,242,85,190,238,0,Inbred,
3111,61,3,68.4,6.2,66.1,6.6,54,179,214,52,168,197,0,Inbred,
3112,62,3,76.5,9,71,8.1,70,175,212,73,169,200,0,Inbred,
3113,63,3,69.3,6.2,72.4,6.5,73,190,235,73,190,237,0,Inbred,
3114,64,3,74.2,7.3,74.2,8.1,82,178,212,70,175,210,0,Inbred,
3115,65,3,71.8,8,78.8,7,86,160,198,90,170,200,0,Inbred,
3116,66,3,63.7,7.8,,,80,180,222,,,,0,Inbred,
3117,67,3,73.8,7.2,75.2,7,91,178,217,97,170,210,0,Inbred,
3118,68,3,63.3,6.2,63.6,5.8,68,150,203,75,172,210,0,Inbred,
3119,69,3,75.2,8.2,76.5,8.2,60,179,218,64,170,210,0,Inbred,
3120,70,3,74.6,9.2,71.8,9.4,73,170,212,76,175,214,0,Inbred,
3121,71,3,79.3,8.9,77.6,9.3,85,190,233,94,190,239,0,Inbred,
3122,72,3,72.3,9.3,72.8,9.1,72,152,192,73,159,200,0,Inbred,
3123,73,3,55.6,7.5,63.3,8.2,78,152,199,68,150,196,0,Inbred,
3124,74,3,82.3,8.1,78.8,8.2,77,178,230,70,170,212,0,Inbred,
3125,75,3,64.1,6.5,61.2,5.8,88,179,212,80,179,210,0,Inbred,
3126,76,3,60.3,5.6,59.4,6.4,73,180,210,64,180,211,0,Inbred,
3127,77,3,64.2,7.9,65.9,7.3,60,150,181,48,150,181,0,Inbred,
3128,78,3,70.8,7.9,66.2,7.4,63,158,193,62,152,190,0,Inbred,
3129,79,3,55.7,7.6,56.3,8.2,95,160,200,100,168,200,0,Inbred,
3130,80,3,71.5,7.1,70.6,7.5,65,148,172,70,140,170,0,Inbred,
3131,81,3,69.4,7,72.8,7.4,85,155,188,90,160,192,0,Inbred,
3132,82,3,56.9,5.6,62.3,5.9,60,150,184,75,170,210,0,Inbred,
3133,83,3,71.1,7.7,68.6,8.2,70,140,180,70,138,172,0,Inbred,
3134,84,3,76.6,8.1,79.1,7.4,80,167,209,75,172,215,0,Inbred,
3135,85,3,64.5,7.7,68.6,8.8,64,160,195,68,164,200,0,Inbred,
3136,86,3,51.1,7.2,51.8,7.3,85,153,180,75,148,178,0,Inbred,
3137,87,3,71.6,7.3,74.4,7.6,65,159,195,50,169,208,0,Inbred,
3138,88,3,66.8,7.5,65.3,7,62,168,207,80,160,200,0,Inbred,
3139,89,3,60.1,8.3,61,8.4,67,148,190,70,150,195,0,Inbred,
3140,90,3,62.3,7.8,61.6,7.4,65,150,190,70,150,188,0,Inbred,
3141,91,3,62.3,8.3,62,8.1,70,148,178,79,148,180,0,Inbred,
3142,92,3,70.9,5.6,66.4,5.3,65,124,156,66,130,161,0,Inbred,
3143,93,3,62.6,6.3,57.9,6.4,62,145,180,68,140,171,0,Inbred,
3144,94,3,71.3,7.9,66.5,7,75,151,190,80,159,190,0,Inbred,
3145,95,3,71,7.4,70.3,7.1,70,150,190,70,152,192,0,Inbred,
3146,96,3,75.2,8.3,77.4,7.9,70,148,192,60,158,196,0,Inbred,
3147,97,3,73.4,8.2,75.5,7.7,65,151,192,82,160,195,0,Inbred,
3148,98,3,75.4,7.8,70.5,9.3,95,180,218,60,153,190,0,Inbred,
3149,99,3,72.1,6.6,74.6,7.1,65,172,210,70,160,200,0,Inbred,
3150,100,3,68.8,6.6,66.3,6.8,68,150,187,70,158,190,0,Inbred,
3151,51,4,57.5,6.1,56.8,7.4,73,159,220,69,185,223,0,Inbred,
3152,52,4,62.2,6.3,56.5,6.2,68,170,206,67,168,203,0,Inbred,
3153,53,4,65.9,7.5,65.9,7.8,78,173,209,75,169,204,0,Inbred,
3154,54,4,68.5,7.9,65,7.9,70,179,211,76,167,201,0,Inbred,
3155,55,4,68.5,6.8,71,7,66,173,214,73,179,217,0,Inbred,
3156,56,4,63,8.5,56,7.8,69,148,190,83,151,196,0,Inbred,
3157,57,4,67.2,8.6,65.5,8.4,84,190,234,90,193,235,0,Inbred,
3158,58,4,72.5,9.5,73.5,10.1,90,183,223,89,181,221,0,Inbred,
3159,59,4,67.4,7.8,66.7,9,77,163,205,75,166,204,0,Inbred,
3160,60,4,67.6,7,65.5,7.1,67,161,216,78,163,202,0,Inbred,
3161,61,4,67.7,7.3,68,8.1,66,157,197,68,161,201,0,Inbred,
3162,62,4,58,6.7,54.2,6,49,154,189,48,139,170,0,Inbred,
3163,63,4,73,8.5,72.5,8,73,166,208,82,162,200,0,Inbred,
3164,64,4,68,6.7,64.5,6.5,77,170,219,78,173,220,0,Inbred,
3165,65,4,73.3,9.7,76,9.1,67,170,211,59,178,222,0,Inbred,
3166,66,4,74.9,7.2,75.5,7.2,65,163,199,64,165,200,0,Inbred,
3167,67,4,73,7.6,70.5,8.5,85,161,210,110,184,223,0,Inbred,
3168,68,4,63,6.6,67.6,6.8,100,191,221,94,193,228,0,Inbred,
3169,69,4,73.5,8.7,74.5,8.4,59,174,230,62,175,228,0,Inbred,
3170,70,4,92,8.6,94.2,0.4,93,192,229,77,188,227,0,Inbred,
3171,71,4,67.7,8.8,58,7.9,64,147,191,63,148,191,0,Inbred,
3172,72,4,66,7.3,72.7,7.6,90,169,209,73,197,238,0,Inbred,
3173,73,4,65.5,8.1,63,8.3,62,158,195,69,149,197,0,Inbred,
3174,74,4,72.5,7.2,71.2,6.6,78,165,217,73,151,202,0,Inbred,
3175,75,4,70.3,8.6,74,9.2,49,152,190,57,159,188,0,Inbred,
3176,76,4,72,8.3,70,8,59,163,200,62,161,201,0,Inbred,
3177,77,4,,,,,,,,,,,0,Inbred,
3178,78,4,69,7.2,61.5,7.5,66,154,191,54,146,187,0,Inbred,
3179,79,4,68.5,8.9,66.5,8.5,62,150,186,53,143,180,0,Inbred,
3180,80,4,74.5,7.7,76,7.8,83,177,201,90,171,207,0,Inbred,
3181,81,4,64.5,8.5,64,8.2,59,138,171,46,127,165,0,Inbred,
3182,82,4,70.5,6.9,72.5,6.3,79,177,227,90,169,209,0,Inbred,
3183,83,4,60,5.5,65.4,5.6,74,138,172,77,136,169,0,Inbred,
3184,84,4,74,6.4,70.3,7.2,57,156,199,63,159,203,0,Inbred,
3185,85,4,68,8.8,66.5,8.5,78,169,202,79,160,193,0,Inbred,
3186,86,4,63,7.5,66.5,7.6,51,146,183,41,140,183,0,Inbred,
3187,87,4,78,7.5,74,7.5,56,140,179,66,146,183,0,Inbred,
3188,88,4,62.7,8.5,61.5,8,71,148,191,79,148,186,0,Inbred,
3189,89,4,67,7.2,77.2,7.4,56,170,221,62,180,224,0,Inbred,
3190,90,4,72.5,8.6,72.8,8.5,53,146,187,63,147,182,0,Inbred,
3191,91,4,74,7.5,75.7,8.2,71,179,216,77,171,210,0,Inbred,
3192,92,4,68.8,7.3,72.5,7,68,157,200,61,164,208,0,Inbred,
3193,93,4,72,7.2,66,7,63,150,198,61,151,189,0,Inbred,
3194,94,4,72.8,8.1,68.3,9.3,42,150,187,59,151,187,0,Inbred,
3195,95,4,64.7,8,68,8.2,41,143,185,46,148,187,0,Inbred,
3196,96,4,72,8.3,74,8,86,175,211,72,171,209,0,Inbred,
3197,97,4,59.4,8.3,60.7,8.8,68,129,167,62,128,163,0,Inbred,
3198,98,4,70.2,9.3,69.5,8.8,73,162,201,63,165,204,0,Inbred,
3199,99,4,88.2,9.6,86,10,74,159,205,72,170,211,0,Inbred,
3200,100,4,69.3,7.1,70,6.9,58,163,207,53,151,194,0,Inbred,
3201,51,5,78,6.1,80,6.3,70,157,171,70,160,200,0,Inbred,
3202,52,5,80,7.7,72.6,8,105,178,205,100,180,230,0,Inbred,
3203,53,5,71,7.3,72.5,7,92,190,230,109,192,209,0,Inbred,
3204,54,5,66.5,8.4,60.5,8.8,65,148,192,70,140,181,0,Inbred,
3205,55,5,81.4,10,83.5,9.2,70,201,241,72,200,250,0,Inbred,
3206,56,5,69.5,7.8,78.4,7,80,196,231,83,190,230,0,Inbred,
3207,57,5,85,8.7,74.5,10,73,178,221,80,188,233,0,Inbred,
3208,58,5,84.1,9,82,9.6,72,180,222,65,162,210,0,Inbred,
3209,59,5,68,9,68,8.5,73,177,214,75,175,211,0,Inbred,
3210,60,5,74,8.4,82,9.8,62,167,210,85,191,240,0,Inbred,
3211,61,5,64.6,7.7,68,7.6,93,179,220,96,179,219,0,Inbred,
3212,62,5,79.4,8.7,77,9.2,74,170,214,88,173,220,0,Inbred,
3213,63,5,69.4,7.7,70.5,7.5,100,191,235,90,190,232,0,Inbred,
3214,64,5,72.5,9.4,70.5,9.8,102,179,222,100,175,221,0,Inbred,
3215,65,5,85,10,83,9.5,80,215,255,85,220,260,0,Inbred,
3216,66,5,66,7,66.5,5.8,87,165,207,82,153,195,0,Inbred,
3217,67,5,75.5,6.5,73.5,8,76,158,192,70,159,192,0,Inbred,
3218,68,5,68,8.4,58.5,7.3,70,130,161,75,115,148,0,Inbred,
3219,69,5,66.6,7.5,68.5,7.6,80,168,200,75,170,207,0,Inbred,
3220,70,5,58.2,7.9,65.5,8.5,68,140,199,60,150,192,0,Inbred,
3221,71,5,80,8.5,80.5,8,90,208,245,90,179,212,0,Inbred,
3222,72,5,76.5,8.6,79.5,8,80,180,210,77,187,221,0,Inbred,
3223,73,5,71.5,8,68.7,8,104,190,221,100,190,220,0,Inbred,
3224,74,5,76.5,9.4,72,9.5,60,160,200,58,159,199,0,Inbred,
3225,75,5,69.5,7.5,67.2,7.5,64,163,199,60,150,180,0,Inbred,
3226,76,5,65,8.3,63.5,8.7,58,120,163,59,138,180,0,Inbred,
3227,77,5,67,7.6,69,7.6,73,152,190,79,170,208,0,Inbred,
3228,78,5,71,9.4,72.5,8.6,63,170,207,62,169,205,0,Inbred,
3229,79,5,79.1,9.3,78,8.5,90,180,220,90,170,211,0,Inbred,
3230,80,5,83.5,11,77.3,10.6,70,190,233,70,188,230,0,Inbred,
3231,81,5,75.6,10,73,9,77,156,193,60,150,189,0,Inbred,
3232,82,5,52.4,7.7,53.3,7.2,60,140,170,50,139,163,0,Inbred,
3233,83,5,67,9.5,67.5,8.7,40,118,151,30,115,150,0,Inbred,
3234,84,5,72.5,8.8,70,7.7,60,150,188,50,139,180,0,Inbred,
3235,85,5,70,11,68.5,10.6,70,152,192,80,150,190,0,Inbred,
3236,86,5,62.5,9.3,76.5,9.2,60,164,205,62,160,198,0,Inbred,
3237,87,5,63.5,8.4,63.6,9,80,147,173,70,140,189,0,Inbred,
3238,88,5,68.5,8.8,74,8.3,70,140,178,75,150,190,0,Inbred,
3239,89,5,75,10.5,75,10.6,50,145,190,55,150,190,0,Inbred,
3240,90,5,76,9.3,77.5,7.8,60,144,193,50,155,200,0,Inbred,
3241,91,5,78,10.3,78,10.1,70,165,205,69,180,219,0,Inbred,
3242,92,5,69,9.9,71,10,90,180,210,96,180,215,0,Inbred,
3243,93,5,72.5,7.5,71.2,8,60,122,160,65,132,170,0,Inbred,
3244,94,5,65.5,9,73,8.6,65,120,152,60,175,208,0,Inbred,
3245,95,5,74,7.4,75.4,8.3,98,175,201,90,170,210,0,Inbred,
3246,96,5,70.5,7.4,77.7,7.3,67,170,207,68,170,210,0,Inbred,
3247,97,5,58,6,74.5,7,70,140,170,67,151,180,0,Inbred,
3248,98,5,60.5,6.7,60,8,72,150,180,65,145,175,0,Inbred,
3249,99,5,68,7.5,68,7.6,48,140,180,41,125,175,0,Inbred,
3250,100,5,73,7.8,67.5,7.5,50,150,190,60,150,192,0,Inbred,
3251,51,6,73.5,7.2,70,7.3,70,213,262,75,220,263,0,Inbred,
3252,52,6,76.1,8.8,79,7.6,81,180,225,70,168,201,0,Inbred,
3253,53,6,62.5,6.5,59.5,8,60,149,192,70,151,195,0,Inbred,
3254,54,6,76.5,10,67.5,8,68,170,219,77,162,203,0,Inbred,
3255,55,6,82.5,8,80.5,8.5,60,168,207,62,160,210,0,Inbred,
3256,56,6,65.5,7.8,66.3,7.3,70,158,198,60,120,158,0,Inbred,
3257,57,6,72.3,10.2,76,9.5,79,168,219,96,172,231,0,Inbred,
3258,58,6,72,10,79,9.5,85,180,225,93,193,242,0,Inbred,
3259,59,6,70.5,9.7,75,10,100,192,231,106,193,234,0,Inbred,
3260,60,6,65,7.5,68.3,7.3,68,161,190,70,161,190,0,Inbred,
3261,61,6,83.5,8,79.4,8.6,91,176,211,80,169,200,0,Inbred,
3262,62,6,79,10,77,7.7,108,193,243,108,194,242,0,Inbred,
3263,63,6,67.7,9.4,73,9.2,78,167,210,68,171,219,0,Inbred,
3264,64,6,72,7,60.5,6.6,71,170,211,97,162,212,0,Inbred,
3265,65,6,80.5,10,67,8.6,70,174,215,70,160,200,0,Inbred,
3266,66,6,78.5,10,81.5,9.5,70,180,220,80,180,228,0,Inbred,
3267,67,6,71.5,5,76.5,7.5,76,176,222,80,191,131,0,Inbred,
3268,68,6,70,7,68,8,80,180,225,62,189,240,0,Inbred,
3269,69,6,63.5,9.7,63.4,9,68,158,192,71,154,200,0,Inbred,
3270,70,6,72,9.3,71.5,10.8,90,181,233,90,182,228,0,Inbred,
3271,71,6,75.5,9.2,68,8.5,70,172,221,80,168,220,0,Inbred,
3272,72,6,68,6.1,70.6,7,63,132,170,70,158,190,0,Inbred,
3273,73,6,67.6,8.3,65,8,65,150,184,68,150,182,0,Inbred,
3274,74,6,83,6.5,82,6.4,80,169,216,81,181,221,0,Inbred,
3275,75,6,73,10,75.6,10.4,80,179,221,68,163,196,0,Inbred,
3276,76,6,73.5,8,69,6.7,45,150,182,59,153,200,0,Inbred,
3277,77,6,68.5,7.8,74,7,84,156,185,70,159,190,0,Inbred,
3278,78,6,81.5,8.5,77.2,8.4,96,181,121,90,168,200,0,Inbred,
3279,79,6,60.8,7.6,61,7.7,64,140,175,69,140,153,0,Inbred,
3280,80,6,60,7.1,69.8,9.8,70,152,190,50,151,188,0,Inbred,
3281,81,6,75.6,9.5,76,9.5,70,140,185,60,137,178,0,Inbred,
3282,82,6,69.5,8.1,70.5,9,78,160,199,63,157,195,0,Inbred,
3283,83,6,65.4,7.2,59.5,8.7,78,142,185,74,157,202,0,Inbred,
3284,84,6,59.5,7.6,62.4,8.1,58,120,159,60,130,168,0,Inbred,
3285,85,6,74.6,8.2,72.9,8.5,62,153,199,66,151,190,0,Inbred,
3286,86,6,61.8,8.5,61.8,7.7,70,140,181,62,140,188,0,Inbred,
3287,87,6,69,6.7,67.5,6.1,68,150,192,60,150,198,0,Inbred,
3288,88,6,76.2,7.4,74.8,8.1,70,159,201,76,155,192,0,Inbred,
3289,89,6,71.8,7.1,74.2,7.5,90,164,210,95,170,220,0,Inbred,
3290,90,6,72.4,7.1,69.4,6.6,75,171,171,53,140,170,0,Inbred,
3291,91,6,69.5,9.8,70.3,8.2,71,149,190,50,150,191,0,Inbred,
3292,92,6,69.6,7.2,69.8,7.7,85,140,178,83,147,188,0,Inbred,
3293,93,6,57,7.2,57.1,7,75,155,180,72,49,177,0,Inbred,
3294,94,6,77.3,8.1,74.6,7.7,96,166,200,99,172,204,0,Inbred,
3295,95,6,69.1,6.3,68,6.7,60,155,200,60,152,203,0,Inbred,
3296,96,6,81.4,8.3,77.4,8.9,64,170,220,66,174,218,0,Inbred,
3297,97,6,64,6.6,,,91,151,191,,,,0,Inbred,
3298,98,6,69.3,8.6,65.5,7.7,71,140,178,60,140,175,0,Inbred,
3299,99,6,72,9.2,74.6,8.3,55,120,165,75,171,210,0,Inbred,
3300,100,6,67.4,6.3,67.8,6.1,60,132,172,60,128,160,0,Inbred,
3301,51,7,76,8,79,7.6,74,165,205,73,158,202,0,Inbred,
3302,52,7,8.4,8.8,59.5,8.4,70,136,180,68,150,190,0,Inbred,
3303,53,7,77.5,7.8,77.5,7,90,198,238,80,185,229,0,Inbred,
3304,54,7,69.4,7.5,65.4,8,84,188,240,75,179,220,0,Inbred,
3305,55,7,70,9,70.8,8.8,70,142,181,75,155,192,0,Inbred,
3306,56,7,61,8.1,63.5,9.4,77,178,215,82,178,211,0,Inbred,
3307,57,7,61.6,7.8,72.5,7.3,80,171,210,85,189,230,0,Inbred,
3308,58,7,77.5,10,74,90.5,97,171,222,91,158,202,0,Inbred,
3309,59,7,71,8.2,72.2,8.7,65,230,170,70,131,172,0,Inbred,
3310,60,7,65.5,6.3,75.5,7.3,80,165,190,99,170,197,0,Inbred,
3311,61,7,72,8,67,8.2,52,141,180,52,129,161,0,Inbred,
3312,62,7,78,6.9,84,7,95,18,228,102,189,231,0,Inbred,
3313,63,7,73.5,7.4,70.5,8,92,170,210,90,181,234,0,Inbred,
3314,64,7,78,7.1,78.2,8.3,80,18,220,73,185,220,0,Inbred,
3315,65,7,82,9.6,78,10,85,195,242,99,190,230,0,Inbred,
3316,66,7,75,10.1,75.5,8.2,91,174,220,87,186,230,0,Inbred,
3317,67,7,74.4,8.5,72,8,68,160,207,56,152,218,0,Inbred,
3318,68,7,67.5,7.5,61,10,70,155,201,66,142,190,0,Inbred,
3319,69,7,75.5,10.2,82.5,11.4,103,200,240,100,188,226,0,Inbred,
3320,70,7,75,8.6,70.5,8.2,136,228,259,166,253,288,0,Inbred,
3321,71,7,76.4,7.5,81,8.6,68,172,211,71,180,225,0,Inbred,
3322,72,7,75,6.4,78,6,120,210,146,110,190,230,0,Inbred,
3323,73,7,83,9,83,8.4,63,140,180,63,130,171,0,Inbred,
3324,74,7,72.2,9.6,77.4,8.4,59,130,169,50,122,150,0,Inbred,
3325,75,7,76.5,8,77.1,8.5,81,161,202,78,167,210,0,Inbred,
3326,76,7,65,7,71.5,7.4,71,150,184,56,145,18,0,Inbred,
3327,77,7,63.4,9,64.6,8.5,70,140,200,83,140,200,0,Inbred,
3328,78,7,69,8,65,8.2,64,132,166,52,130,162,0,Inbred,
3329,79,7,73,6.7,68.5,7.7,90,180,221,70,170,210,0,Inbred,
3330,80,7,76.5,7.3,72,7.5,60,153,192,57,146,188,0,Inbred,
3331,81,7,76,8,72.5,8.4,96,181,229,106,190,232,0,Inbred,
3332,82,7,72.8,7.6,79.5,8,75,166,205,70,170,205,0,Inbred,
3333,83,7,67.5,8,,,51,147,185,,,,0,Inbred,
3334,84,7,73.5,9.2,70.8,9,72,139,181,79,132,171,0,Inbred,
3335,85,7,78.5,9,73.5,9,85,177,210,85,167,200,0,Inbred,
3336,86,7,70,9.6,72,8,60,140,170,62,134,168,0,Inbred,
3337,87,7,65.5,6.5,70.8,6.3,60,143,172,71,145,175,0,Inbred,
3338,88,7,75.4,6.2,74.7,6.1,76,157,179,69,170,208,0,Inbred,
3339,89,7,64.2,7.1,65.6,7.8,50,117,160,50,122,158,0,Inbred,
3340,90,7,64.2,6.5,64,6.3,79,151,181,70,138,162,0,Inbred,
3341,91,7,59.8,6.2,61.7,6.8,73,140,174,61,136,170,0,Inbred,
3342,92,7,66.8,7.1,62.4,6.6,50,154,200,65,150,190,0,Inbred,
3343,93,7,61,8.1,63.2,7.7,76,156,200,70,160,202,0,Inbred,
3344,94,7,69.5,7.6,71.4,6.3,69,158,199,72,157,198,0,Inbred,
3345,95,7,71.8,6.9,71.8,7,125,202,240,119,203,246,0,Inbred,
3346,96,7,76.1,9.5,65.4,9.4,73,160,208,53,148,180,0,Inbred,
3347,97,7,65.7,8.1,56.8,7.6,70,130,161,79,128,168,0,Inbred,
3348,98,7,68.2,7.8,70.5,7.2,70,163,208,68,169,214,0,Inbred,
3349,99,7,73,7.2,76.8,8.8,73,169,201,73,170,210,0,Inbred,
3350,100,7,79.8,8.2,77.1,8.3,70,170,211,81,180,218,0,Inbred,
4001,51,13,68.5,7.1,67.2,6.9,58,135,178,69,134,171,0,Inbred,
4002,52,13,65.6,5.7,69,7.6,60,152,186,77,150,182,0,Inbred,
4003,53,13,73.3,7.3,77.8,8.6,50,160,201,70,162,210,0,Inbred,
4004,54,13,71,6.6,77.8,7.4,75,159,200,82,178,214,0,Inbred,
4005,55,13,82.8,8.4,79.8,7.7,100,201,250,80,185,235,0,Inbred,
4006,56,13,59.2,7.1,63.6,7.4,71,151,180,71,152,190,0,Inbred,
4007,57,13,80.3,8,75.8,9.4,79,151,185,78,150,184,0,Inbred,
4008,58,13,62.2,8.7,64.9,9.5,85,150,192,74,153,200,0,Inbred,
4009,59,13,75.2,7.6,71.3,7.4,75,172,210,76,169,205,0,Inbred,
4010,60,13,71.5,8.6,70.3,8.1,63,155,199,65,170,210,0,Inbred,
4011,61,13,73.8,10.3,76.6,10.7,66,138,179,61,146,179,0,Inbred,
4012,62,13,68.3,6.5,70.4,6.8,72,160,191,75,171,211,0,Inbred,
4013,63,13,61.2,5.9,59.3,6,51,120,149,59,142,170,0,Inbred,
4032,64,13,93.7,9.4,93.4,8.9,109,213,260,100,119,260,4032,Inbred,
4014,65,13,63.4,7.6,66.4,7.1,100,195,223,85,177,210,4014,Inbred,
4015,66,13,61.6,8.2,61.1,7.3,74,135,176,60,125,162,4015,Inbred,
4016,67,13,77.5,8.4,73.7,8.4,76,160,199,75,140,180,4016,Inbred,
4017,68,13,70.9,7.8,72.2,8.6,55,128,160,66,142,176,4017,Inbred,
4018,69,13,69.8,6.3,69.1,6.2,65,145,182,64,150,185,4018,Inbred,
4019,70,13,58.5,6.9,64.2,7.2,70,131,169,69,130,164,4019,Inbred,
4020,71,13,66.5,10.6,58.5,10.9,70,154,180,80,151,187,4020,Inbred,
4021,72,13,70.6,7.6,67,7.9,60,159,198,64,150,190,4021,Inbred,
4022,73,13,,,,,,,,,,,4022: dead ,Inbred,
4023,74,13,,,,,,,,,,,,Inbred,
4025,75,13,,,,,,,,,,,,Inbred,
4026,76,13,,,,,,,,,,,,Inbred,
4027,77,13,,,,,,,,,,,,Inbred,
4028,78,13,,,,,,,,,,,,Inbred,
4029,79,13,,,,,,,,,,,,Inbred,
4030,80,13,,,,,,,,,,,,Inbred,
4031,81,13,,,,,,,,,,,,Inbred,
4024,82,13,,,,,,,,,,,,Inbred,
4033,83,13,79.2,9,80,7.5,90,180,223,88,170,211,0,Inbred,
4034,84,13,66.5,7.4,68.4,8,130,200,242,125,200,241,0,Inbred,
4035,85,13,68.2,8.4,69,9,76,170,213,77,176,222,0,Inbred,
4036,86,13,72.2,6.9,65,7.3,80,157,199,80,155,188,0,Inbred,
4037,87,13,61.8,8.6,72.5,8.7,70,141,171,70,155,190,0,Inbred,
4038,88,13,84.5,7.5,83.5,7.1,70,150,181,70,15,190,0,Inbred,
4039,89,13,79.5,7.1,76.5,7.1,81,160,203,101,156,201,0,Inbred,
4040,90,13,68.2,7.4,68.5,7.4,95,180,218,115,190,225,0,Inbred,
4041,91,13,66,9,65.5,9.1,70,145,190,80,152,202,0,Inbred,
4042,92,13,78,8.6,80,10.3,80,181,227,90,211,260,0,Inbred,
4043,93,13,73.5,7,78.5,7.4,100,180,220,95,190,230,0,Inbred,
4044,94,13,78.2,9.2,74,9.1,70,168,210,80,169,210,0,Inbred,
4045,95,13,94,8.8,85,11.8,70,160,212,84,190,238,0,Inbred,
4046,96,13,70.2,9.4,69.4,8.9,88,186,230,90,190,228,0,Inbred,
4047,97,13,77.5,8.5,76.5,8.7,90,188,230,80,172,215,0,Inbred,
4048,98,13,69.5,7.4,68.7,7.4,95,178,211,111,186,221,0,Inbred,
4049,99,13,83.5,8.6,81.3,8.4,90,172,218,86,165,210,0,Inbred,
4050,100,13,71.5,8,67.5,7.8,95,187,232,95,195,242,0,Inbred,
4051,51,14,76.8,5.2,73.7,5.2,55,150,199,55,146,209,0,Inbred,
4052,52,14,,,,,,,,,,,dead,Inbred,
4053,53,14,67.2,7.9,67.5,8.4,58,135,170,56,133,164,0,Inbred,
4054,54,14,71.2,8.6,66.4,7.9,47,155,191,65,146,180,0,Inbred,
4055,55,14,77.6,8.8,80.3,9.3,95,195,240,99,200,245,0,Inbred,
4056,56,14,82.3,7.4,79.4,8.5,84,170,204,88,161,210,0,Inbred,
4057,57,14,60.9,9.1,64.8,8.7,75,140,181,79,150,191,0,Inbred,
4058,58,14,,,,,,,,,,,dead,Inbred,
4059,59,14,74.6,8.1,74.2,8,61,132,168,50,136,170,0,Inbred,
4060,60,14,71.5,9.1,73.4,8.7,60,149,189,59,149,190,0,Inbred,
4061,61,14,70.6,9.1,72.7,9.4,63,164,200,70,161,194,0,Inbred,
4062,62,14,72.7,8,71.4,7.8,60,150,191,72,140,182,0,Inbred,
4063,63,14,71.8,8.4,72.5,8.8,58,159,199,71,160,209,0,Inbred,
4064,64,14,66.9,69,69.2,9.3,5,140,180,55,140,180,0,Inbred,
4065,65,14,78.7,8.4,74.4,8.3,81,154,194,74,161,200,0,Inbred,
4066,66,14,57.2,7.3,55.9,6.3,75,130,190,59,135,168,0,Inbred,
4067,67,14,67.3,9.4,59.3,9.2,55,140,182,55,130,165,0,Inbred,
4068,68,14,,,,,,,,,,,no eat leaves all dried ,Inbred,
4069,69,14,,,,,,,,,,,dead ,Inbred,
4070,70,14,74.4,7.4,69.3,6.9,53,146,181,52,142,175,0,Inbred,
4071,71,14,72.1,9,71.7,8.2,50,15,189,69,140,180,0,Inbred,
4072,72,14,71,8.3,71.3,8.7,69,150,194,70,155,201,0,Inbred,
4073,73,14,648,8.5,61.6,8.3,75,154,200,60,137,181,0,Inbred,
4074,74,14,71.8,7.9,74.8,7.5,70,190,230,68,169,206,0,Inbred,
4075,75,14,69.2,8.8,68.7,8.7,59,145,180,59,139,171,0,Inbred,
4076,76,14,69.8,8.6,69.5,8.7,98,155,195,102,175,225,0,Inbred,
4077,77,14,82.5,10,84,9.2,95,221,261,81,224,260,0,Inbred,
4078,78,14,68.8,6.1,67,6.3,85,171,211,91,165,201,0,Inbred,
4079,79,14,78,7,82.2,7.2,98,179,215,80,170,205,0,Inbred,
4080,80,14,66.4,8,64.3,8.1,80,140,176,79,134,170,0,Inbred,
4081,81,14,66.8,7.3,67.6,6.9,99,199,223,90,185,220,0,Inbred,
4082,82,14,78.3,8.4,81.26,8.2,85,175,211,101,181,222,0,Inbred,
4083,83,14,78.7,8,78.8,8.5,95,201,240,99,200,239,0,Inbred,
4084,84,14,62.6,7.6,73.7,7.7,60,184,214,83,179,210,0,Inbred,
4085,85,14,68.3,7.4,68,8.3,100,191,220,120,21,245,0,Inbred,
4086,86,14,75,9.3,75.4,9,70,160,200,69,163,192,0,Inbred,
4087,87,14,70,7.5,74.5,8,75,172,210,80,170,210,0,Inbred,
4088,88,14,73.5,6.4,68.5,5.8,70,212,255,82,200,245,0,Inbred,
4089,89,14,72.5,9,75.5,9.7,95,168,210,92,183,230,0,Inbred,
4090,90,14,64,9.2,65.7,9.2,72,160,210,76,158,208,0,Inbred,
4091,91,14,75,9.7,77.5,9.7,75,170,215,70,180,227,0,Inbred,
4092,92,14,85.2,8.9,84,9.2,70,171,213,90,182,220,0,Inbred,
4093,93,14,68,7.6,59.5,7.8,75,157,200,87,147,183,0,Inbred,
4094,94,14,76.8,10,75,9.5,70,180,230,68,173,220,0,Inbred,
4095,95,14,74.5,9,85.5,8.8,88,190,230,70,187,229,0,Inbred,
4096,96,14,72.5,9.5,78.4,11,85,175,211,99,199,239,0,Inbred,
4097,97,14,67.5,7.5,70,7.6,80,169,196,70.1,170,202,0,Inbred,
4098,98,14,80,8.6,84.5,8.7,90,171,220,75,172,220,0,Inbred,
4099,99,14,74,9.9,80.5,9.7,120,216,260,110,213,263,0,Inbred,
4100,100,14,73,11.4,73.5,10,75,168,213,75,183,230,0,Inbred,
4101,51,15,61.7,5.8,64.2,6.1,69,178,211,75,199,235,0,Inbred,
4102,52,15,66.2,7.7,68.9,8.6,55,160,194,58,154,195,0,Inbred,
4103,53,15,72.4,8,75.8,8.2,68,158,198,58,159,192,0,Inbred,
4104,54,15,60.4,8.4,64.3,8,92,170,200,90,179,198,0,Inbred,
4105,55,15,69.8,6.7,67.5,7.6,55,134,160,71,145,170,0,Inbred,
4106,56,15,82.2,8.3,82.5,6.8,90,160,191,80,160,198,0,Inbred,
4107,57,15,60.5,6.3,58.2,6.1,69,162,198,64,161,192,0,Inbred,
4108,58,15,69.9,8,68.9,7.7,60,117,155,67,117,152,0,Inbred,
4109,59,15,80.4,8.6,83.3,7.6,71,166,204,78,157,209,0,Inbred,
4110,60,15,72.7,9.5,73,8.9,61,166,218,73,170,220,0,Inbred,
4111,61,15,59.5,8.9,,,91,175,208,,,,Other plants are stunted,Inbred,
4112,62,15,77.5,7.9,71.5,6.5,60,168,201,64,153,199,0,Inbred,
4113,63,15,72.4,7.5,59.6,6.7,73,167,204,64,141,172,0,Inbred,
4114,64,15,75.9,7.3,78.5,8.2,76,161,198,74,162,202,0,Inbred,
4115,65,15,66.1,8.4,60.8,8.7,73,160,196,76,149,190,0,Inbred,
4116,66,15,67.5,8.8,60.2,8.1,62,129,159,71,124,155,0,Inbred,
4117,67,15,72.7,5.7,,,60,126,153,,,,0,Inbred,
4118,68,15,58.2,6.2,59.5,7.3,73,139,170,71,137,174,0,Inbred,
4119,69,15,77.1,8,74.5,7,77,159,201,71,158,191,0,Inbred,
4120,70,15,68.9,8.8,69.7,7.6,69,162,203,78,149,190,0,Inbred,
4121,71,15,71.5,9,73.1,9.3,74,159,197,73,161,201,0,Inbred,
4122,72,15,82.5,8.6,87.4,8.7,92,160,197,83,172,203,0,Inbred,
4123,73,15,66.5,8.4,72.6,6.5,54,140,178,62,148,181,0,Inbred,
4124,74,15,75.7,7,71.7,8.2,68,178,225,64,163,201,0,Inbred,
4125,75,15,74.5,7.6,64.2,6.9,69,151,183,82,150,179,0,Inbred,
4126,76,15,66,5.9,71.1,6.7,68,168,208,77,158,200,0,Inbred,
4127,77,15,55.1,8.5,76.5,8.1,70,135,171,81,158,190,0,Inbred,
4128,78,15,77.2,9,76.5,9.6,82,177,223,82,187,231,0,Inbred,
4129,79,15,81.4,7.1,77.9,6.9,73,176,220,70,171,211,0,Inbred,
4130,80,15,72,8.8,65,7.5,67,197,241,68,170,200,0,Inbred,
4131,81,15,77.2,8.9,82,8.8,85,167,211,87,177,219,0,Inbred,
4132,82,15,72.3,10.3,73.5,8,89,193,238,81,201,241,0,Inbred,
4133,83,15,71.5,7.1,71.8,7.5,68,165,210,66,177,216,0,Inbred,
4134,84,15,69.6,6.8,71.2,6.2,71,159,191,69,163,196,0,Inbred,
4135,85,15,60.8,7.1,68.9,7,79,160,190,64,172,203,0,Inbred,
4136,86,15,72,7.1,80.8,7,83,174,212,89,197,249,0,Inbred,
4137,87,15,78,10.8,78.5,10.9,73,174,206,77,173,209,0,Inbred,
4138,88,15,79.6,6.8,72.9,7.3,76,193,231,81,180,219,0,Inbred,
4139,89,15,87.5,8.1,87.5,8.5,120,193,229,1.1,191,228,0,Inbred,
4140,90,15,84.5,7.3,78,7.4,83,209,255,94,207,247,0,Inbred,
4141,91,15,72,7.6,70,7.3,83,189,240,79,191,233,0,Inbred,
4142,92,15,,,,,,,,,,,0,Inbred,
4143,93,15,60.5,8.7,68.7,8.3,81,174,204,97,179,211,0,Inbred,
4144,94,15,70.4,7.2,68.5,7.7,83,179,220,71,180,221,0,Inbred,
4145,95,15,76,9.1,80,8.9,102,194,237,106,196,240,0,Inbred,
4146,96,15,69.5,7.8,72.4,7.1,66,143,187,68,151,190,0,Inbred,
4147,97,15,78,8.1,73.2,7.7,79,166,211,69,163,206,0,Inbred,
4148,98,15,68,7.1,71.5,7.2,49,143,180,49,134,170,0,Inbred,
4149,99,15,79.7,6.8,73.6,7.2,88,181,229,87,169,211,0,Inbred,
4150,100,15,64.5,7.2,,,97,166,205,,,,0,Inbred,
4151,51,16,77,9,79.8,9.2,52,171,212,70,178,220,0,Inbred,
4152,52,16,84.1,6,,,47,121,150,,,,0,Inbred,
4153,53,16,69.9,5,73.3,6.6,61,147,189,46,140,180,0,Inbred,
4154,54,16,67,7.9,,,54,148,181,,,,0,Inbred,
4155,55,16,89,7.9,84.3,8.4,89,172,206,82,152,182,0,Inbred,
4156,56,16,69,8,69.7,8.2,47,137,169,46,136,171,0,Inbred,
4157,57,16,73.2,8,74.5,7,90,176,212,72,168,210,0,Inbred,
4158,58,16,65.3,5.1,57.4,6.4,66,124,151,67,143,172,0,Inbred,
4159,59,16,71.5,6,79.1,8.8,59,144,183,61,154,199,0,Inbred,
4160,60,16,72.3,8.5,70.6,9.5,67,161,194,84,163,196,0,Inbred,
4161,61,16,71.1,8.7,66.5,8.9,50,151,184,64,155,189,0,Inbred,
4162,62,16,69.5,7.5,75.8,8.4,64,127,160,63,132,166,0,Inbred,
4163,63,16,76.2,8.4,79.2,9.2,83,169,208,88,160,198,0,Inbred,
4164,64,16,72.8,7,72.8,6.5,49,157,199,54,154,197,0,Inbred,
4165,65,16,75.2,9.1,70,7.6,57,150,188,46,150,190,0,Inbred,
4166,66,16,81.9,9,80.5,7.9,86,189,218,87,162,201,0,Inbred,
4167,67,16,69.6,6.9,67.7,6.9,66,147,190,61,145,190,0,Inbred,
4168,68,16,70.1,7.1,68,7.7,66,153,190,64,150,190,0,Inbred,
4169,69,16,69.6,8.5,70.4,9,60,151,191,62,144,182,0,Inbred,
4170,70,16,75.7,8.8,74,8.9,48,170,210,46,156,195,0,Inbred,
4171,71,16,82.7,8.2,85.5,7.6,89,163,196,90,157,191,0,Inbred,
4172,72,16,57.5,9.1,66.7,9.4,62,111,147,68,133,170,0,Inbred,
4173,73,16,67.1,9,77,8.3,73,164,208,68,161,203,0,Inbred,
4174,74,16,,,,,,,,,,,No plants,Inbred,
4175,75,16,62.4,6.5,68.6,6.9,68,150,197,59,164,210,0,Inbred,
4176,76,16,78.4,7.6,76.5,7.4,80,178,219,77,178,218,0,Inbred,
4177,77,16,74.5,9.2,78.1,9.1,108,197,243,87,181,229,0,Inbred,
4178,78,16,73,9,73.5,8.7,89,177,214,92,193,238,0,Inbred,
4179,79,16,71.5,9.2,75.9,8.8,56,180,224,53,175,214,0,Inbred,
4180,80,16,79.2,8,80,7.9,77,169,211,82,154,201,0,Inbred,
4181,81,16,89.9,10.6,80.6,10.9,104,188,223,90,188,235,0,Inbred,
4182,82,16,,,,,,,,,,,Broken,Inbred,
4183,83,16,70.2,7,70.8,7.6,81,198,243,71,181,224,0,Inbred,
4184,84,16,71.5,5.9,73.4,5.5,124,213,253,108,211,247,0,Inbred,
4185,85,16,77.2,7.6,78.9,9.8,72,144,184,77,146,188,0,Inbred,
4186,86,16,77.7,8.9,74.7,8.5,69,155,189,64,139,171,0,Inbred,
4187,87,16,82,8.8,85.8,8.4,102,196,238,109,198,233,0,Inbred,
4188,88,16,77.1,7.8,79.1,8.4,92,170,207,93,175,214,0,Inbred,
4189,89,16,62.5,8.5,63.6,8.1,91,179,222,88,188,231,0,Inbred,
4190,90,16,71.3,7.9,69.7,9,94,167,206,79,173,211,0,Inbred,
4191,91,16,80.5,8.9,81,8.6,64,163,208,88,187,236,0,Inbred,
4192,92,16,74.1,8.2,76.8,7.5,84,192,239,,,,0,Inbred,
4193,93,16,73.5,8.1,,,65,182,221,,,,,Inbred,Missing
4194,94,16,78.6,8.3,75.8,8.9,106,186,214,97,178,211,,Inbred,Missing
4195,95,16,72.1,7.8,68.7,7.1,50,170,206,85,212,251,,Inbred,Missing
4196,96,16,88.9,8.3,84.5,9.1,87,188,227,88,189,225,,Inbred,Missing
4197,97,16,71.3,8.2,61,8,71,169,211,79,170,213,,Inbred,Missing
4198,98,16,53.5,7.5,55.5,6.8,73,144,172,86,152,190,,Inbred,Missing
4199,99,16,78.5,7.3,78.5,5.8,79,203,246,88,199,239,,Inbred,Missing
4200,100,16,69,9.5,82.5,10,72,156,197,74,177,220,,Inbred,Missing
4201,51,17,72.1,8.7,67.7,8,60,140,182,68,148,190,0,Inbred,
4202,52,17,69,7.5,,,80,150,183,,,,0,Inbred,
4203,53,17,64.5,7.5,69.6,8.2,62,160,193,60,140,180,0,Inbred,
4204,54,17,80.7,8.4,77.6,8.7,86,160,200,80,150,193,0,Inbred,
4205,55,17,78,11.1,78.5,9.1,82,192,235,79,179,220,0,Inbred,
4206,56,17,75.7,8.5,70,8.4,60,142,182,60,130,168,0,Inbred,
4207,57,17,53,6,50.2,6.3,60,149,175,60,140,170,0,Inbred,
4208,58,17,66.7,8.7,68.5,8.7,28,110,142,30,112,149,0,Inbred,
4209,59,17,70.6,7.4,69.6,8,50,150,197,70,170,212,0,Inbred,
4210,60,17,61.7,9.1,64.2,8.3,74,160,200,80,176,212,0,Inbred,
4211,61,17,83.3,8.6,79,8.5,65,169,218,70,161,200,0,Inbred,
4212,62,17,81.5,8.6,88,8,88,152,182,100,180,210,0,Inbred,
4213,63,17,68,8,,,70,158,195,,,,0,Inbred,
4214,64,17,,,70,8,,,,70,160,191,4213(2),Inbred,
4215,65,17,72,9,79,9.4,60,148,188,50,148,191,4214,Inbred,
4216,66,17,81.1,9.3,81.5,8.4,53,170,220,60,158,205,4215,Inbred,
4217,67,17,77.1,10.5,80.4,9.2,60,173,219,70,170,214,4216,Inbred,
4218,68,17,71.2,9.7,72.6,9.6,95,179,212,103,180,222,4217,Inbred,
4219,69,17,52,8.7,,,51,149,188,,,,0,Inbred,
4220,70,17,81,9.6,74,9,85,175,219,90,170,216,0,Inbred,
4221,71,17,76,7.1,74.3,7.1,70,170,213,75,170,210,0,Inbred,
4222,72,17,62.5,6.5,61,7.3,70,159,188,60,157,185,0,Inbred,
4223,73,17,71.2,7.1,63.4,8.6,72,180,220,85,179,220,0,Inbred,
4224,74,17,79.3,7.4,74.3,7.6,50,145,187,62,150,195,0,Inbred,
4225,75,17,74,7.6,70.5,8,70,172,220,60,170,215,0,Inbred,
4226,76,17,74.6,9.5,77.5,9,80,195,240,76,170,220,0,Inbred,
4227,77,17,77.8,8.8,75.3,9.3,50,179,210,50,170,210,0,Inbred,
4228,78,17,75.2,7.6,73,8.1,105,230,255,85,205,240,0,Inbred,
4229,79,17,88,8.4,90.2,9.6,104,192,230,100,200,240,0,Inbred,
4230,80,17,76.2,10,79.2,10.3,100,205,250,90,200,242,0,Inbred,
4231,81,17,71.1,6.5,71.5,7,80,170,207,75,174,210,0,Inbred,
4232,82,17,61.5,6.4,65,6.7,75,170,200,70,165,196,0,Inbred,
4233,83,17,78.5,7,84.5,8.3,50,170,212,68,172,220,0,Inbred,
4234,84,17,71,7.4,69,7.2,70,189,220,64,171,203,0,Inbred,
4235,85,17,77,9,79.5,9.5,100,200,255,90,210,260,0,Inbred,
4236,86,17,74.6,8.2,69.7,8.8,60,170,210,60,170,210,0,Inbred,
4237,87,17,80.1,9,79,7.7,90,174,220,80,179,212,0,Inbred,
4238,88,17,77,8.5,85.7,8.3,85,199,240,85,191,234,0,Inbred,
4239,89,17,64.4,6.6,65.2,7.1,88,212,250,103,230,260,0,Inbred,
4240,90,17,71.6,10.6,72.5,10,78,172,214,70,170,210,0,Inbred,
4241,91,17,70.2,7.7,69,7.1,75,174,215,96,180,220,0,Inbred,
4242,92,17,82.4,8.3,84,7.6,93,210,245,105,209,250,0,Inbred,
4243,93,17,71.2,7.5,71.3,7.4,91,195,243,99,179,222,,Inbred,Missing
4244,94,17,69.5,7.5,69,6.8,92,176,220,92,183,220,,Inbred,Missing
4245,95,17,88.2,8.6,88.6,8.8,98,200,237,120,194,230,,Inbred,Missing
4246,96,17,68.8,6.7,72.5,7.8,89,171,220,61,174,215,,Inbred,Missing
4247,97,17,70.4,8,68.7,8.1,83,179,224,81,181,206,,Inbred,Missing
4248,98,17,74.5,7.3,77.5,7.2,71,169,188,70,151,184,,Inbred,Missing
4249,99,17,69.2,6.6,64.5,6.7,81,182,219,84,183,218,,Inbred,Missing
4250,100,17,64.8,6.6,61.5,6.7,69,198,241,65,191,220,,Inbred,Missing
4251,51,18,73,7.8,72,7.4,41,158,200,43,153,196,0,Inbred,
4252,52,18,73.6,7.7,71.5,7,61,162,190,74,151,182,0,Inbred,
4253,53,18,75,8,82.2,9,88,151,180,79,162,207,0,Inbred,
4254,54,18,63.6,7.7,60.5,6.6,60,138,168,60,143,165,0,Inbred,
4255,55,18,63,8.5,64.6,7.3,70,149,189,86,152,200,0,Inbred,
4256,56,18,79,8.4,73.4,8.5,56,131,176,60,131,175,0,Inbred,
4257,57,18,77,8.4,72.5,8.5,70,159,198,70,158,198,0,Inbred,
4258,58,18,68.4,9,71,9,67,147,190,70,159,198,0,Inbred,
4259,59,18,61.5,7.6,62.8,7.3,48,130,170,51,133,170,0,Inbred,
4260,60,18,71.8,9.7,75.4,10,60,152,200,70,160,212,0,Inbred,
4261,61,18,85.5,9.7,82.5,7.6,100,170,210,85,162,191,0,Inbred,
4262,62,18,69.5,8,70.3,6.8,66,150,195,70,152,201,0,Inbred,
4263,63,18,80.4,7,75.7,8,80,150,202,85,175,216,0,Inbred,
4264,64,18,78.5,8.3,73.5,8.6,85,175,216,101,181,222,0,Inbred,
4265,65,18,75.4,8.4,72.5,10,60,150,190,60,160,200,0,Inbred,
4266,66,18,72,9,70.5,9,60,151,198,60,161,200,0,Inbred,
4267,67,18,70.8,8,75.5,8.5,86,165,201,80,165,202,0,Inbred,
4268,68,18,66.5,5.8,60.6,7.3,70,161,190,70,140,171,0,Inbred,
4269,69,18,79.2,9,76.9,8.7,90,170,211,82,180,222,0,Inbred,
4270,70,18,74,7,71.5,6.9,66,160,203,66,160,201,0,Inbred,
4271,71,18,82,9.6,85.2,9.5,83,182,228,75,180,220,0,Inbred,
4272,72,18,61.7,7.9,63.5,7.2,40,120,160,71,168,208,0,Inbred,
4273,73,18,76,7.2,71,8.4,55,125,170,70,150,188,0,Inbred,
4274,74,18,80,8,81,10.3,65,162,216,76,176,212,0,Inbred,
4275,75,18,68.6,7,72.2,7.1,58,149,190,60,151,192,0,Inbred,
4276,76,18,74.2,8.4,64.2,8.6,88,180,234,82,176,233,0,Inbred,
4277,77,18,82.7,9.6,85.4,8.4,88,195,255,90,200,248,0,Inbred,
4278,78,18,84.5,8.8,93,8.2,106,184,237,100,190,238,0,Inbred,
4279,79,18,71.5,9.2,68.5,9,70,165,188,80,144,175,0,Inbred,
4280,80,18,68.5,10.1,77.5,9.6,82,147,180,82,168,202,0,Inbred,
4281,81,18,75.2,9,73.8,7.4,85,162,210,60,159,210,0,Inbred,
4282,82,18,71,10.2,68.5,8.3,62,181,230,70,178,220,0,Inbred,
4283,83,18,69.5,8.7,61.8,7.7,98,180,210,98,180,218,0,Inbred,
4284,84,18,63.2,6,63.6,6.6,75,148,188,80,156,192,0,Inbred,
4285,85,18,60.8,7.7,64.4,7.7,88,160,216,80,168,215,0,Inbred,
4286,86,18,80.5,8.5,78.3,8.4,90,175,221,95,175,218,0,Inbred,
4287,87,18,65.2,6.5,65.5,6.3,68,164,194,72,168,195,0,Inbred,
4288,88,18,71,9.4,73,9.2,98,189,233,91,183,225,0,Inbred,
4289,89,18,76.5,8,66.7,9,74,182,230,60,170,210,0,Inbred,
4290,90,18,67.5,7.7,68,7.6,99,189,238,92,198,233,0,Inbred,
4291,91,18,68.5,6.7,69.7,8,91,183,227,90,180,222,0,Inbred,
4292,92,18,69,8.7,76,10,92,170,210,76,170,211,0,Inbred,
4293,93,18,64.2,10.4,64,10,70,169,201,77,158,191,0,Inbred,
4294,94,18,88.5,8.4,91.5,8.4,109,190,230,115,200,240,0,Inbred,
4295,95,18,72.7,8.5,62,8.6,70,152,190,70,164,209,0,Inbred,
4296,96,18,86.7,9,78,9.6,87,180,238,80,183,220,0,Inbred,
4297,97,18,77.4,6.7,82.4,5.5,100,180,250,90,190,260,0,Inbred,
4298,98,18,67.5,6.2,73,7.5,50,172,220,65,179,220,0,Inbred,
4299,99,18,73.8,9.6,76,8.4,70,171,210,75,173,220,0,Inbred,
4300,100,18,68.5,7.5,69.5,6.6,78,170,217,90,167,211,0,Inbred,
4301,51,19,64.6,7.4,69.2,7.6,58,140,171,72,140,175,0,Inbred,
4302,52,19,70.6,6.6,77.5,9.6,82,158,190,80,170,216,0,Inbred,
4303,53,19,73.7,7.3,67.6,8.3,68,146,186,54,145,176,0,Inbred,
4304,54,19,67,5.4,69,8,95,197,243,73,160,201,0,Inbred,
4305,55,19,80.6,9.5,78.6,8.7,79,167,207,61,158,198,0,Inbred,
4306,56,19,78,8.1,69,7.8,108,210,258,109,200,243,0,Inbred,
4307,57,19,78.6,7.4,76.5,9,73,160,195,67,172,218,0,Inbred,
4308,58,19,,,,,,,,,,,0,Inbred,
4309,59,19,73.4,8.8,73,8.3,67,160,194,64,140,182,0,Inbred,
4310,60,19,87,7.7,87.6,9,78,188,226,100,191,228,0,Inbred,
4311,61,19,71,9.4,,,70,156,190,,,,0,Inbred,
4312,62,19,72.8,7.4,73,7.6,62,169,202,70,161,198,0,Inbred,
4313,63,19,77,7,79.3,7.2,100,197,238,100,190,231,0,Inbred,
4314,64,19,66.1,7.2,72.2,9.2,60,120,153,60,130,168,0,Inbred,
4315,65,19,62,7.3,68,7.3,75,152,182,90,160,191,0,Inbred,
4316,66,19,65,8.4,63,6.9,75,148,182,89,150,181,0,Inbred,
4317,67,19,69,7.7,73.7,7.3,64,162,210,70,173,218,0,Inbred,
4318,68,19,81,9,78,9.2,77,179,225,80,172,212,0,Inbred,
4319,69,19,80,9.5,79,9,78,160,199,72,150,201,0,Inbred,
4320,70,19,80.5,7.2,77.5,7.6,115,248,290,120,190,230,0,Inbred,
4321,71,19,65,10.7,76.6,9.9,88,175,225,70,175,222,0,Inbred,
4322,72,19,62.1,8.9,61.5,8,61,136,161,65,130,163,0,Inbred,
4323,73,19,73.2,8.4,76.8,8,60,165,211,60,163,210,0,Inbred,
4324,74,19,85,9,83,8.8,95,184,227,90,179,222,0,Inbred,
4325,75,19,91,9.1,90,8.7,106,197,238,102,201,243,0,Inbred,
4326,76,19,78,7.6,73,8.4,71,178,231,90,191,240,0,Inbred,
4327,77,19,79.7,8.1,79.6,8.6,73,188,221,82,170,220,0,Inbred,
4328,78,19,80.6,9.4,,,89,121,221,,,,0,Inbred,
4329,79,19,75,8.2,76.5,9.4,110,196,248,90,198,250,0,Inbred,
4330,80,19,67.7,6.5,69.5,7,104,200,249,80,173,230,0,Inbred,
4331,81,19,78.5,9.3,87,8.6,90,190,230,75,785,231,0,Inbred,
4332,82,19,83,8.8,88,10.1,50,170,220,75,179,233,0,Inbred,
4333,83,19,83.4,8.4,84,8,92,205,253,80,181,233,0,Inbred,
4334,84,19,69.5,8.8,63.8,9.8,77,160,202,73,170,215,0,Inbred,
4335,85,19,87,8.6,88,9,93,203,240,96,195,240,0,Inbred,
4336,86,19,78,9.5,83,8.4,89,197,240,85,188,231,0,Inbred,
4337,87,19,69.5,5.8,68,6.2,100,200,241,72,168,213,0,Inbred,
4338,88,19,61,7.6,57.5,6,60,144,231,92,200,240,0,Inbred,
4339,89,19,62.4,6.2,64.6,7,58,168,211,86,180,220,0,Inbred,
4340,90,19,71.1,8.5,72.7,8.5,85,175,220,86,192,235,0,Inbred,
4341,91,19,73.6,8.7,73.5,8.3,78,172,228,75,169,209,0,Inbred,
4342,92,19,77.5,7,79.5,7.5,73,187,231,95,190,235,0,Inbred,
4343,93,19,79,8.8,76.4,8.4,91,180,220,94,169,209,0,Inbred,
4344,94,19,70.5,7.4,68.2,8.1,94,185,228,82,208,253,0,Inbred,
4345,95,19,80.1,9.7,76,9,92,194,240,88,180,220,0,Inbred,
4346,96,19,76.6,10.1,75,9.1,79,78,220,85,180,222,0,Inbred,
4347,97,19,73,9.2,74,9.8,80,185,230,83,183,230,0,Inbred,
4348,98,19,67,9.1,64,7.3,62,163,203,66,145,190,0,Inbred,
4349,99,19,61,7.2,62.2,7,50,140,182,142,144,188,0,Inbred,
4350,100,19,88,18,88,9.2,83,188,230,98,170,210,0,Inbred,
