,UID,genotype,PLOT.ID,rows,ranges,Block,Rep,Group,Trt,year,note,Calibration,leaf_length,leaf_width,ear_height,flag_leaf,plant_height
0,B001,BGEM-0001-N,1313.0,13.0,7.0,1.0,1.0,Inbred,HN,2022.0,BGEM_Tall_early,0.0,97.1946273158224,60.0778757257182,73.281439887713,132.820505866924,174.322272118214
1,B002,BGEM-0002-N,1314.0,14.0,7.0,1.0,1.0,Inbred,HN,2022.0,BGEM_Tall_early,0.0,97.1946273116014,58.5805676200933,74.7289068037507,129.456126928158,178.4306442892
2,B003,BGEM-0003-N,1111.0,11.0,3.0,1.0,1.0,Inbred,HN,2022.0,BGEM_Tall_late,0.0,97.1946273210055,59.251743837427,85.1306610959975,135.482052219167,192.986908949859
3,B004,BGEM-0004-N,1298.0,48.0,6.0,1.0,1.0,Inbred,HN,2022.0,BGEM_Short_late,0.0,97.1946273132217,59.5581312147007,79.262723196768,131.034619786414,180.694354328629
4,B005,BGEM-0005-N,1321.0,21.0,7.0,1.0,1.0,Inbred,HN,2022.0,BGEM_Tall_early,0.0,97.1946273190692,59.783126010285,78.5340741336044,121.65583740232,184.351116700015
5,B006,BGEM-0006-S,1322.0,22.0,7.0,1.0,1.0,Inbred,HN,2022.0,BGEM_Tall_early,0.0,97.1946273198018,60.1244974242749,79.9913722599314,129.4906924652,190.619852193818
6,B007,,,,,,,,,,,,,,,,
7,B008,BGEM-0008-S,1028.0,28.0,1.0,1.0,1.0,Inbred,HN,2022.0,BGEM_Short_early,0.0,97.1946273206272,59.6977121055931,80.9727355544386,130.504614885102,177.979034489599
8,B009,BGEM-0010-S,1078.0,28.0,2.0,1.0,1.0,Inbred,HN,2022.0,BGEM_Short_early,0.0,97.1946273217826,60.2330445502591,69.7191555789137,128.707206958912,181.635796860984
9,B010,BGEM-0011-S,1067.0,17.0,2.0,1.0,1.0,Inbred,HN,2022.0,BGEM_Tall_late,0.0,97.1946273228312,60.050792232618,78.5502663350081,130.193525051723,177.559986581727
10,B011,BGEM-0012-S,1096.0,46.0,2.0,1.0,1.0,Inbred,HN,2022.0,BGEM_Short_early,0.0,97.1946273079157,57.7039348126319,63.6112254305692,116.43644130896,153.459049030598
11,B012,BGEM-0013-S,1094.0,44.0,2.0,1.0,1.0,Inbred,HN,2022.0,BGEM_Short_early,0.0,97.1946273163276,59.0228698212292,76.9859837899701,127.186323329058,172.439387053503
12,B013,BGEM-0014-S,1055.0,5.0,2.0,1.0,1.0,Inbred,HN,2022.0,BGEM_Tall_late,0.0,97.1946273117705,58.3129013977603,76.0242829160413,116.378832080556,156.838333143877
13,B014,BGEM-0015-S,1006.0,6.0,1.0,1.0,1.0,Inbred,HN,2022.0,BGEM_Tall_late,0.0,97.1946273185196,59.9382948348259,83.1974281378508,129.744173070175,175.470408083793
14,B016,BGEM-0019-S,1153.0,3.0,4.0,1.0,1.0,Inbred,HN,2022.0,BGEM_Tall_late,0.0,97.1946273174488,59.3176195366624,79.392260807997,130.861792101204,181.565012036102
15,B018,BGEM-0020-S,1036.0,36.0,1.0,1.0,1.0,Inbred,HN,2022.0,BGEM_Short_early,0.0,97.1946273194598,59.8342642287636,74.7320814230915,124.776296353593,170.323949878223
16,B019,BGEM-0021-S,1158.0,8.0,4.0,1.0,1.0,Inbred,HN,2022.0,BGEM_Tall_late,0.0,97.1946273182882,59.957619886699,76.0253050492305,134.933139139316,165.615695043486
17,B021,BGEM-0023-S,1097.0,47.0,2.0,1.0,1.0,Inbred,HN,2022.0,BGEM_Short_early,0.0,97.1946273171448,59.4844970742383,73.0998554530982,124.536298822496,170.349808555569
18,B022,BGEM-0024-S,1093.0,43.0,2.0,1.0,1.0,Inbred,HN,2022.0,BGEM_Short_early,0.0,97.1946273158908,58.7474451576692,69.9423761793897,118.72928859942,161.643231480842
19,B023,BGEM-0025-S,1252.0,2.0,6.0,1.0,1.0,Inbred,HN,2022.0,BGEM_Tall_early,0.0,97.1946273228231,59.8064723851605,83.3819033444051,138.719690855445,198.559118277685
20,B024,BGEM-0026-S,1198.0,48.0,4.0,1.0,1.0,Inbred,HN,2022.0,BGEM_Short_late,0.0,97.1946273137935,57.9675797119625,70.5287656490953,121.33322572326,164.745037336014
21,B025,BGEM-0027-S,1075.0,25.0,2.0,1.0,1.0,Inbred,HN,2022.0,BGEM_Tall_late,0.0,97.1946273209231,60.3765757129594,78.4629443368755,132.705287410117,187.20800618881
22,B026,BGEM-0028-S,1284.0,34.0,6.0,1.0,1.0,Inbred,HN,2022.0,BGEM_Short_late,0.0,97.1946273160116,59.1702091533486,75.7004388879687,124.43260221137,172.68430341988
23,B027,BGEM-0030-S,1129.0,29.0,3.0,1.0,1.0,Inbred,HN,2022.0,BGEM_Short_early,0.0,97.194627315454,58.5185711414714,79.5767360145514,127.601109773564,176.096149424889
24,B028,BGEM-0031-S,1301.0,1.0,7.0,1.0,1.0,Inbred,HN,2022.0,BGEM_Tall_early,0.0,97.1946273137209,58.0259101235542,78.4055087254424,133.435946006676,162.33975764682
25,B029,BGEM-0032-S,1038.0,38.0,1.0,1.0,1.0,Inbred,HN,2022.0,BGEM_Short_early,0.0,97.1946273110741,58.1033524334358,67.6141693964414,118.844507056227,162.481327296585
26,B030,BGEM-0033-S,1125.0,25.0,3.0,1.0,1.0,Inbred,HN,2022.0,BGEM_Tall_late,0.0,97.1946273150594,59.6590620018467,87.5432991051388,129.225690014543,184.628594958121
27,B031,BGEM-0034-S,1341.0,41.0,7.0,1.0,1.0,Inbred,HN,2022.0,BGEM_Short_late,0.0,97.1946273146367,58.9763191738669,68.5660390600809,123.46476717419,162.513889188314
28,B032,BGEM-0035-S,1233.0,33.0,5.0,1.0,1.0,Inbred,HN,2022.0,BGEM_Short_late,1.0,97.1946273139172,59.4854946808365,75.222295482373,125.792180001693,169.584788406672
29,B033,BGEM-0036-S,1235.0,35.0,5.0,1.0,1.0,Inbred,HN,2022.0,BGEM_Short_late,0.0,97.1946273142405,58.4379605322337,77.7400506937703,131.378918068538,171.768463005809
30,B034,BGEM-0037-S,1086.0,36.0,2.0,1.0,1.0,Inbred,HN,2022.0,BGEM_Short_early,0.0,97.1946273083043,56.807763799714,65.8231960317525,119.005812895757,161.365753222735
31,B035,BGEM-0038-N,1068.0,18.0,2.0,1.0,1.0,Inbred,HN,2022.0,BGEM_Tall_late,0.0,97.1946273117,58.3245390596009,76.0566673188486,123.46476717419,169.375804131484
32,B036,BGEM-0039-N,1039.0,39.0,1.0,1.0,1.0,Inbred,HN,2022.0,BGEM_Short_early,0.0,97.1946273286505,67.5958763259173,76.8662773890303,124.789779427472,167.460357175044
33,B037,BGEM-0040-N,1134.0,34.0,3.0,1.0,1.0,Inbred,HN,2022.0,BGEM_Short_early,0.0,97.1946273133908,59.1275377265999,71.4256977174096,122.63519428518,168.156883341022
34,B038,BGEM-0041-S,1264.0,14.0,6.0,1.0,1.0,Inbred,HN,2022.0,BGEM_Tall_early,0.0,97.194627317342,59.430187985649,74.5571535794251,131.334187774113,180.623569503747
35,B039,BGEM-0042-S,1349.0,49.0,7.0,1.0,1.0,Inbred,HN,2022.0,BGEM_Short_late,0.0,97.1946273150535,58.4215195749389,72.818227038122,116.908836981869,153.007439230997
36,B040,BGEM-0043-S,1020.0,20.0,1.0,1.0,1.0,Inbred,HN,2022.0,BGEM_Tall_late,0.0,97.1946273275454,60.6985510238816,77.2971058358139,130.596789650547,183.899506900413
37,B041,BGEM-0044-S,1320.0,20.0,7.0,1.0,1.0,Inbred,HN,2022.0,BGEM_Tall_early,0.0,97.1946273238739,60.8460324583899,84.687110666985,136.334668799539,190.968115276807
38,B042,BGEM-0045-N,1203.0,3.0,5.0,1.0,1.0,Inbred,HN,2022.0,BGEM_Tall_early,0.0,97.1946273202246,59.9421740554394,83.6346175757489,143.05190483139,194.973140731182
39,B043,BGEM-0046-N,1221.0,21.0,5.0,1.0,1.0,Inbred,HN,2022.0,BGEM_Tall_early,0.0,97.1946273194679,59.2328004132034,74.7705687141505,130.809984678135,177.112077490414
40,B044,BGEM-0047-S,1032.0,32.0,1.0,1.0,1.0,Inbred,HN,2022.0,BGEM_Short_early,0.0,97.1946273154339,58.5572922964122,61.8561066878625,123.142155495131,163.281200179175
41,B045,BGEM-0048-S,1229.0,29.0,5.0,1.0,1.0,Inbred,HN,2022.0,BGEM_Short_late,0.0,97.1946273164907,58.8482338424263,75.3118260542815,124.939563421321,169.549935672979
42,B046,BGEM-0049-S,1168.0,18.0,4.0,1.0,1.0,Inbred,HN,2022.0,BGEM_Tall_early,0.0,97.1946273179803,59.5735231037894,79.042619780604,131.334002274559,184.484528262424
43,B047,BGEM-0050-S,1133.0,33.0,3.0,1.0,1.0,Inbred,HN,2022.0,BGEM_Short_early,0.0,97.194627324367,60.1904441747047,79.8294502458951,131.967889286551,185.221774407487
44,B048,BGEM-0051-S,1064.0,14.0,2.0,1.0,1.0,Inbred,HN,2022.0,BGEM_Tall_late,0.0,97.1946273180448,59.3084994494862,83.0084864640633,131.199254892621,181.921330526558
45,B049,BGEM-0052-S,1109.0,9.0,3.0,1.0,1.0,Inbred,HN,2022.0,BGEM_Tall_late,0.0,97.1946273088256,56.5517352392216,71.3123523075841,121.586706328235,157.534859309855
46,B050,BGEM-0055-S,1142.0,42.0,3.0,1.0,1.0,Inbred,HN,2022.0,BGEM_Short_early,0.0,97.1946273177165,58.8094416362911,72.9477646493511,125.826745538735,171.639514170913
47,B051,BGEM-0056-S,1061.0,11.0,2.0,1.0,1.0,Inbred,HN,2022.0,BGEM_Tall_late,0.0,97.1946273151743,58.6076511131936,72.795673845604,124.27129637184,167.879405082915
48,B052,BGEM-0057-S,1161.0,11.0,4.0,1.0,1.0,Inbred,HN,2022.0,BGEM_Tall_late,0.0,97.1946273152648,58.340055942055,72.4619986072421,121.310182031898,163.977726345153
49,B053,BGEM-0059-S,1331.0,31.0,7.0,1.0,1.0,Inbred,HN,2022.0,BGEM_Short_late,0.0,97.1946273168771,58.8599425554613,73.9094655232798,127.094148563613,175.051360175922
50,B054,BGEM-0060-S,1107.0,7.0,3.0,1.0,1.0,Inbred,HN,2022.0,BGEM_Tall_late,0.0,97.1946273192523,59.9344156142123,81.8696676227529,136.161841114328,192.361167608764
51,B055,BGEM-0061-N,1118.0,18.0,3.0,1.0,1.0,Inbred,HN,2022.0,BGEM_Tall_late,0.0,97.1946273098179,58.0879776533705,80.0625020566604,130.873313946884,176.618544049372
52,B056,BGEM-0062-N,1256.0,6.0,6.0,1.0,1.0,Inbred,HN,2022.0,BGEM_Tall_early,0.0,97.1946273156171,58.3245390596009,75.732823290776,126.287619365963,180.34609124564
53,B057,BGEM-0063-N,1272.0,22.0,6.0,1.0,1.0,Inbred,HN,2022.0,BGEM_Tall_early,0.0,97.1946273263175,60.6986931262705,88.9682128286585,138.235773336855,204.827853771488
54,B058,BGEM-0064-N,1159.0,9.0,4.0,1.0,1.0,Inbred,HN,2022.0,BGEM_Tall_late,0.0,97.1946273210922,60.1399432555345,95.869560845781,140.482533244593,199.745477176417
55,B059,BGEM-0065-N,1015.0,15.0,1.0,1.0,1.0,Inbred,HN,2022.0,BGEM_Tall_late,0.0,97.1946273178232,59.9265861217909,90.3642123685458,134.087908891801,189.12345314525
56,B060,BGEM-0066-N,1137.0,37.0,3.0,1.0,1.0,Inbred,HN,2022.0,BGEM_Short_early,0.0,97.1946273124468,57.9482546600893,67.6205303875558,120.538218371291,164.151857886648
57,B061,BGEM-0067-S,1241.0,41.0,5.0,1.0,1.0,Inbred,HN,2022.0,BGEM_Short_late,0.0,97.1946273144698,58.8985926592077,68.6666624876776,124.478689594093,167.879405082915
58,B062,BGEM-0068-S,1077.0,27.0,2.0,1.0,1.0,Inbred,HN,2022.0,BGEM_Short_early,0.0,97.1946273168711,58.8172000775181,68.494909263352,122.877153044474,165.02251559412
59,B064,BGEM-0069-S,1019.0,19.0,1.0,1.0,1.0,Inbred,HN,2022.0,BGEM_Tall_late,0.0,97.1946273180124,59.247793565619,77.1577370142956,129.778738607217,179.649565079662
60,B065,BGEM-0070-S,1102.0,2.0,3.0,1.0,1.0,Inbred,HN,2022.0,BGEM_Tall_late,0.0,97.1946273064444,57.1219806694092,72.7048816282966,121.321703877579,155.44528081192
61,B066,BGEM-0071-S,1231.0,31.0,5.0,1.0,1.0,Inbred,HN,2022.0,BGEM_Short_late,0.0,97.19462731201,58.2857468534657,72.3000765932057,122.439322908608,167.112094092055
62,B067,BGEM-0072-S,1154.0,4.0,4.0,1.0,1.0,Inbred,HN,2022.0,BGEM_Tall_late,0.0,97.194627316243,59.2439853961999,66.8496657112958,131.080707169137,176.966807132362
63,B068,BGEM-0073-S,1227.0,27.0,5.0,1.0,1.0,Inbred,HN,2022.0,BGEM_Short_late,0.0,97.1946273111505,58.7008234591125,81.8048988171383,131.103750860498,178.953038913684
64,B071,BGEM-0077-S,1088.0,38.0,2.0,1.0,1.0,Inbred,HN,2022.0,BGEM_Short_early,0.0,97.1946273134331,58.1771286762871,61.127457624699,125.112391106531,167.982751799528
65,B072,BGEM-0078-N,1206.0,6.0,5.0,1.0,1.0,Inbred,HN,2022.0,BGEM_Tall_early,0.0,97.1946273177387,59.4688380893953,76.4874957656323,131.28810039139,176.934245240632
66,B073,BGEM-0079-S,1048.0,48.0,1.0,1.0,1.0,Inbred,HN,2022.0,BGEM_Short_early,0.0,97.1946273197455,59.2090013594838,71.4904665230241,127.612631619245,171.639514170913
67,B074,BGEM-0080-S,1040.0,40.0,1.0,1.0,1.0,Inbred,HN,2022.0,BGEM_Short_early,0.0,97.1946273144395,58.9452854089588,67.9183510039356,125.308262483103,169.653282389591
68,B075,BGEM-0081-S,1308.0,8.0,7.0,1.0,1.0,Inbred,HN,2022.0,BGEM_Tall_early,0.0,97.1946273239221,60.1168100342423,82.1674882391327,130.677442570312,194.728224364805
69,B076,BGEM-0082-S,1045.0,45.0,1.0,1.0,1.0,Inbred,HN,2022.0,BGEM_Short_early,0.0,97.1946273076783,57.0482044265579,52.717344105099,108.060059499087,135.665069906425
70,B077,BGEM-0083-S,1186.0,36.0,4.0,1.0,1.0,Inbred,HN,2022.0,BGEM_Short_early,0.0,97.1946273212591,59.4340672062625,85.3249675128411,133.546382144808,184.976858041111
71,B078,BGEM-0085-N,1089.0,39.0,2.0,1.0,1.0,Inbred,HN,2022.0,BGEM_Short_early,0.0,97.1946273153494,58.3866065894173,73.919296733569,124.248252680478,167.634488716538
72,B079,BGEM-0086-N,1218.0,18.0,5.0,1.0,1.0,Inbred,HN,2022.0,BGEM_Tall_early,0.0,97.1946273176362,58.8963602519464,81.9308518746852,130.989647854051,183.791595596169
73,B080,BGEM-0087-N,1119.0,19.0,3.0,1.0,1.0,Inbred,HN,2022.0,BGEM_Tall_late,0.0,97.1946273151158,59.1896763076106,80.7911511198239,134.272258422693,186.718173456056
74,B081,BGEM-0088-N,1245.0,45.0,5.0,1.0,1.0,Inbred,HN,2022.0,BGEM_Short_late,0.0,97.1946273186225,58.7744006934907,78.4584737533557,126.647787769394,172.83718590273
75,B082,BGEM-0089-N,1239.0,39.0,5.0,1.0,1.0,Inbred,HN,2022.0,BGEM_Short_late,0.0,97.1946273150154,58.1814249092752,70.460030356638,124.671492834308,162.417137657752
76,B083,BGEM-0090-N,1340.0,40.0,7.0,1.0,1.0,Inbred,HN,2022.0,BGEM_Short_late,0.0,97.1946273119878,59.7909555027065,71.432058708524,123.960206538461,174.703097092932
77,B085,BGEM-0095-S,1148.0,48.0,3.0,1.0,1.0,Inbred,HN,2022.0,BGEM_Short_early,0.0,97.1946273165722,58.8377358895729,72.378829026448,123.879553618696,166.379635834888
78,B086,BGEM-0097-S,1343.0,43.0,7.0,1.0,1.0,Inbred,HN,2022.0,BGEM_Short_late,0.0,97.194627313115,58.1578036244139,64.4370277021545,120.042779007021,156.419285236005
79,B087,BGEM-0099-S,1050.0,50.0,1.0,1.0,1.0,Inbred,HN,2022.0,BGEM_Short_early,0.0,97.1946273073099,57.1065348381496,73.3765473083444,125.500822403681,145.10073503886
80,B090,BGEM-0107-N,1248.0,48.0,5.0,1.0,1.0,Inbred,HN,2022.0,BGEM_Short_late,0.0,97.1946273149066,58.8365251293913,71.7107963515605,128.165680211918,171.88443053729
81,B091,BGEM-0108-S,1333.0,33.0,7.0,1.0,1.0,Inbred,HN,2022.0,BGEM_Short_late,0.0,97.1946273166939,59.0926957922726,76.0954127127703,126.575665507981,173.310044760976
82,B092,BGEM-0110-N,1273.0,23.0,6.0,1.0,1.0,Inbred,HN,2022.0,BGEM_Tall_early,0.0,97.1946273163216,59.3408948603435,70.6808564528424,131.034619786414,181.739143577597
83,B093,BGEM-0111-S,1132.0,32.0,3.0,1.0,1.0,Inbred,HN,2022.0,BGEM_Short_early,0.0,97.1946273155043,58.9995234463536,70.4703578345952,124.835866810194,168.331014882517
84,B094,BGEM-0112-S,1099.0,49.0,2.0,1.0,1.0,Inbred,HN,2022.0,BGEM_Short_early,0.0,97.194627314039,58.7822870919964,71.7819261482895,121.033657735561,169.375804131484
85,B095,BGEM-0113-S,1029.0,29.0,1.0,1.0,1.0,Inbred,HN,2022.0,BGEM_Short_early,0.0,97.1946273136867,58.696944238499,71.5876197314459,122.070623846825,164.848384052626
86,B096,BGEM-0114-S,1046.0,46.0,1.0,1.0,1.0,Inbred,HN,2022.0,BGEM_Short_early,0.0,97.1946273129622,58.320588787793,68.294241855394,125.239131409019,172.232693620279
87,B097,BGEM-0115-S,1185.0,35.0,4.0,1.0,1.0,Inbred,HN,2022.0,BGEM_Short_early,0.0,97.1946273170884,59.3332074703109,68.5660390600809,126.137835372114,173.658307843965
88,B098,BGEM-0116-S,1179.0,29.0,4.0,1.0,1.0,Inbred,HN,2022.0,BGEM_Short_early,0.0,97.1946273152025,58.7279069522127,70.1239606140045,125.941963995542,176.237719074654
89,B099,BGEM-0117-S,1087.0,37.0,2.0,1.0,1.0,Inbred,HN,2022.0,BGEM_Short_early,0.0,97.1946273145663,59.0112321593886,70.0233371864079,128.223289440322,174.006570926954
90,B100,BGEM-0118-S,1037.0,37.0,1.0,1.0,1.0,Inbred,HN,2022.0,BGEM_Short_early,0.0,97.1946273097756,58.07633999153,68.2907716362192,124.202165297756,166.867177725678
91,B102,BGEM-0122-N,1211.0,11.0,5.0,1.0,1.0,Inbred,HN,2022.0,BGEM_Tall_early,0.0,97.194627314188,58.3904147588364,70.2858826280409,128.442204508255,174.322272118214
92,B103,BGEM-0123-N,1085.0,35.0,2.0,1.0,1.0,Inbred,HN,2022.0,BGEM_Short_early,0.0,97.1946273153553,59.8646606943634,78.4108975134898,131.311144082751,182.539016460187
93,B104,BGEM-0124-N,1116.0,16.0,3.0,1.0,1.0,Inbred,HN,2022.0,BGEM_Tall_late,0.0,97.1946273183928,59.872348084396,79.6675282318588,136.622714941557,196.366193063138
94,B105,BGEM-0125-N,1172.0,22.0,4.0,1.0,1.0,Inbred,HN,2022.0,BGEM_Tall_early,0.0,97.1946273176985,59.9856623013292,77.1268249550429,127.905430000812,181.011178847431
95,B107,BGEM-0129-N,1135.0,35.0,3.0,1.0,1.0,Inbred,HN,2022.0,BGEM_Short_early,0.0,97.1946273128554,58.0529936166544,69.9683995910826,118.72928859942,159.450306266295
96,B109,BGEM-0131-N,1110.0,10.0,3.0,1.0,1.0,Inbred,HN,2022.0,BGEM_Tall_late,0.0,97.1946273142221,58.5999637231609,72.0410013707476,126.529578125258,165.196647135615
97,B110,BGEM-0133-S,1323.0,23.0,7.0,1.0,1.0,Inbred,HN,2022.0,BGEM_Tall_early,0.0,97.1946273139262,59.6628701712658,72.3972298016275,126.368272285728,174.077355751837
98,B111,BGEM-0134-S,1071.0,21.0,2.0,1.0,1.0,Inbred,HN,2022.0,BGEM_Tall_late,0.0,97.1946273221549,60.5007818237865,85.4157597301485,135.873794972311,189.400931403356
99,B112,BGEM-0136-S,1034.0,34.0,1.0,1.0,1.0,Inbred,HN,2022.0,BGEM_Short_early,0.0,97.1946273074307,57.9249793364082,69.28832713213,114.293378012349,152.136781523524
100,B113,BGEM-0137-S,1128.0,28.0,3.0,1.0,1.0,Inbred,HN,2022.0,BGEM_Short_early,0.0,97.1946273155466,59.2322766831649,67.4424161721159,126.172400909156,171.117119546429
101,B114,BGEM-0138-S,1222.0,22.0,5.0,1.0,1.0,Inbred,HN,2022.0,BGEM_Tall_early,0.0,97.1946273201724,60.2463263989901,78.3387365767581,130.645293433544,184.058776320399
102,B115,BGEM-0140-N,1030.0,30.0,1.0,1.0,1.0,Inbred,HN,2022.0,BGEM_Short_early,0.0,97.1946273126863,57.8745494684324,69.3854803405518,122.992371501282,162.236410930208
103,B117,BGEM-0143-N,1266.0,16.0,6.0,1.0,1.0,Inbred,HN,2022.0,BGEM_Tall_early,0.0,97.1946273206473,60.2331156014535,83.1488515336399,132.44028495946,183.132195909553
104,B118,BGEM-0144-N,1164.0,14.0,4.0,1.0,1.0,Inbred,HN,2022.0,BGEM_Tall_early,0.0,97.1946273102829,58.6000347743554,81.0340341408784,131.772017909979,185.3251211241
105,B119,BGEM-0145-N,1209.0,9.0,5.0,1.0,1.0,Inbred,HN,2022.0,BGEM_Tall_early,0.0,97.1946273063961,61.48991202904,70.852609677168,124.27129637184,165.267431960497
106,B120,BGEM-0146-N,1214.0,14.0,5.0,1.0,1.0,Inbred,HN,2022.0,BGEM_Tall_early,0.0,97.1946273158365,59.5153887367576,84.5350198632379,141.957329491723,195.566320180548
107,B121,BGEM-0147-S,1274.0,24.0,6.0,1.0,1.0,Inbred,HN,2022.0,BGEM_Tall_early,0.0,97.1946273227689,60.1593393586022,77.5399888568684,131.426362539558,180.765139153512
108,B122,BGEM-0148-S,1202.0,2.0,5.0,1.0,1.0,Inbred,HN,2022.0,BGEM_Tall_early,0.0,97.1946273147153,58.1266988083113,64.0420538773529,129.628954613368,171.639514170913
109,B123,BGEM-0149-S,1183.0,33.0,4.0,1.0,1.0,Inbred,HN,2022.0,BGEM_Short_early,0.0,97.1946273178151,59.8568312019419,74.6479457967325,129.686563841772,182.435669743575
110,B124,BGEM-0150-S,1176.0,26.0,4.0,1.0,1.0,Inbred,HN,2022.0,BGEM_Short_early,0.0,97.1946273112854,57.3701797374802,68.0513588343395,115.007732444552,149.247330142999
111,B125,BGEM-0151-N,1289.0,39.0,6.0,1.0,1.0,Inbred,HN,2022.0,BGEM_Short_late,0.0,97.1946273128836,58.3167806183739,69.3854803405518,125.815223693054,170.76885646344
112,B128,BGEM-0154-S,1126.0,26.0,3.0,1.0,1.0,Inbred,HN,2022.0,BGEM_Short_early,0.0,97.1946273173139,59.3176905878568,82.2484492461508,132.843549558285,183.061411084671
113,B130,BGEM-0156-S,1267.0,17.0,6.0,1.0,1.0,Inbred,HN,2022.0,BGEM_Tall_early,0.0,97.1946273166738,59.3447740809571,80.4447538992332,128.868512798442,176.166934249771
114,B131,BGEM-0157-N,1337.0,37.0,7.0,1.0,1.0,Inbred,HN,2022.0,BGEM_Short_late,0.0,97.1946273162148,58.9530438501858,76.9859837899701,125.930442149862,172.439387053503
115,B132,BGEM-0158-S,1103.0,3.0,3.0,1.0,1.0,Inbred,HN,2022.0,BGEM_Tall_late,0.0,97.1946273169053,59.1237295571808,76.8726383801447,130.447005656698,180.971832586736
116,B134,BGEM-0159-S,1156.0,6.0,4.0,1.0,1.0,Inbred,HN,2022.0,BGEM_Tall_late,0.0,97.1946273251279,60.4348350733566,85.5129129385703,133.892037515229,192.883562233247
117,B136,BGEM-0162-S,1181.0,31.0,4.0,1.0,1.0,Inbred,HN,2022.0,BGEM_Short_early,0.0,97.1946273182178,59.1119497929513,75.6293090912397,124.213687143436,171.013772829817
118,B137,BGEM-0164-S,1190.0,40.0,4.0,1.0,1.0,Inbred,HN,2022.0,BGEM_Short_late,0.0,97.1946273195341,59.2051221388703,71.0047004809151,127.935243298304,177.037591957244
119,B138,BGEM-0165-S,1025.0,25.0,1.0,1.0,1.0,Inbred,HN,2022.0,BGEM_Tall_late,0.0,97.1946273160761,59.2244471907435,84.5188276618343,136.795542626767,191.213031643184
120,B139,BGEM-0166-S,1007.0,7.0,1.0,1.0,1.0,Inbred,HN,2022.0,BGEM_Tall_late,0.0,97.1946273208727,60.1167389830478,91.925024694409,142.256897479422,198.281640019578
121,B140,BGEM-0167-S,1145.0,45.0,3.0,1.0,1.0,Inbred,HN,2022.0,BGEM_Short_early,0.0,97.1946273170222,59.0688628619038,69.7031200059936,127.740738756221,174.064480017446
122,B142,BGEM-0170-S,1247.0,47.0,5.0,1.0,1.0,Inbred,HN,2022.0,BGEM_Short_late,0.0,97.1946273177951,59.1080705723378,68.0999354385504,123.672160396443,168.227668165905
123,B143,BGEM-0172-S,1052.0,2.0,2.0,1.0,1.0,Inbred,HN,2022.0,BGEM_Tall_late,0.0,97.1946273267423,61.0244055554174,85.5065519474559,147.810427097522,207.581396543671
124,B144,BGEM-0173-S,1332.0,32.0,7.0,1.0,1.0,Inbred,HN,2022.0,BGEM_Short_late,0.0,97.1946273128755,58.813391908099,77.4069810264646,126.541099970939,176.270280966383
125,B145,BGEM-0174-N,1240.0,40.0,5.0,1.0,1.0,Inbred,HN,2022.0,BGEM_Short_late,0.0,97.1946273123281,58.0955939922087,65.5091832139691,117.991890475855,154.993671012319
126,B146,BGEM-0175-S,1113.0,13.0,3.0,1.0,1.0,Inbred,HN,2022.0,BGEM_Tall_late,0.0,97.1946273168207,58.4332282879739,78.0384768812063,132.163760663123,179.752911796274
127,B147,BGEM-0178-S,1017.0,17.0,1.0,1.0,1.0,Inbred,HN,2022.0,BGEM_Tall_late,0.0,97.1946273250856,60.9856844004767,81.7887066157347,140.090790491449,198.455771561073
128,B148,BGEM-0179-S,1042.0,42.0,1.0,1.0,1.0,Inbred,HN,2022.0,BGEM_Short_early,0.0,97.1946273213295,60.3961139184158,81.2769171619328,135.516617756209,189.852541202958
129,B149,BGEM-0182-N,1225.0,25.0,5.0,1.0,1.0,Inbred,HN,2022.0,BGEM_Tall_early,0.0,97.1946273200516,59.8468807348107,76.0970852363038,130.49557412028,182.079901744352
130,B150,BGEM-0184-N,1084.0,34.0,2.0,1.0,1.0,Inbred,HN,2022.0,BGEM_Short_early,0.0,97.1946273101983,57.6341088415885,69.4566101372807,124.490211439773,160.250179148885
131,B151,BGEM-0186-S,1348.0,48.0,7.0,1.0,1.0,Inbred,HN,2022.0,BGEM_Short_late,0.0,97.1946273132358,59.1896052564162,66.9242657271996,124.847388655875,165.719041760099
132,B152,BGEM-0187-S,1246.0,46.0,5.0,1.0,1.0,Inbred,HN,2022.0,BGEM_Short_late,0.0,97.1946273146811,58.0839563303682,67.3389019725796,117.945803093132,156.038460261287
133,B153,BGEM-0188-S,1066.0,16.0,2.0,1.0,1.0,Inbred,HN,2022.0,BGEM_Tall_late,0.0,97.1946273219576,60.415438970289,77.9187704802664,130.953966866649,186.440695197949
134,B154,BGEM-0190-N,1282.0,32.0,6.0,1.0,1.0,Inbred,HN,2022.0,BGEM_Short_late,0.0,97.1946273157298,58.6387559292962,64.96500935736,121.540618945513,160.669227056757
135,B155,BGEM-0191-N,1278.0,28.0,6.0,1.0,1.0,Inbred,HN,2022.0,BGEM_Short_late,0.0,97.1946273056212,58.871438114913,72.1479857894586,117.819062790645,163.177853462563
136,B160,BGEM-0197-S,1100.0,50.0,2.0,1.0,1.0,Inbred,HN,2022.0,BGEM_Short_early,0.0,97.1946273150031,58.3478854344765,77.4717498320791,126.783058730234,174.528965551438
137,B161,BGEM-0198-S,1167.0,17.0,4.0,1.0,1.0,Inbred,HN,2022.0,BGEM_Tall_early,0.0,97.1946273187028,61.0205973859983,81.4486703862584,136.760977089725,195.66966689716
138,B162,BGEM-0199-S,1210.0,10.0,5.0,1.0,1.0,Inbred,HN,2022.0,BGEM_Tall_early,0.0,97.1946273197677,59.7093497674337,84.0492538211289,137.17576353423,195.392188639053
139,B163,BGEM-0200-S,1291.0,41.0,6.0,1.0,1.0,Inbred,HN,2022.0,BGEM_Short_late,0.0,97.1946273163498,60.2563909251346,80.6390603160768,130.769617335758,181.216748953113
140,B165,BGEM-0202-N,1177.0,27.0,4.0,1.0,1.0,Inbred,HN,2022.0,BGEM_Short_early,0.0,97.1946273121791,58.2353169854899,79.3598764051898,124.179121606394,166.589699467571
141,B169,BGEM-0206-N,1173.0,23.0,4.0,1.0,1.0,Inbred,HN,2022.0,BGEM_Tall_early,0.0,97.1946273129361,58.5557916159869,73.7023417043524,126.183657898275,173.530118568985
142,B170,BGEM-0207-N,1178.0,28.0,4.0,1.0,1.0,Inbred,HN,2022.0,BGEM_Short_early,0.0,97.1946273102568,58.8016121438696,78.8677493719663,121.49453156279,166.834615833948
143,B171,BGEM-0208-N,1157.0,7.0,4.0,1.0,1.0,Inbred,HN,2022.0,BGEM_Tall_late,0.0,97.1946273271389,61.890754714447,98.4160949540908,142.607866563342,221.355468206194
144,B173,BGEM-0210-N,1014.0,14.0,1.0,1.0,1.0,Inbred,HN,2022.0,BGEM_Tall_late,0.0,97.1946273183305,59.3757367946708,83.2882203551582,123.176721032173,173.451614410741
145,B175,BGEM-0212-N,1312.0,12.0,7.0,1.0,1.0,Inbred,HN,2022.0,BGEM_Tall_early,0.0,97.1946273137913,58.8560633348478,80.1434630636785,133.062464626218,182.364884918692
146,B176,BGEM-0213-S,1060.0,10.0,2.0,1.0,1.0,Inbred,HN,2022.0,BGEM_Tall_late,0.0,97.1946273105164,57.4866274070803,90.1114981372021,114.938601370468,188.0078790714
147,B177,BGEM-0214-S,1043.0,43.0,1.0,1.0,1.0,Inbred,HN,2022.0,BGEM_Short_early,0.0,97.1946273157921,58.5728802300607,71.0920224790477,119.789298402045,160.598442231874
148,B180,BGEM-0217-S,1223.0,23.0,5.0,1.0,1.0,Inbred,HN,2022.0,BGEM_Tall_early,0.0,97.1946273205106,59.4262535059262,80.3742685789168,130.989647854051,180.318246181176
149,B181,BGEM-0218-S,1327.0,27.0,7.0,1.0,1.0,Inbred,HN,2022.0,BGEM_Short_late,0.0,97.1946273131432,59.0383867036833,74.8000366004796,125.273696946061,172.091123970514
150,B182,BGEM-0219-S,1136.0,36.0,3.0,1.0,1.0,Inbred,HN,2022.0,BGEM_Short_early,0.0,97.1946273182882,59.3563406916032,76.0664985291378,129.790260452898,175.192929825686
151,B183,BGEM-0220-S,1197.0,47.0,4.0,1.0,1.0,Inbred,HN,2022.0,BGEM_Short_late,0.0,97.1946273162874,59.77141729725,72.309907803495,127.186323329058,179.023823738566
152,B185,BGEM-0222-S,1047.0,47.0,1.0,1.0,1.0,Inbred,HN,2022.0,BGEM_Short_early,0.0,97.1946273093973,58.4369654061986,72.309907803495,125.73457077329,170.665509746828
153,B186,,,,,,,,,,,,,,,,
154,B187,BGEM-0224-N,1295.0,45.0,6.0,1.0,1.0,Inbred,HN,2022.0,BGEM_Short_late,0.0,97.194627311396,59.2245892931323,73.2617774671345,114.304899858029,155.896890611522
155,B188,BGEM-0225-N,1249.0,49.0,5.0,1.0,1.0,Inbred,HN,2022.0,BGEM_Short_late,0.0,97.1946273153634,59.0344364318753,73.0287256563692,121.102788809646,167.634488716538
156,B189,BGEM-0226-S,1250.0,50.0,5.0,1.0,1.0,Inbred,HN,2022.0,BGEM_Short_late,0.0,97.1946273215772,60.326216896178,73.6602215111109,122.831065661752,180.171959704146
157,B190,BGEM-0227-N,1146.0,46.0,3.0,1.0,1.0,Inbred,HN,2022.0,BGEM_Short_early,0.0,97.1946273141316,58.5688589070583,73.6052839157856,123.015415192643,167.879405082915
158,B191,BGEM-0228-N,1196.0,46.0,4.0,1.0,1.0,Inbred,HN,2022.0,BGEM_Short_late,0.0,97.1946273180769,59.2050510876759,78.9810947817918,129.317864779989,176.934245240632
159,B194,BGEM-0231-N,1013.0,13.0,1.0,1.0,1.0,Inbred,HN,2022.0,BGEM_Tall_late,0.0,97.1946273203313,58.5882550101259,72.9737880610439,104.246328578773,160.043485715661
160,B195,BGEM-0233-S,1115.0,15.0,3.0,1.0,1.0,Inbred,HN,2022.0,BGEM_Tall_late,0.0,97.1946273211182,59.6319074575521,81.0016497380711,138.523819478873,195.598882072278
161,B197,BGEM-0236-S,1165.0,15.0,4.0,1.0,1.0,Inbred,HN,2022.0,BGEM_Tall_early,0.0,97.1946273148481,59.348724352765,82.329410253169,128.983731255249,182.364884918692
162,B198,BGEM-0237-N,1009.0,9.0,1.0,1.0,1.0,Inbred,HN,2022.0,BGEM_Tall_late,0.0,97.1946273151301,59.2308943773124,100.69116342833,138.077244717861,194.478086341405
163,B201,BGEM-0242-N,1188.0,38.0,4.0,1.0,1.0,Inbred,HN,2022.0,BGEM_Short_late,0.0,97.1946273125394,58.3244680084065,69.6058101690883,117.266014197971,159.695222632672
164,B202,BGEM-0243-S,1215.0,15.0,5.0,1.0,1.0,Inbred,HN,2022.0,BGEM_Tall_early,0.0,97.1946273149207,58.9955731745457,74.4310861873709,129.098949712056,177.108376782126
165,B204,BGEM-0246-N,1200.0,50.0,4.0,1.0,1.0,Inbred,HN,2022.0,BGEM_Short_late,0.0,97.19462731075,58.3167095671794,64.6995731437875,118.452764303083,155.341934095308
166,B205,BGEM-0247-N,1329.0,29.0,7.0,1.0,1.0,Inbred,HN,2022.0,BGEM_Short_late,0.0,97.1946273165671,58.3440062138629,69.9423761793897,117.358188963416,155.374495987038
167,B206,BGEM-0248-N,1319.0,19.0,7.0,1.0,1.0,Inbred,HN,2022.0,BGEM_Tall_early,0.0,97.1946273191678,60.6326753246462,80.3961772950223,131.391797002516,196.192061521644
168,B207,BGEM-0250-S,1058.0,8.0,2.0,1.0,1.0,Inbred,HN,2022.0,BGEM_Tall_late,0.0,97.1946273235076,60.2680285869752,87.1969018845481,140.977972608863,201.41600776648
169,B209,BGEM-0252-S,1070.0,20.0,2.0,1.0,1.0,Inbred,HN,2022.0,BGEM_Tall_late,0.0,97.1946273221609,59.8336269294552,79.4148140005151,135.286180842595,188.459488871001
170,B210,BGEM-0253-N,1138.0,38.0,3.0,1.0,1.0,Inbred,HN,2022.0,BGEM_Short_early,0.0,97.1946273125787,57.9570817591091,72.307699229719,119.37451195754,155.828396628603
171,B211,BGEM-0254-S,1316.0,16.0,7.0,1.0,1.0,Inbred,HN,2022.0,BGEM_Tall_early,0.0,97.1946273186605,59.9964831440287,75.4575558669142,130.020697366512,180.868485870124
172,B212,BGEM-0255-S,1079.0,29.0,2.0,1.0,1.0,Inbred,HN,2022.0,BGEM_Short_early,0.0,97.1946273204077,60.0934636593667,75.7004388879687,130.182003206042,186.963089822433
173,B214,BGEM-0257-S,1121.0,21.0,3.0,1.0,1.0,Inbred,HN,2022.0,BGEM_Tall_late,0.0,97.1946273114383,57.7504854599941,69.5375711442989,119.397555648901,161.120836856358
174,B215,BGEM-0258-S,1268.0,18.0,6.0,1.0,1.0,Inbred,HN,2022.0,BGEM_Tall_early,0.0,97.1946273115531,59.4494419863277,73.767205929822,128.591988502105,173.277482869246
175,B225,BGEM-0270-S,1296.0,46.0,6.0,1.0,1.0,Inbred,HN,2022.0,BGEM_Short_late,0.0,97.1946273165671,60.1206892548558,80.3053850777149,129.145037094778,180.797701045241
176,B226,BGEM-0272-S,1257.0,7.0,6.0,1.0,1.0,Inbred,HN,2022.0,BGEM_Tall_early,0.0,97.1946273130104,58.4797078841418,74.5507925883107,133.200726774387,183.654590534037
177,B231,BGEM-0280-S,1175.0,25.0,4.0,1.0,1.0,Inbred,HN,2022.0,BGEM_Tall_early,0.0,97.194627317129,59.3084994494862,80.8532172853071,122.216096096778,185.12749921732
178,B236,BGEM-0285-N,1344.0,44.0,7.0,1.0,1.0,Inbred,HN,2022.0,BGEM_Short_late,0.0,97.1946273083243,60.8616203920384,77.4717498320791,131.541580996365,182.539016460187
179,B238,BGEM-0287-N,1330.0,30.0,7.0,1.0,1.0,Inbred,HN,2022.0,BGEM_Short_late,0.0,97.1946273098602,58.4642620528821,73.9094655232798,119.950604241575,160.42431069038
180,B239,BGEM-0288-S,1242.0,42.0,5.0,1.0,1.0,Inbred,HN,2022.0,BGEM_Short_late,0.0,97.1946273229943,60.6015705085436,90.7690174036366,140.770579386611,202.879844923319
181,B243,BGEM-0292-S,1003.0,3.0,1.0,1.0,1.0,Inbred,HN,2022.0,BGEM_Tall_late,0.0,97.194627312779,57.9016329615326,77.5076044540612,127.428282088353,172.232693620279
182,B246,BGEM-0295-S,1201.0,1.0,5.0,1.0,1.0,Inbred,HN,2022.0,BGEM_Tall_early,0.0,97.1946273158425,58.8792676073345,78.3073833139536,132.901158786689,186.440695197949
183,B247,BGEM-0296-S,1287.0,37.0,6.0,1.0,1.0,Inbred,HN,2022.0,BGEM_Short_late,0.0,97.1946273138477,58.6155516568094,69.5699555471062,119.939082395894,156.767548318994
184,B248,BGEM-0297-N,1335.0,35.0,7.0,1.0,1.0,Inbred,HN,2022.0,BGEM_Short_late,0.0,97.1946273250353,61.6878943827185,78.6052039303334,118.56798275989,183.583805709154
185,B251,BGEM-0300-S,1205.0,5.0,5.0,1.0,1.0,Inbred,HN,2022.0,BGEM_Tall_early,0.0,97.1946273162311,58.9955731745457,81.8633066316385,135.735532824142,186.685611564326
186,B252,BGEM-0301-S,1304.0,4.0,7.0,1.0,1.0,Inbred,HN,2022.0,BGEM_Tall_early,0.0,97.1946273183002,59.8607814737498,87.7450085000528,137.178928838277,175.051360175922
187,B254,BGEM-0302-S,1208.0,8.0,5.0,1.0,1.0,Inbred,HN,2022.0,BGEM_Tall_early,0.0,97.1946273168228,58.4524822886527,66.1568712701144,126.518056279578,173.277482869246
188,B257,BGEM-0305-S,1238.0,38.0,5.0,1.0,1.0,Inbred,HN,2022.0,BGEM_Short_late,0.0,97.1946273166679,58.32834722902,65.8330272420418,122.105189383867,171.710298995795
189,B259,BGEM-0307-S,1069.0,19.0,2.0,1.0,1.0,Inbred,HN,2022.0,BGEM_Tall_late,0.0,97.1946273185538,59.8956944592715,72.5978972095856,130.020697366512,183.235542626165
190,B261,BGEM-0309-S,1105.0,5.0,3.0,1.0,1.0,Inbred,HN,2022.0,BGEM_Tall_late,0.0,97.1946273201259,60.0158792470963,71.1180458907405,133.661600601615,180.171959704146
191,B262,BGEM-0310-S,1144.0,44.0,3.0,1.0,1.0,Inbred,HN,2022.0,BGEM_Short_early,0.0,97.1946273222053,60.5123484344326,74.5930082014072,130.135915823319,178.675560655577
192,B265,BGEM-0313-S,1251.0,1.0,6.0,1.0,1.0,Inbred,HN,2022.0,BGEM_Tall_early,0.0,97.1946273182378,59.3874455077058,82.0963584424037,131.760496064299,186.266563656455
193,B267,BGEM-0315-S,1270.0,20.0,6.0,1.0,1.0,Inbred,HN,2022.0,BGEM_Tall_early,0.0,97.1946273136082,58.6776191866258,68.8089220811354,127.117192254974,170.872203180053
194,B268,BGEM-0316-S,1346.0,46.0,7.0,1.0,1.0,Inbred,HN,2022.0,BGEM_Short_late,0.0,97.1946273177447,59.5852857589954,71.5714275300423,124.904997884279,175.296276542298
195,B273,BGEM-0321-S,1027.0,27.0,1.0,1.0,1.0,Inbred,HN,2022.0,BGEM_Short_early,0.0,97.1946273143289,58.3167095671794,65.4120300055473,119.627992562515,159.346959549683
196,B274,BGEM-0322-S,1338.0,38.0,7.0,1.0,1.0,Inbred,HN,2022.0,BGEM_Short_late,0.0,97.1946273194274,59.437946426876,73.0998554530982,131.725930527257,182.364884918692
197,B276,BGEM-0324-N,1112.0,12.0,3.0,1.0,1.0,Inbred,HN,2022.0,BGEM_Tall_late,0.0,97.1946273184411,59.2051931900647,78.4756663191043,130.838748409842,179.57878025478
198,B277,BGEM-0325-N,1022.0,22.0,1.0,1.0,1.0,Inbred,HN,2022.0,BGEM_Tall_late,0.0,97.1946273197254,59.7675380766365,80.5193539151369,133.189204928706,183.37711227593
199,B280,BGEM-0328-S,1074.0,24.0,2.0,1.0,1.0,Inbred,HN,2022.0,BGEM_Tall_late,0.0,97.1946273227608,60.3572506610862,98.5314428670912,143.063426677071,208.555400967756
200,B283,BGEM-0101-S,1292.0,42.0,6.0,1.0,1.0,Inbred,HN,2022.0,BGEM_Short_late,0.0,97.1946273086847,57.0211209334577,69.46644134757,120.307781457677,158.927911641811
201,B287,BGEM-0171-S,1166.0,16.0,4.0,1.0,1.0,Inbred,HN,2022.0,BGEM_Tall_early,0.0,97.1946273191396,59.5309766704061,75.6518622837578,128.995253100929,184.17698515852
202,B288,BGEM-0147-S,1274.0,24.0,6.0,1.0,1.0,Inbred,HN,2022.0,BGEM_Tall_early,0.0,97.1946273227689,60.1593393586022,77.5399888568684,131.426362539558,180.765139153512
203,B292,BGEM-0106-N,1018.0,18.0,1.0,1.0,1.0,Inbred,HN,2022.0,BGEM_Tall_late,0.0,97.1946273239806,60.6364834940653,86.7695436569393,135.585748830293,192.606083975141
204,B297,BGEM-0238-N,1120.0,20.0,3.0,1.0,1.0,Inbred,HN,2022.0,BGEM_Tall_late,0.0,97.1946273199287,59.6240779651306,88.5894312052606,136.565105713153,194.624877648193
205,B298,BGEM-0053-S,1258.0,8.0,6.0,1.0,1.0,Inbred,HN,2022.0,BGEM_Tall_early,0.0,97.1946273149689,58.7512533270883,86.9702110648973,133.108552008941,182.958064368058
206,B299,BGEM-0245-S,1002.0,2.0,1.0,1.0,1.0,Inbred,HN,2022.0,BGEM_Tall_late,0.0,97.1946273135117,58.4369654061986,67.9703978273213,122.335626297481,165.093300419003
207,B300,BGEM-0084-S,1290.0,40.0,6.0,1.0,1.0,Inbred,HN,2022.0,BGEM_Short_late,0.0,97.1946273190973,59.604681862063,71.7333495440786,125.619352316482,171.291251087924
208,B302,BGEM-0058-N,1169.0,19.0,4.0,1.0,1.0,Inbred,HN,2022.0,BGEM_Tall_early,0.0,97.1946273187553,59.5903451118522,84.1913183742995,132.41198133006,187.423516228957
209,B303,BGEM-0109-N,1044.0,44.0,1.0,1.0,1.0,Inbred,HN,2022.0,BGEM_Short_early,0.0,97.1946273024932,57.1102719563743,64.0518850876421,119.144075043926,152.904092514385
210,B304,,,,,,,,,,,,,,,,
211,B305,BGEM-0105-N,1317.0,17.0,7.0,1.0,1.0,Inbred,HN,2022.0,BGEM_Tall_early,0.0,97.1946273203313,59.5347848398252,80.6326993249623,136.104231885925,189.645847769733
212,B306,BGEM-0168-S,1124.0,24.0,3.0,1.0,1.0,Inbred,HN,2022.0,BGEM_Tall_late,0.0,97.1946273213859,59.6357866781656,87.4299536953134,133.212248620068,189.330146578474
213,B307,BGEM-0183-N,1059.0,9.0,2.0,1.0,1.0,Inbred,HN,2022.0,BGEM_Tall_late,0.0,97.1946273139625,58.7240277315992,73.3624008947311,131.242013008667,177.63077140661
214,B308,BGEM-0163-S,1328.0,28.0,7.0,1.0,1.0,Inbred,HN,2022.0,BGEM_Short_late,0.0,97.1946273132922,59.2128805800973,74.8098678107689,118.740810445101,155.79354389491
215,B309,BGEM-0076-S,1303.0,3.0,7.0,1.0,1.0,Inbred,HN,2022.0,BGEM_Tall_early,0.0,97.1946273183487,59.2057383925313,82.4765727297597,114.421593222141,182.88070569307
216,B310,BGEM-0180-S,1127.0,27.0,3.0,1.0,1.0,Inbred,HN,2022.0,BGEM_Short_early,0.0,97.1946273187028,59.7637299072174,69.0130597082682,125.446524631272,169.898198755968
217,B311,BGEM-0181-N,1193.0,43.0,4.0,1.0,1.0,Inbred,HN,2022.0,BGEM_Short_late,0.0,97.1946273133285,59.5309056192117,92.0643935159273,124.328905600243,170.317246663839
218,B312,BGEM-0121-N,1152.0,2.0,4.0,1.0,1.0,Inbred,HN,2022.0,BGEM_Tall_late,0.0,97.1946273202105,60.3766467641538,86.144408793312,134.88291624377,195.495535355665
219,B313,BGEM-0251-S,1311.0,11.0,7.0,1.0,1.0,Inbred,HN,2022.0,BGEM_Tall_early,0.0,97.1946273174829,59.0345074830698,81.6817221970237,136.392278027942,188.80775195399
220,B314,BGEM-0189-S,1265.0,15.0,6.0,1.0,1.0,Inbred,HN,2022.0,BGEM_Tall_early,0.0,97.1946273198441,60.2757870282022,84.3632666389124,136.657280478599,192.709430691753
221,B315,BGEM-0249-N,1189.0,39.0,4.0,1.0,1.0,Inbred,HN,2022.0,BGEM_Short_late,0.0,97.1946273169637,59.0925536898837,73.281439887713,124.098468686629,166.486352750959
0,B001,BGEM-0001-N,2338.0,38.0,7.0,2.0,1.0,Inbred,LN,2022.0,BGEM_Tall_early,0.0,83.8006719632149,51.3706716622223,66.6044630358939,123.454723118704,173.513955720041
1,B002,BGEM-0002-N,2339.0,39.0,7.0,2.0,1.0,Inbred,LN,2022.0,BGEM_Tall_early,,83.1124979088933,50.7952741338922,65.2668927396634,123.443043362264,163.091680250222
2,B003,BGEM-0003-N,2136.0,36.0,3.0,2.0,1.0,Inbred,LN,2022.0,BGEM_Tall_late,0.0,98.6438200152915,52.5715075814711,78.9994525804959,129.100046711852,178.257969355097
3,B004,BGEM-0004-N,2273.0,23.0,6.0,2.0,1.0,Inbred,LN,2022.0,BGEM_Short_late,0.0,76.5269380572172,48.7802221246289,69.5509739993288,110.70983184789,146.081181221673
4,B005,BGEM-0005-N,2346.0,46.0,7.0,2.0,1.0,Inbred,LN,2022.0,BGEM_Tall_early,0.0,86.5652822079742,51.1923816130762,71.8099657379623,121.490887671314,165.263497224291
5,B006,BGEM-0006-S,2347.0,47.0,7.0,2.0,1.0,Inbred,LN,2022.0,BGEM_Tall_early,0.0,86.9792345440879,50.9983600890055,70.1599196443149,118.051319087182,164.232189912323
6,B007,BGEM-0007-S,2195.0,45.0,4.0,2.0,1.0,Inbred,LN,2022.0,BGEM_Tall_early,0.0,94.2825364740937,52.6973593808684,75.3850657986824,140.842981121752,181.351891291003
7,B008,BGEM-0008-S,2003.0,3.0,1.0,2.0,1.0,Inbred,LN,2022.0,BGEM_Short_early,0.0,89.6195476639464,50.9827369801946,69.4729688831663,127.735597618935,169.060329936552
8,B009,BGEM-0010-S,2053.0,3.0,2.0,2.0,1.0,Inbred,LN,2022.0,BGEM_Short_early,0.0,89.1820523326929,50.7938509149849,64.6008356266344,118.151514773273,158.663130427692
9,B010,BGEM-0011-S,2092.0,42.0,2.0,2.0,1.0,Inbred,LN,2022.0,BGEM_Tall_late,0.0,95.6426655784672,52.4299243071492,66.211594907436,123.61503621645,168.151157697804
10,B011,BGEM-0012-S,2071.0,21.0,2.0,2.0,1.0,Inbred,LN,2022.0,BGEM_Short_early,0.0,82.5144629188617,50.0387401186014,60.0435653823979,101.225606841252,140.305860274649
11,B012,BGEM-0013-S,2069.0,19.0,2.0,2.0,1.0,Inbred,LN,2022.0,BGEM_Short_early,0.0,86.8609624480554,50.882995939558,66.8401839588449,118.111436498837,159.488176277267
12,B013,BGEM-0014-S,2080.0,30.0,2.0,2.0,1.0,Inbred,LN,2022.0,BGEM_Tall_late,0.0,82.5440309428698,49.7765488698572,67.8419976864128,98.9740604553982,137.418199801136
13,B014,BGEM-0015-S,2031.0,31.0,1.0,2.0,1.0,Inbred,LN,2022.0,BGEM_Tall_late,0.0,92.8780553337079,52.6763840809688,64.8365564832057,128.652042248314,181.764414215791
14,B016,BGEM-0019-S,2178.0,28.0,4.0,2.0,1.0,Inbred,LN,2022.0,BGEM_Tall_late,0.0,93.2476556338095,51.9212732845853,81.6905992145569,134.483411606155,180.939368366216
15,B018,BGEM-0020-S,2011.0,11.0,1.0,2.0,1.0,Inbred,LN,2022.0,BGEM_Short_early,0.0,94.7622160187465,51.2112073241257,68.8258802573293,120.712737752563,165.549359532829
16,B019,BGEM-0021-S,2183.0,33.0,4.0,2.0,1.0,Inbred,LN,2022.0,BGEM_Tall_late,0.0,94.2234004260774,52.5085816817725,68.2152224084479,126.127091386141,167.326111848229
17,B021,BGEM-0023-S,2072.0,22.0,2.0,2.0,1.0,Inbred,LN,2022.0,BGEM_Short_early,0.0,89.5516526327944,51.6066437860922,64.718696111048,114.15085034703,157.838084578117
18,B022,BGEM-0024-S,2068.0,18.0,2.0,2.0,1.0,Inbred,LN,2022.0,BGEM_Short_early,0.0,87.3192668201813,50.6050732158891,63.9133164018329,106.608971735555,149.381364619973
19,B023,BGEM-0025-S,2277.0,27.0,6.0,2.0,1.0,Inbred,LN,2022.0,BGEM_Tall_early,0.0,97.8750513910803,53.1797912785579,74.638616308736,138.932100068609,189.808611249147
20,B024,BGEM-0026-S,2173.0,23.0,4.0,2.0,1.0,Inbred,LN,2022.0,BGEM_Short_late,0.0,80.9473576464313,47.7262133046769,58.8649609052716,89.3681507104431,118.648406723306
21,B025,BGEM-0027-S,2100.0,50.0,2.0,2.0,1.0,Inbred,LN,2022.0,BGEM_Tall_late,0.0,91.9910146134643,52.8127235303159,68.8634548204036,127.830418049693,154.331639717423
22,B026,BGEM-0028-S,2259.0,9.0,6.0,2.0,1.0,Inbred,LN,2022.0,BGEM_Short_late,0.0,84.1259202273042,50.1698357429736,61.9686192118421,109.662083610139,150.000149007154
23,B027,BGEM-0030-S,2104.0,4.0,3.0,2.0,1.0,Inbred,LN,2022.0,BGEM_Short_early,0.0,84.9538248995316,49.7608173949325,74.0689575224719,107.410537224286,150.618933394336
24,B028,BGEM-0031-S,2326.0,26.0,7.0,2.0,1.0,Inbred,LN,2022.0,BGEM_Tall_early,0.0,88.0436834083802,50.4162955167932,70.2581366305532,123.534879667577,163.819666987535
25,B029,BGEM-0032-S,2013.0,13.0,1.0,2.0,1.0,Inbred,LN,2022.0,BGEM_Short_early,0.0,81.4943660905815,50.3271504922201,51.4593967297147,98.5933168482513,137.005676876349
26,B030,BGEM-0033-S,2150.0,50.0,3.0,2.0,1.0,Inbred,LN,2022.0,BGEM_Tall_late,0.0,92.0057986254684,52.5452884565967,82.9477772714987,126.895741617843,179.908061054247
27,B031,BGEM-0034-S,2316.0,16.0,7.0,2.0,1.0,Inbred,LN,2022.0,BGEM_Short_late,0.0,86.5339466510664,51.0823266172928,58.7960065568552,108.673549410213,147.994507514209
28,B032,BGEM-0035-S,2208.0,8.0,5.0,2.0,1.0,Inbred,LN,2022.0,BGEM_Short_late,,86.5549371341472,51.0881848312397,64.6198041138264,115.416917800697,160.282903927243
29,B033,BGEM-0036-S,2210.0,10.0,5.0,2.0,1.0,Inbred,LN,2022.0,BGEM_Short_late,0.0,80.8143015383947,48.8588794992522,63.4615180541062,104.564979739293,143.606043672948
30,B034,BGEM-0037-S,2061.0,11.0,2.0,2.0,1.0,Inbred,LN,2022.0,BGEM_Short_early,0.0,84.0520001672839,50.2694684174964,54.4844813647174,101.906937506673,142.780997823373
31,B035,BGEM-0038-N,2093.0,43.0,2.0,2.0,1.0,Inbred,LN,2022.0,BGEM_Tall_late,0.0,85.8408656197752,51.1504310132772,66.2115949533122,109.394411808894,151.237717781517
32,B036,BGEM-0039-N,2014.0,14.0,1.0,2.0,1.0,Inbred,LN,2022.0,BGEM_Short_early,0.0,86.7438514818746,50.9534459104599,70.7671461348404,118.371784463773,159.229612806125
33,B037,BGEM-0040-N,2109.0,9.0,3.0,2.0,1.0,Inbred,LN,2022.0,BGEM_Short_early,0.0,85.0646128354092,50.8362816315209,80.473475522396,111.683346495801,153.612060160167
34,B038,BGEM-0041-S,2289.0,39.0,6.0,2.0,1.0,Inbred,LN,2022.0,BGEM_Tall_early,0.0,91.2961660492735,51.9632238843844,66.8401839588449,122.299616177453,168.151157697804
35,B039,BGEM-0042-S,2324.0,24.0,7.0,2.0,1.0,Inbred,LN,2022.0,BGEM_Short_late,0.0,86.2843859798971,49.3046046221175,62.2829136687323,105.166153855841,142.780997823373
36,B040,BGEM-0043-S,2045.0,45.0,1.0,2.0,1.0,Inbred,LN,2022.0,BGEM_Tall_late,0.0,99.501292711527,53.2899116030305,74.9136239527804,135.418088038005,181.558152753397
37,B041,BGEM-0044-S,2345.0,45.0,7.0,2.0,1.0,Inbred,LN,2022.0,BGEM_Tall_early,0.0,91.90231054144,52.1572454084552,79.2155299593954,126.500671975879,171.657602558498
38,B042,BGEM-0045-N,2228.0,28.0,5.0,2.0,1.0,Inbred,LN,2022.0,BGEM_Tall_early,0.0,94.7112728222114,52.7550414555921,78.5280108263463,133.368382939341,179.289276667066
39,B043,BGEM-0046-N,2246.0,46.0,5.0,2.0,1.0,Inbred,LN,2022.0,BGEM_Tall_early,0.0,86.4470101119417,50.6417799907133,63.0882933779473,120.463178570782,161.963313825992
40,B044,BGEM-0047-S,2007.0,7.0,1.0,2.0,1.0,Inbred,LN,2022.0,BGEM_Short_early,0.0,85.3382092116372,50.4634899415672,49.7367657951367,108.004705613416,124.011204745543
41,B045,BGEM-0048-S,2204.0,4.0,5.0,2.0,1.0,Inbred,LN,2022.0,BGEM_Short_late,0.0,84.5250885514139,50.5526349661402,64.1490372789077,108.212102713016,147.112488533642
42,B046,BGEM-0049-S,2193.0,43.0,4.0,2.0,1.0,Inbred,LN,2022.0,BGEM_Tall_early,0.0,95.3617693503901,52.8127235303159,76.7797476547083,134.971513916802,180.526845441429
43,B047,BGEM-0050-S,2108.0,8.0,3.0,2.0,1.0,Inbred,LN,2022.0,BGEM_Short_early,0.0,90.2760692209933,51.0298230388548,65.4847889615411,120.262787198599,163.200882600354
44,B048,BGEM-0051-S,2089.0,39.0,2.0,2.0,1.0,Inbred,LN,2022.0,BGEM_Tall_late,0.0,93.3363597058338,52.6344334811698,73.5385855490536,128.952609733916,173.513955720041
45,B049,BGEM-0052-S,2134.0,34.0,3.0,2.0,1.0,Inbred,LN,2022.0,BGEM_Tall_late,0.0,88.2654435884411,50.7990947399598,65.9955175285365,107.838522123278,149.587626082367
46,B050,BGEM-0055-S,2117.0,17.0,3.0,2.0,1.0,Inbred,LN,2022.0,BGEM_Short_early,0.0,85.4416972956656,49.9810580438777,61.3596735209798,110.769949259545,152.062763631092
47,B051,BGEM-0056-S,2086.0,36.0,2.0,2.0,1.0,Inbred,LN,2022.0,BGEM_Tall_late,0.0,90.0838770649406,51.5594493613182,61.6543247090757,120.142552375289,158.869391890085
48,B052,BGEM-0057-S,2186.0,36.0,4.0,2.0,1.0,Inbred,LN,2022.0,BGEM_Tall_late,0.0,87.008802568096,49.8394747695558,61.0846659228116,102.447994211566,140.92464466183
49,B053,BGEM-0059-S,2306.0,6.0,7.0,2.0,1.0,Inbred,LN,2022.0,BGEM_Short_late,0.0,83.2684475310687,49.5772835208115,68.6866641167213,109.707874986977,147.52501145843
50,B054,BGEM-0060-S,2132.0,32.0,3.0,2.0,1.0,Inbred,LN,2022.0,BGEM_Tall_late,0.0,92.8632713217039,52.8494303051401,76.8779646409465,127.2893613448,178.670492279885
51,B055,BGEM-0061-N,2143.0,43.0,3.0,2.0,1.0,Inbred,LN,2022.0,BGEM_Tall_late,0.0,85.7669455597549,51.7220079355397,70.4545707865346,128.278442085903,171.451341096104
52,B056,BGEM-0062-N,2281.0,31.0,6.0,2.0,1.0,Inbred,LN,2022.0,BGEM_Tall_early,0.0,89.2264043687051,50.0964221933252,70.9849426682005,126.38043715257,172.89517133286
53,B057,BGEM-0063-N,2297.0,47.0,6.0,2.0,1.0,Inbred,LN,2022.0,BGEM_Tall_early,0.0,95.820073722516,53.2741801281058,76.7208173895634,138.851943519736,189.808611249147
54,B058,BGEM-0064-N,2184.0,34.0,4.0,2.0,1.0,Inbred,LN,2022.0,BGEM_Tall_late,0.0,88.3541476604655,50.2694684174964,88.4675744304572,145.104154331833,158.456868965298
55,B059,BGEM-0065-N,2040.0,40.0,1.0,2.0,1.0,Inbred,LN,2022.0,BGEM_Tall_late,0.0,95.080873122313,53.1640598036332,87.5443342827047,139.50607203053,184.033290302122
56,B060,BGEM-0066-N,2112.0,12.0,3.0,2.0,1.0,Inbred,LN,2022.0,BGEM_Short_early,0.0,81.2873899225247,48.6753456251312,60.4364334649797,97.0503032824452,134.943062252411
57,B061,BGEM-0067-S,2216.0,16.0,5.0,2.0,1.0,Inbred,LN,2022.0,BGEM_Short_late,0.0,87.0679386161122,51.3025019375488,61.7328982888911,109.594803181076,149.381364619973
58,B062,BGEM-0068-S,2052.0,2.0,2.0,2.0,1.0,Inbred,LN,2022.0,BGEM_Short_early,0.0,83.9189440592474,49.9548389190033,58.2167285391921,106.769284833301,147.52501145843
59,B064,BGEM-0069-S,2044.0,44.0,1.0,2.0,1.0,Inbred,LN,2022.0,BGEM_Tall_late,0.0,95.1843612063414,52.7393099806675,74.6582596692827,132.412217455266,178.876753742279
60,B065,BGEM-0070-S,2127.0,27.0,3.0,2.0,1.0,Inbred,LN,2022.0,BGEM_Tall_late,0.0,91.1335419172288,51.9317609345351,68.6277338974526,121.77143559237,167.738634773016
61,B066,BGEM-0071-S,2206.0,6.0,5.0,2.0,1.0,Inbred,LN,2022.0,BGEM_Short_late,0.0,72.2100065520316,47.5164603056815,59.7292707878791,97.3838055977472,131.02409446693
62,B067,BGEM-0072-S,2179.0,29.0,4.0,2.0,1.0,Inbred,LN,2022.0,BGEM_Tall_late,0.0,87.2157787361528,51.0088477389553,61.948975759543,114.524430936768,162.169575288385
63,B068,BGEM-0073-S,2202.0,2.0,5.0,2.0,1.0,Inbred,LN,2022.0,BGEM_Short_late,0.0,84.2249935121766,50.9885951941416,60.7372723588042,95.3516038967792,138.865984464527
64,B071,BGEM-0077-S,2063.0,13.0,2.0,2.0,1.0,Inbred,LN,2022.0,BGEM_Short_early,0.0,85.6191054397143,50.196054867848,56.7434730574746,113.983374231875,152.681548018273
65,B072,BGEM-0078-N,2231.0,31.0,5.0,2.0,1.0,Inbred,LN,2022.0,BGEM_Tall_early,0.0,88.2802276004452,49.5772835208115,65.5633625872327,124.651358249398,163.819666987535
66,B073,BGEM-0079-S,2023.0,23.0,1.0,2.0,1.0,Inbred,LN,2022.0,BGEM_Short_early,0.0,89.9212529328959,51.6905449856904,62.2043400889169,118.880086730539,160.725745051629
67,B074,BGEM-0080-S,2015.0,15.0,1.0,2.0,1.0,Inbred,LN,2022.0,BGEM_Short_early,0.0,88.5463398165183,51.4126222620214,61.7132549283444,121.164548373421,160.519483589235
68,B075,BGEM-0081-S,2333.0,33.0,7.0,2.0,1.0,Inbred,LN,2022.0,BGEM_Tall_early,0.0,93.6468239579191,51.6328629109666,76.5243833253344,133.28106337306,179.289276667066
69,B076,BGEM-0082-S,2020.0,20.0,1.0,2.0,1.0,Inbred,LN,2022.0,BGEM_Short_early,0.0,82.2631347147926,49.278385497243,49.3771956488873,93.643649955341,126.692603756662
70,B077,BGEM-0083-S,2161.0,11.0,4.0,2.0,1.0,Inbred,LN,2022.0,BGEM_Short_early,0.0,88.5315558045142,50.4425146416676,69.1973927754691,121.264744059512,161.34452943881
71,B078,BGEM-0085-N,2064.0,14.0,2.0,2.0,1.0,Inbred,LN,2022.0,BGEM_Short_early,0.0,83.9928641192677,50.1226413181996,69.8063382828265,115.579342191928,152.887809480667
72,B079,BGEM-0086-N,2243.0,43.0,5.0,2.0,1.0,Inbred,LN,2022.0,BGEM_Tall_early,0.0,84.8946888515154,50.2904437173959,73.4600119692383,124.05018413285,170.420033784135
73,B080,BGEM-0087-N,2144.0,44.0,3.0,2.0,1.0,Inbred,LN,2022.0,BGEM_Tall_late,0.0,91.0596218572085,52.5662637564962,80.6887855328652,132.206112980682,178.257969355097
74,B081,BGEM-0088-N,2220.0,20.0,5.0,2.0,1.0,Inbred,LN,2022.0,BGEM_Short_late,0.0,88.5906918525305,49.9810580438777,69.0206020717868,111.73899086343,150.206410469548
75,B082,,,,,,,,,,,,,,,,
76,B083,BGEM-0090-N,2315.0,15.0,7.0,2.0,1.0,Inbred,LN,2022.0,BGEM_Short_late,0.0,82.603166990886,49.7293544450832,62.4400609201155,112.440360666069,153.300332405454
77,B085,BGEM-0095-S,2123.0,23.0,3.0,2.0,1.0,Inbred,LN,2022.0,BGEM_Short_early,0.0,84.4363844793895,49.2469225473937,58.9631779832623,101.318639509935,138.862030037892
78,B086,BGEM-0097-S,2318.0,18.0,7.0,2.0,1.0,Inbred,LN,2022.0,BGEM_Short_late,0.0,81.863966390683,49.4776508462887,54.4255511454487,101.065293743506,134.32427786523
79,B087,BGEM-0099-S,2025.0,25.0,1.0,2.0,1.0,Inbred,LN,2022.0,BGEM_Short_early,0.0,85.2495051396128,50.2537369425717,67.5669899964922,109.755116278822,151.650240706304
80,B090,BGEM-0107-N,2223.0,23.0,5.0,2.0,1.0,Inbred,LN,2022.0,BGEM_Short_late,0.0,86.6835543040067,50.6365361657384,65.1312076000527,121.357776728195,161.138267976417
81,B091,BGEM-0108-S,2308.0,8.0,7.0,2.0,1.0,Inbred,LN,2022.0,BGEM_Short_late,0.0,87.8662752643315,50.4634899415672,62.872215815543,109.868188084723,151.443979243911
82,B092,BGEM-0110-N,2298.0,48.0,6.0,2.0,1.0,Inbred,LN,2022.0,BGEM_Tall_early,0.0,86.3435220279133,50.7990947399598,59.356046065844,124.116014646906,163.200882600354
83,B093,BGEM-0111-S,2107.0,7.0,3.0,2.0,1.0,Inbred,LN,2022.0,BGEM_Short_early,0.0,83.1945274710484,49.8866691943297,57.4702791409981,112.166975762422,153.506593867848
84,B094,BGEM-0112-S,2074.0,24.0,2.0,2.0,1.0,Inbred,LN,2022.0,BGEM_Short_early,0.0,87.0531546041082,51.2920142875991,64.2079675440526,115.373237717344,161.138267976417
85,B095,BGEM-0113-S,2004.0,4.0,1.0,2.0,1.0,Inbred,LN,2022.0,BGEM_Short_early,0.0,88.8715880806076,51.1451871883023,64.0704636532161,118.732649752603,162.375836750779
86,B096,BGEM-0114-S,2021.0,21.0,1.0,2.0,1.0,Inbred,LN,2022.0,BGEM_Short_early,0.0,88.487203768502,51.1451871883023,58.5506664942576,110.583883922179,152.887809480667
87,B097,BGEM-0115-S,2160.0,10.0,4.0,2.0,1.0,Inbred,LN,2022.0,BGEM_Short_early,0.0,82.5735989668779,49.9338636191037,63.8347428220175,118.218795202337,162.169575288385
88,B098,BGEM-0116-S,2154.0,4.0,4.0,2.0,1.0,Inbred,LN,2022.0,BGEM_Short_early,0.0,84.2146242993286,50.5264158412658,60.377503245711,112.159812745013,154.950424104604
89,B099,BGEM-0117-S,2062.0,12.0,2.0,2.0,1.0,Inbred,LN,2022.0,BGEM_Short_early,0.0,83.578911783154,50.1750795679485,56.8809769483111,113.068736937244,154.331639717423
90,B100,BGEM-0118-S,2012.0,12.0,1.0,2.0,1.0,Inbred,LN,2022.0,BGEM_Short_early,0.0,86.6539862799986,51.3444525373479,56.3309615684699,114.271085170339,159.075653352479
91,B102,BGEM-0122-N,2236.0,36.0,5.0,2.0,1.0,Inbred,LN,2022.0,BGEM_Tall_early,0.0,84.2737603473448,50.3166628422704,63.7954560091717,114.731985326359,155.981731416573
92,B103,BGEM-0123-N,2060.0,10.0,2.0,2.0,1.0,Inbred,LN,2022.0,BGEM_Short_early,0.0,80.0455329141836,49.5510643959371,63.9918900734007,108.419657102607,142.57473636098
93,B104,BGEM-0124-N,2141.0,41.0,3.0,2.0,1.0,Inbred,LN,2022.0,BGEM_Tall_late,0.0,90.0247410169243,52.5243131566972,72.8510663701284,132.80728709723,179.083015204672
94,B105,BGEM-0125-N,2197.0,47.0,4.0,2.0,1.0,Inbred,LN,2022.0,BGEM_Tall_early,0.0,83.6084798071621,50.9564094892064,69.7277647488874,121.204626647857,164.850974299504
95,B107,BGEM-0129-N,2110.0,10.0,3.0,2.0,1.0,Inbred,LN,2022.0,BGEM_Short_early,0.0,82.9727672909875,50.0072771687521,65.7794399661322,104.798286368503,144.018566597736
96,B109,BGEM-0131-N,2135.0,35.0,3.0,2.0,1.0,Inbred,LN,2022.0,BGEM_Tall_late,0.0,84.066784179288,49.965326568953,64.1686807312068,111.986623527458,150.618933394336
97,B110,BGEM-0133-S,2348.0,48.0,7.0,2.0,1.0,Inbred,LN,2022.0,BGEM_Tall_early,0.0,86.9792345440879,51.0245792138799,66.9580443669505,115.810889576185,158.869391890085
98,B111,BGEM-0134-S,2096.0,46.0,2.0,2.0,1.0,Inbred,LN,2022.0,BGEM_Tall_late,0.0,94.2234004260774,53.4210072274026,84.9121178679124,138.491239049807,184.652074689303
99,B112,BGEM-0136-S,2009.0,9.0,1.0,2.0,1.0,Inbred,LN,2022.0,BGEM_Short_early,0.0,83.4063646720247,51.0647519754519,63.649171250633,96.6343610678624,135.355014060803
100,B113,BGEM-0137-S,2103.0,3.0,3.0,2.0,1.0,Inbred,LN,2022.0,BGEM_Short_early,0.0,87.2305627481569,51.1189680634278,60.0042785236759,112.280047568323,154.125378255029
101,B114,BGEM-0138-S,2247.0,47.0,5.0,2.0,1.0,Inbred,LN,2022.0,BGEM_Tall_early,0.0,89.5368686207903,51.7587147103639,72.7921361508597,123.449010016302,167.94489623541
102,B115,BGEM-0140-N,2005.0,5.0,1.0,2.0,1.0,Inbred,LN,2022.0,BGEM_Short_early,1.0,84.4807365154017,51.1609186632269,61.9096889681942,113.569490461418,155.362947029392
103,B117,BGEM-0143-N,2291.0,41.0,6.0,2.0,1.0,Inbred,LN,2022.0,BGEM_Tall_early,0.0,87.3636188561935,50.5788540910146,72.49748500864,119.975076260135,163.407144062748
104,B118,BGEM-0144-N,2189.0,39.0,4.0,2.0,1.0,Inbred,LN,2022.0,BGEM_Tall_early,0.0,83.7711039392068,51.4021346120717,75.8761509592549,123.168462095247,168.151157697804
105,B119,BGEM-0145-N,2234.0,34.0,5.0,2.0,1.0,Inbred,LN,2022.0,BGEM_Tall_early,0.0,77.3991947654568,47.5426794305559,65.6026494000785,112.687993330097,144.637350984917
106,B120,BGEM-0146-N,2239.0,39.0,5.0,2.0,1.0,Inbred,LN,2022.0,BGEM_Tall_early,0.0,92.5084550336065,52.896624729914,72.4778415563409,137.381923485395,184.652074689303
107,B121,BGEM-0147-S,2299.0,49.0,6.0,2.0,1.0,Inbred,LN,2022.0,BGEM_Tall_early,0.0,92.404966949578,52.2149274831789,70.4545707406584,126.24732620945,168.563680622591
108,B122,BGEM-0148-S,2227.0,27.0,5.0,2.0,1.0,Inbred,LN,2022.0,BGEM_Tall_early,0.0,89.0342122126523,50.6575114656379,61.1632395485032,121.705605078314,162.375836750779
109,B123,BGEM-0149-S,2158.0,8.0,4.0,2.0,1.0,Inbred,LN,2022.0,BGEM_Short_early,0.0,87.8983280513195,51.170199826497,62.3549939233968,113.410386410305,155.718642402402
110,B124,BGEM-0150-S,2151.0,1.0,4.0,2.0,1.0,Inbred,LN,2022.0,BGEM_Short_early,0.0,71.5447260118489,45.98001958804,51.0075984278642,87.7993849050174,120.298498422455
111,B125,BGEM-0151-N,2264.0,14.0,6.0,2.0,1.0,Inbred,LN,2022.0,BGEM_Short_late,0.0,83.2388795070606,49.9076444942293,56.5863258060914,110.095781611533,145.049873909705
112,B128,BGEM-0154-S,2101.0,1.0,3.0,2.0,1.0,Inbred,LN,2022.0,BGEM_Short_early,0.0,88.4428517324899,50.882995939558,76.2493756354138,118.031279949964,165.676020149079
113,B130,BGEM-0156-S,2292.0,42.0,6.0,2.0,1.0,Inbred,LN,2022.0,BGEM_Tall_early,0.0,79.0845721339197,48.9480245238252,66.2115949991883,108.840478984191,147.52501145843
114,B131,BGEM-0157-N,2312.0,12.0,7.0,2.0,1.0,Inbred,LN,2022.0,BGEM_Short_late,0.0,85.0573129835601,49.6611847204097,66.231238359735,114.344078701804,151.650240706304
115,B132,BGEM-0158-S,2128.0,28.0,3.0,2.0,1.0,Inbred,LN,2022.0,BGEM_Tall_late,0.0,96.2192420466256,53.2479610032314,74.6189729481893,132.0057216085,184.033290302122
116,B134,BGEM-0159-S,2181.0,31.0,4.0,2.0,1.0,Inbred,LN,2022.0,BGEM_Tall_late,0.0,93.129383537777,51.9946868342337,87.6425513606954,136.667677562946,184.858336151697
117,B136,BGEM-0162-S,2156.0,6.0,4.0,2.0,1.0,Inbred,LN,2022.0,BGEM_Short_early,0.0,86.6983383160107,50.8620206396585,66.2115949533122,119.91495884848,158.869391890085
118,B137,BGEM-0164-S,2165.0,15.0,4.0,2.0,1.0,Inbred,LN,2022.0,BGEM_Short_late,0.0,85.5156173556859,50.6732429405626,60.8882317668302,108.184900558389,148.143795845611
119,B138,BGEM-0165-S,2050.0,50.0,1.0,2.0,1.0,Inbred,LN,2022.0,BGEM_Tall_late,0.0,94.2234004260774,52.9280876797634,82.8102733806622,137.509321326113,188.158519549997
120,B139,BGEM-0166-S,2032.0,32.0,1.0,2.0,1.0,Inbred,LN,2022.0,BGEM_Tall_late,0.0,103.093807628514,52.1729768833798,80.9245063640638,135.164742271576,180.526845441429
121,B140,BGEM-0167-S,2120.0,20.0,3.0,2.0,1.0,Inbred,LN,2022.0,BGEM_Short_early,0.0,87.1270746641285,51.0875051135785,54.5899304889145,109.007971308612,124.836250595118
122,B142,BGEM-0170-S,2222.0,22.0,5.0,2.0,1.0,Inbred,LN,2022.0,BGEM_Short_late,0.0,84.9538248995316,50.1016660183001,60.966805438398,105.967719344571,146.699965608855
123,B143,BGEM-0172-S,2077.0,27.0,2.0,2.0,1.0,Inbred,LN,2022.0,BGEM_Tall_late,0.0,101.940654692197,54.5222104721285,78.0172822134747,151.737108751077,198.884115594472
124,B144,BGEM-0173-S,2307.0,7.0,7.0,2.0,1.0,Inbred,LN,2022.0,BGEM_Short_late,0.0,83.8598080112312,49.6035026456859,64.2865410779918,107.683922127933,148.143795845611
125,B145,BGEM-0174-N,2215.0,15.0,5.0,2.0,1.0,Inbred,LN,2022.0,BGEM_Short_late,0.0,84.3299459275806,50.9065801988843,59.1195507942116,95.3516038967792,131.141849576334
126,B146,BGEM-0175-S,2138.0,38.0,3.0,2.0,1.0,Inbred,LN,2022.0,BGEM_Tall_late,0.0,93.2033035977973,51.9737115343342,71.0831597461912,122.940868568437,166.913588923441
127,B147,BGEM-0178-S,2042.0,42.0,1.0,2.0,1.0,Inbred,LN,2022.0,BGEM_Tall_late,0.0,100.31441337175,54.364895722882,71.7313921122707,145.678126293754,197.440285357715
128,B148,BGEM-0179-S,2017.0,17.0,1.0,2.0,1.0,Inbred,LN,2022.0,BGEM_Short_early,0.0,98.776876123328,54.2180686235852,70.1009894709224,137.155779873592,185.064597614091
129,B149,BGEM-0182-N,2250.0,50.0,5.0,2.0,1.0,Inbred,LN,2022.0,BGEM_Tall_early,0.0,91.6214143133628,52.807479705341,68.3920131121302,129.560946867872,175.989093268766
130,B150,BGEM-0184-N,2059.0,9.0,2.0,2.0,1.0,Inbred,LN,2022.0,BGEM_Short_early,0.0,83.1058233990241,49.3308237469919,64.8954867688541,111.405488548128,145.256135372098
131,B151,BGEM-0186-S,2323.0,23.0,7.0,2.0,1.0,Inbred,LN,2022.0,BGEM_Short_late,0.0,80.9473576464313,48.7907097745787,54.7005587894931,104.204275269364,142.57473636098
132,B152,BGEM-0187-S,2221.0,21.0,5.0,2.0,1.0,Inbred,LN,2022.0,BGEM_Short_late,0.0,84.2885443593489,48.9165615739759,58.0595812878089,98.8538256320887,133.086709090868
133,B153,BGEM-0188-S,2091.0,41.0,2.0,2.0,1.0,Inbred,LN,2022.0,BGEM_Tall_late,0.0,92.9371913817242,52.9228438547885,70.9849426682005,125.438597703312,175.576570343979
134,B154,BGEM-0190-N,2257.0,7.0,6.0,2.0,1.0,Inbred,LN,2022.0,BGEM_Short_late,0.0,80.1194529742039,48.5180308758846,62.0079060246879,104.93284722663,140.718383199436
135,B155,BGEM-0191-N,2253.0,3.0,6.0,2.0,1.0,Inbred,LN,2022.0,BGEM_Short_late,0.0,80.97146863465,50.8011323478392,61.3843610602034,90.6147668966871,124.822102849631
136,B160,BGEM-0197-S,2075.0,25.0,2.0,2.0,1.0,Inbred,LN,2022.0,BGEM_Short_early,0.0,89.3890285007497,50.9564094892064,69.3938268396981,116.91625128315,158.869391890085
137,B161,BGEM-0198-S,2192.0,42.0,4.0,2.0,1.0,Inbred,LN,2022.0,BGEM_Tall_early,0.0,91.9910146134643,52.9018685548889,78.3315767621173,124.230536367815,182.589460065366
138,B162,BGEM-0199-S,2235.0,35.0,5.0,2.0,1.0,Inbred,LN,2022.0,BGEM_Tall_early,0.0,84.9596604200051,50.9710205523007,70.1200575090034,122.050425346158,166.251553613573
139,B163,BGEM-0200-S,2266.0,16.0,6.0,2.0,1.0,Inbred,LN,2022.0,BGEM_Short_late,0.0,82.3961908228292,50.9983600890055,79.13695637958,118.872923713131,163.613405525142
140,B165,BGEM-0202-N,2152.0,2.0,4.0,2.0,1.0,Inbred,LN,2022.0,BGEM_Short_early,0.0,74.7676406287341,47.3591455564349,62.4400609201155,108.6329245946,131.436617391718
141,B169,BGEM-0206-N,2198.0,48.0,4.0,2.0,1.0,Inbred,LN,2022.0,BGEM_Tall_early,0.0,80.5777573463298,50.7938509149849,71.9867564875208,108.319461416516,151.650240706304
142,B170,BGEM-0207-N,2153.0,3.0,4.0,2.0,1.0,Inbred,LN,2022.0,BGEM_Short_early,0.0,77.2217866214081,48.6596141502065,64.5615488137886,104.965762483658,144.22482806013
143,B171,BGEM-0208-N,2182.0,32.0,4.0,2.0,1.0,Inbred,LN,2022.0,BGEM_Tall_late,0.0,98.0820275591372,53.7828311506697,111.921801745275,162.605484140783,208.990927251765
144,B173,BGEM-0210-N,2039.0,39.0,1.0,2.0,1.0,Inbred,LN,2022.0,BGEM_Tall_late,0.0,95.9087777945403,53.3947881025282,85.4228463890316,129.246033774781,182.383198602972
145,B175,BGEM-0212-N,2337.0,37.0,7.0,2.0,1.0,Inbred,LN,2022.0,BGEM_Tall_early,0.0,87.2009947241488,51.1661624882018,72.0456866150371,126.420515427006,166.913588923441
146,B176,BGEM-0213-S,2085.0,35.0,2.0,2.0,1.0,Inbred,LN,2022.0,BGEM_Tall_late,0.0,92.9076233577161,53.0172327043364,85.226412416555,135.372296661167,181.351891291003
147,B177,BGEM-0214-S,2018.0,18.0,1.0,2.0,1.0,Inbred,LN,2022.0,BGEM_Short_early,0.0,88.7385319725711,51.2343322128753,68.1170053763334,110.737034002517,159.69443773966
148,B180,BGEM-0217-S,2248.0,48.0,5.0,2.0,1.0,Inbred,LN,2022.0,BGEM_Tall_early,0.0,88.0141153843721,49.9548389190033,71.3385240755651,116.775977322622,157.838084578117
149,B181,BGEM-0218-S,2302.0,2.0,7.0,2.0,1.0,Inbred,LN,2022.0,BGEM_Short_late,0.0,84.2040030290957,50.9534459104599,65.2668927396634,110.735011223116,152.207671998678
150,B182,BGEM-0219-S,2111.0,11.0,3.0,2.0,1.0,Inbred,LN,2022.0,BGEM_Short_early,0.0,87.733219156295,51.0717736386539,64.4633317357979,111.090575455037,153.094070943061
151,B183,BGEM-0220-S,2172.0,22.0,4.0,2.0,1.0,Inbred,LN,2022.0,BGEM_Short_late,0.0,89.7438447888472,52.0995633337314,71.0438729333454,118.933041124785,165.263497224291
152,B185,BGEM-0222-S,2022.0,22.0,1.0,2.0,1.0,Inbred,LN,2022.0,BGEM_Short_early,0.0,87.8514912523274,51.706276460615,71.7706789709927,118.412023557111,162.788359675567
153,B186,BGEM-0223-N,2142.0,42.0,3.0,2.0,1.0,Inbred,LN,2022.0,BGEM_Tall_late,0.0,87.7513946697538,51.1057594730806,68.5023359444108,110.011237003807,150.452186796816
154,B187,BGEM-0224-N,2270.0,20.0,6.0,2.0,1.0,Inbred,LN,2022.0,BGEM_Short_late,0.0,82.4848948948535,49.3675305218161,65.7401531532864,102.614020411713,141.543429049011
155,B188,BGEM-0225-N,2224.0,24.0,5.0,2.0,1.0,Inbred,LN,2022.0,BGEM_Short_late,0.0,87.0975066401204,51.6066437860922,65.504432367964,107.317504555603,153.712855330242
156,B189,BGEM-0226-S,2225.0,25.0,5.0,2.0,1.0,Inbred,LN,2022.0,BGEM_Short_late,0.0,81.7900463306627,49.1682651727704,61.2418131741948,108.459735377044,144.843612447311
157,B190,BGEM-0227-N,2121.0,21.0,3.0,2.0,1.0,Inbred,LN,2022.0,BGEM_Short_early,0.0,86.1956819078727,50.5473911411653,72.1046168343058,104.577855859103,146.906227071248
158,B191,BGEM-0228-N,2171.0,21.0,4.0,2.0,1.0,Inbred,LN,2022.0,BGEM_Short_late,0.0,85.0868810075682,50.2327616426722,71.2403069975744,119.834802299607,157.631823115723
159,B194,BGEM-0231-N,2038.0,38.0,1.0,2.0,1.0,Inbred,LN,2022.0,BGEM_Tall_late,0.0,95.1252251583251,52.3093163327269,73.5582289554766,120.636367788338,159.281914814873
160,B195,BGEM-0233-S,2140.0,40.0,3.0,2.0,1.0,Inbred,LN,2022.0,BGEM_Tall_late,0.0,95.3765533623941,52.9333315047382,80.7477157062577,140.07433089005,190.633657098722
161,B197,BGEM-0236-S,2190.0,40.0,4.0,2.0,1.0,Inbred,LN,2022.0,BGEM_Tall_early,0.0,87.4818909522259,51.1661624882018,77.408336660241,117.337073164733,161.34452943881
162,B198,BGEM-0237-N,2034.0,34.0,1.0,2.0,1.0,Inbred,LN,2022.0,BGEM_Tall_late,0.0,88.1323874804046,50.9249465393571,74.3261335013819,132.806856517425,160.932006514023
163,B201,BGEM-0242-N,2163.0,13.0,4.0,2.0,1.0,Inbred,LN,2022.0,BGEM_Short_late,0.0,80.3707811782729,49.3308237469919,58.629240074073,100.476995746768,138.449507113105
164,B202,BGEM-0243-S,2240.0,40.0,5.0,2.0,1.0,Inbred,LN,2022.0,BGEM_Tall_early,0.0,85.6782414877306,50.6312923407635,68.5295169112143,123.762473194386,167.738634773016
165,B204,BGEM-0246-N,2175.0,25.0,4.0,2.0,1.0,Inbred,LN,2022.0,BGEM_Short_late,0.0,84.4955205274057,50.9668971391562,56.7434730115984,112.693706432498,149.793887544761
166,B205,BGEM-0247-N,2304.0,4.0,7.0,2.0,1.0,Inbred,LN,2022.0,BGEM_Short_late,0.0,80.2672930942445,48.1142563528184,63.9727154879894,95.3516038967792,109.366640915587
167,B206,BGEM-0248-N,2344.0,44.0,7.0,2.0,1.0,Inbred,LN,2022.0,BGEM_Tall_early,0.0,91.5622782653466,53.0906462539848,78.4101502960565,134.816913921457,191.046180023509
168,B207,BGEM-0250-S,2083.0,33.0,2.0,2.0,1.0,Inbred,LN,2022.0,BGEM_Tall_late,0.0,98.2446516911819,52.9857697544871,83.8317305146529,138.371004226498,181.351891291003
169,B209,BGEM-0252-S,2095.0,45.0,2.0,2.0,1.0,Inbred,LN,2022.0,BGEM_Tall_late,0.0,94.0755603060368,52.6816279059437,80.3744909842226,134.904233487739,182.176937140578
170,B210,BGEM-0253-N,2113.0,13.0,3.0,2.0,1.0,Inbred,LN,2022.0,BGEM_Short_early,0.0,87.4818909522259,50.835801514784,63.6383086660361,107.864274362897,113.285608701068
171,B211,BGEM-0254-S,2341.0,41.0,7.0,2.0,1.0,Inbred,LN,2022.0,BGEM_Tall_early,0.0,88.708963948563,51.7010326356401,68.9616718066419,126.500671975879,160.725745051629
172,B212,BGEM-0255-S,2054.0,4.0,2.0,2.0,1.0,Inbred,LN,2022.0,BGEM_Short_early,0.0,85.9295696917996,51.0245792138799,75.5029261913436,121.237541904885,161.138267976417
173,B214,BGEM-0257-S,2146.0,46.0,3.0,2.0,1.0,Inbred,LN,2022.0,BGEM_Tall_late,0.0,85.0720969955641,50.1855672178982,66.9776878496814,122.006192136588,143.606043672948
174,B215,BGEM-0258-S,2293.0,43.0,6.0,2.0,1.0,Inbred,LN,2022.0,BGEM_Tall_early,0.0,78.6262677617938,48.4655926261358,61.1435961420803,108.199226593206,139.687075887467
175,B225,BGEM-0270-S,2271.0,21.0,6.0,2.0,1.0,Inbred,LN,2022.0,BGEM_Short_late,0.0,92.9963274297404,51.6538382108662,71.6528184865791,122.813470727719,168.151157697804
176,B226,BGEM-0272-S,2282.0,32.0,6.0,2.0,1.0,Inbred,LN,2022.0,BGEM_Tall_early,,87.0587087280868,51.1467669707092,63.3256269377145,124.391378634948,166.251553613573
177,B231,BGEM-0280-S,2200.0,50.0,4.0,2.0,1.0,Inbred,LN,2022.0,BGEM_Tall_early,0.0,91.7544704213994,51.8059091351379,72.7921361508597,118.399147437301,164.64471283711
178,B236,BGEM-0285-N,2319.0,19.0,7.0,2.0,1.0,Inbred,LN,2022.0,BGEM_Short_late,0.0,85.545185379694,49.2836293222179,77.997638852928,123.689479662922,168.976203547379
179,B238,BGEM-0287-N,2305.0,5.0,7.0,2.0,1.0,Inbred,LN,2022.0,BGEM_Short_late,0.0,79.646364590074,48.7120523999554,62.3222004357019,105.579812720016,144.22482806013
180,B239,BGEM-0288-S,2217.0,17.0,5.0,2.0,1.0,Inbred,LN,2022.0,BGEM_Short_late,0.0,93.2328716218054,52.1834645333296,83.2620717283889,131.237071376797,179.083015204672
181,B243,BGEM-0292-S,2028.0,28.0,1.0,2.0,1.0,Inbred,LN,2022.0,BGEM_Tall_late,0.0,89.8769008968837,50.8620206396585,63.0293631128024,122.840672882346,162.99462113796
182,B246,BGEM-0295-S,2226.0,26.0,5.0,2.0,1.0,Inbred,LN,2022.0,BGEM_Tall_early,0.0,91.7988224574116,52.5924828813707,70.6902916636094,128.098089850939,177.639184967916
183,B247,BGEM-0296-S,2262.0,12.0,6.0,2.0,1.0,Inbred,LN,2022.0,BGEM_Short_late,0.0,83.4162876511093,49.7293544450832,57.1756279987784,106.709167421647,145.668658296886
184,B248,BGEM-0297-N,2310.0,10.0,7.0,2.0,1.0,Inbred,LN,2022.0,BGEM_Short_late,0.0,90.9709177851842,51.6590820358411,73.9707404444812,120.248461163782,161.34452943881
185,B251,BGEM-0300-S,2230.0,30.0,5.0,2.0,1.0,Inbred,LN,2022.0,BGEM_Tall_early,0.0,88.9011561046157,51.6957888106652,74.8546938252641,127.837581067101,174.54526303201
186,B252,BGEM-0301-S,2329.0,29.0,7.0,2.0,1.0,Inbred,LN,2022.0,BGEM_Tall_early,0.0,89.4726142823807,50.8948637709904,82.4147413999071,127.066753822137,169.411426976925
187,B254,BGEM-0302-S,2233.0,33.0,5.0,2.0,1.0,Inbred,LN,2022.0,BGEM_Tall_early,0.0,85.8112975957671,50.1908110428731,56.9202637611569,106.836565262365,145.462396834492
188,B257,BGEM-0305-S,2213.0,13.0,5.0,2.0,1.0,Inbred,LN,2022.0,BGEM_Short_late,0.0,80.149020998212,48.088037227944,57.1952714510775,104.672338442793,143.399782210555
189,B259,BGEM-0307-S,2094.0,44.0,2.0,2.0,1.0,Inbred,LN,2022.0,BGEM_Tall_late,0.0,90.4978294010542,52.1152948086561,73.283221265556,125.425721583502,176.814139118341
190,B261,BGEM-0309-S,2130.0,30.0,3.0,2.0,1.0,Inbred,LN,2022.0,BGEM_Tall_late,0.0,92.5823750936268,53.5311275518752,66.2705251725808,133.922315764044,182.176937140578
191,B262,BGEM-0310-S,2119.0,19.0,3.0,2.0,1.0,Inbred,LN,2022.0,BGEM_Short_early,0.0,88.1323874804046,50.4477584666425,69.1188190580251,120.208382889346,161.757052363598
192,B265,BGEM-0313-S,2276.0,26.0,6.0,2.0,1.0,Inbred,LN,2022.0,BGEM_Tall_early,0.0,87.6888671202828,51.1084804134781,72.3206943508339,131.036680004615,175.989093268766
193,B267,BGEM-0315-S,2295.0,45.0,6.0,2.0,1.0,Inbred,LN,2022.0,BGEM_Tall_early,0.0,82.0413745347317,50.3428819671448,58.5310229960823,113.555389332883,151.443979243911
194,B268,BGEM-0316-S,2321.0,21.0,7.0,2.0,1.0,Inbred,LN,2022.0,BGEM_Short_late,0.0,87.6888671202828,50.7204373653365,64.9544169881228,118.699734495575,160.725745051629
195,B273,BGEM-0321-S,2002.0,2.0,1.0,2.0,1.0,Inbred,LN,2022.0,BGEM_Short_early,0.0,84.6285766354423,50.0282524686517,57.2345582639233,106.6562130274,144.637350984917
196,B274,BGEM-0322-S,2313.0,13.0,7.0,2.0,1.0,Inbred,LN,2022.0,BGEM_Short_late,0.0,86.6687702920026,50.9039712394575,63.9918900275245,118.65249320373,159.075653352479
197,B276,BGEM-0324-N,2137.0,37.0,3.0,2.0,1.0,Inbred,LN,2022.0,BGEM_Tall_late,0.0,94.6225687501871,51.0717736386539,71.6135317196095,122.6803597846,164.025928449929
198,B277,BGEM-0325-N,2047.0,47.0,1.0,2.0,1.0,Inbred,LN,2022.0,BGEM_Tall_late,1.0,94.9626010262805,52.8284550052405,72.6546322295913,133.204860681635,179.908061054247
199,B280,BGEM-0328-S,2099.0,49.0,2.0,2.0,1.0,Inbred,LN,2022.0,BGEM_Tall_late,0.0,100.728365707864,55.1357379941902,91.1194342975486,144.743449861905,201.152991680803
200,B283,BGEM-0101-S,2267.0,17.0,6.0,2.0,1.0,Inbred,LN,2022.0,BGEM_Short_late,0.0,85.3677772356453,49.2207034225193,67.1348350551884,108.612885457381,141.749690511405
201,B287,BGEM-0171-S,2191.0,41.0,4.0,2.0,1.0,Inbred,LN,2022.0,BGEM_Tall_early,0.0,91.1039738932207,51.7115202855899,73.0082136215116,114.311163444776,156.187992878967
202,B288,BGEM-0147-S,2299.0,49.0,6.0,2.0,1.0,Inbred,LN,2022.0,BGEM_Tall_early,0.0,92.404966949578,52.2149274831789,70.4545707406584,126.24732620945,168.563680622591
203,B292,BGEM-0106-N,2043.0,43.0,1.0,2.0,1.0,Inbred,LN,2022.0,BGEM_Tall_late,0.0,95.0217370742967,53.2322295283067,78.5476541410168,139.806659088804,186.714689313241
204,B297,BGEM-0238-N,2145.0,45.0,3.0,2.0,1.0,Inbred,LN,2022.0,BGEM_Tall_late,0.0,92.1388547335049,56.5253516125348,80.728072345711,115.253002894034,165.882281611473
205,B298,BGEM-0053-S,2283.0,33.0,6.0,2.0,1.0,Inbred,LN,2022.0,BGEM_Tall_early,0.0,84.5103045394098,50.1803233929233,78.9012355025052,117.029323089051,155.156685566998
206,B299,BGEM-0245-S,2027.0,27.0,1.0,2.0,1.0,Inbred,LN,2022.0,BGEM_Tall_late,0.0,93.5729038978988,52.7288223307177,67.606276809338,124.64419523199,167.326111848229
207,B300,BGEM-0084-S,2265.0,15.0,6.0,2.0,1.0,Inbred,LN,2022.0,BGEM_Short_late,0.0,85.3677772356453,50.8462891647338,63.0490065192253,113.201847880363,152.269025093486
208,B302,BGEM-0058-N,2194.0,44.0,4.0,2.0,1.0,Inbred,LN,2022.0,BGEM_Tall_early,0.0,92.7302152136674,51.9789553593091,86.2282261441229,129.400633770126,173.720217182435
209,B303,BGEM-0109-N,2019.0,19.0,1.0,2.0,1.0,Inbred,LN,2022.0,BGEM_Short_early,0.0,77.6061709335136,49.7975241697567,53.9148225325771,104.965762483658,139.480814425074
210,B304,BGEM-0029-S,2256.0,6.0,6.0,2.0,1.0,Inbred,LN,2022.0,BGEM_Short_late,0.0,85.9042321586419,50.9885951941416,53.2957532372404,95.6310953726665,130.790752535962
211,B305,BGEM-0105-N,2342.0,42.0,7.0,2.0,1.0,Inbred,LN,2022.0,BGEM_Tall_early,0.0,90.4091253290299,51.7744461852885,67.0955481964664,125.819341310459,168.976203547379
212,B306,BGEM-0168-S,2149.0,49.0,3.0,2.0,1.0,Inbred,LN,2022.0,BGEM_Tall_late,0.0,98.0524595351291,52.9228438547885,90.2944112736631,104.1312817379,190.427395636328
213,B307,BGEM-0183-N,2084.0,34.0,2.0,2.0,1.0,Inbred,LN,2022.0,BGEM_Tall_late,0.0,96.5001382747027,52.0628565589072,72.7135624792919,135.425251055414,173.720217182435
214,B308,BGEM-0163-S,2303.0,3.0,7.0,2.0,1.0,Inbred,LN,2022.0,BGEM_Short_late,0.0,79.0254360859034,48.7225400499052,63.4418746476833,105.426662639678,136.386892489167
215,B309,BGEM-0076-S,2328.0,28.0,7.0,2.0,1.0,Inbred,LN,2022.0,BGEM_Tall_early,0.0,82.0561585467358,49.8447185945307,73.3555005626264,130.800325127034,148.350057308005
216,B310,BGEM-0180-S,2102.0,2.0,3.0,2.0,1.0,Inbred,LN,2022.0,BGEM_Short_early,0.0,85.1755850795925,49.4881384962384,63.002082624796,114.693143581388,116.792053561762
217,B311,BGEM-0181-N,2168.0,18.0,4.0,2.0,1.0,Inbred,LN,2022.0,BGEM_Short_late,0.0,84.2737603473448,50.7886070900101,69.3545399809761,117.14955791236,157.013038728542
218,B312,BGEM-0121-N,2177.0,27.0,4.0,2.0,1.0,Inbred,LN,2022.0,BGEM_Tall_late,0.0,97.2097708508976,53.31088690293,81.2584442732531,136.347051367454,186.09590492606
219,B313,BGEM-0251-S,2336.0,36.0,7.0,2.0,1.0,Inbred,LN,2022.0,BGEM_Tall_early,0.0,87.6149470602625,49.9495950940284,72.7921361049835,126.968735149308,171.038818171316
220,B314,BGEM-0189-S,2290.0,40.0,6.0,2.0,1.0,Inbred,LN,2022.0,BGEM_Tall_early,0.0,91.2961660492735,51.4598166867954,72.2421206792661,128.704977069888,168.357419160198
221,B315,BGEM-0249-N,2164.0,14.0,4.0,2.0,1.0,Inbred,LN,2022.0,BGEM_Short_late,0.0,85.6486734637225,50.6627552906128,65.0919207413307,110.389205652398,146.287442684067
