UID,X..N HN,X..P HN,X..K HN,X..S HN,X..Ca HN,X..Mg HN,ppm.Zn HN,ppm.Fe HN,ppm.Mn HN,ppm.Cu HN,ppm.B HN,ppm.Mo HN,X..N LN,X..P LN,X..K LN,X..S LN,X..Ca LN,X..Mg LN,ppm.Zn LN,ppm.Fe LN,ppm.Mn LN,ppm.Cu LN,ppm.B LN,ppm.Mo LN
B001,2.9337742390079,0.371027122150915,2.01372423843504,0.224016004618909,0.429080315100933,0.196316541708611,27.8429142227405,133.992425982967,39.1711438982245,9.96757042855918,12.2035110914326,1.11448941550325,2.89295592742883,0.381063319003286,2.01627907564394,0.210981745635936,0.392087853054873,0.153938640320383,26.9761084787945,131.083381313696,35.8294249457979,9.76752007161606,13.5085024927479,1.04771851629682
B002,3.0760652819544,0.380658812484171,1.91061632532643,0.231987115876029,0.436589412779262,0.191597353260798,28.174745330975,137.742281986625,42.8229769432459,10.7262433111233,12.0859772153147,1.13178645774224,2.81104941658876,0.37915057860601,1.96008881003918,0.211503999720334,0.381975181648241,0.153315839521453,25.3508358314257,132.698541462361,35.2949095269083,9.50284243077093,13.4995163510342,1.01083485909501
B003,3.09969500589608,0.377989156423556,1.92566242514261,0.236362152395495,0.448812445760733,0.214940024380976,28.6181053253561,137.531358561072,50.2657165163238,11.1365873474213,11.9815114461737,1.03333089640612,2.64206455118179,0.379494021054123,2.01538732960735,0.20159184558015,0.371337239582492,0.156143060828805,25.8722229050993,131.95492498995,31.8556247765938,8.44759858960126,13.157433225228,1.04081725129404
B004,3.11503789248659,0.383473474625361,1.93160822909559,0.23274350063806,0.415078362795759,0.206402270837829,29.642145771909,136.790453524606,46.9633783565374,10.6021813104626,12.1738922138285,1.05530874287617,2.82818199871504,0.373181242503339,1.90058516172012,0.204988114103703,0.396291807877675,0.188523996724276,26.9734319809946,132.762839297707,37.6190389255028,9.0601124285882,12.7364652978122,1.18209411308966
B005,3.35860756530573,0.374370764466845,1.85283661423174,0.241174740655137,0.507023919575037,0.219491279779873,30.3739778498179,138.986996139224,45.4000352970552,11.3193950865744,12.2904275046241,1.03676179452228,2.81791111982502,0.384531390891231,2.00668013444106,0.210255870473555,0.49239853576853,0.178790017873887,27.5538319283457,131.867476796302,29.9317021583167,9.07267277748747,13.6403401274042,1.08246997881141
B006,2.91841594066935,0.386386138578163,2.04877791137437,0.233362755777204,0.399535432825002,0.189249352810837,27.8111019943622,135.129398765497,38.3442858764859,9.7324389371613,12.0985041134778,1.05811985840302,2.65446352595926,0.387547704543882,2.15526364384134,0.205728650636244,0.428768532412244,0.163302535886683,25.8720833399937,131.237397348287,26.701871937211,8.2273102001236,13.1589865994502,0.993958103844306
B007,3.03516023206366,0.383982082251566,1.96158201296983,0.230294757710149,0.469238460747812,0.202326775017527,28.6639336137634,135.571921234692,42.2742197594514,10.4304709187281,12.1217931385311,1.1507376842567,2.85234374064569,0.386828331028736,1.97927403156001,0.210222318952909,0.428421387276277,0.185012064367378,27.3104603104255,130.950242374095,30.1421788333676,9.11156457560798,12.361577814277,1.19853856168109
B008,2.88653676514092,0.391410107082159,2.06424561669056,0.228723126761041,0.458187249310014,0.207848208707751,26.7139050010239,134.976662722248,37.2498850891851,9.59836585281761,12.0199758026038,1.21933947256899,2.54438158008709,0.377109737161236,2.12887460936351,0.193099761991088,0.45845336807106,0.220695673499903,,130.543327914443,31.5911437728838,8.58465914674815,12.5262482453676,1.13692268805428
B009,3.10799920064192,0.375301825378658,2.01542525005399,0.231544697390762,0.424588054528704,0.202027161218841,29.2154266451033,137.830152472614,43.5069849620967,10.4181140232021,11.999739772715,1.02199910192188,2.66887344787839,0.381134958524266,2.04910203159559,0.202520803626749,0.434603777011564,0.184165549702653,26.733230224023,130.693735333388,32.9323065783627,8.53831715364221,13.0024007132124,1.17775359530037
B010,3.18990983719691,0.386613185150435,1.94651276980677,0.240770478295305,0.548391601557412,0.224142599907963,30.2601520277686,136.638438299881,48.2773032375195,11.2578619329507,12.2060497743964,1.02801395145456,2.83775696664217,0.387878962446691,2.09852880303692,0.213194463821147,0.455660060835094,0.183485995915252,26.7491594935416,132.193939128842,35.1671233199251,9.26368378617272,13.2065711637373,0.979095055228193
B011,3.29552331655961,0.373452317726397,1.79523141587984,0.24666059209132,0.467160135298991,0.214727537709552,31.5354913450225,137.827632003281,50.1907680013706,11.6393161905012,11.9954423379931,0.985887805043692,2.91398606794082,0.390083467781438,1.95774111929604,0.215759782739538,0.457345246067748,0.200190366040925,27.5151591038662,131.220169686556,33.7200902165094,9.5908564986072,12.5669679187778,0.975885622061508
B012,3.19268543970937,0.381950982960763,1.88382720869061,0.239680607791751,0.477035141077017,0.214603906027731,30.0606406384907,138.1484046753,48.4368886431374,11.298305583928,12.1679915281137,1.00698862451044,2.84134204963156,0.388249733422338,1.93945711623789,0.20207561921344,0.472950767578081,0.168980943228472,26.762616797881,132.169819892194,33.229756019445,9.02112800654869,13.0884159830048,1.04579544108885
B013,3.0383587233213,0.377441293636369,1.97096640314825,0.227185989722317,0.404344346649696,0.197245376342421,27.9945628128226,135.906389387131,42.4742492013607,10.4966444121986,12.1737762760801,1.10174333915587,2.58514772081309,0.379098011705486,2.01136793265398,0.202417942765104,0.456472337857308,0.196259014075994,25.9592278893583,131.38921653529,32.9944826646289,8.43546356262427,12.769676905314,1.21119645235902
B014,3.2848731575771,0.385367944597167,1.99981819436565,0.243713338448745,0.545999926720694,0.214304371899215,28.2577989849707,137.158214842093,37.3029939248583,10.8627871355254,12.4632926842182,0.986937614652577,2.71707885295644,0.387751647156055,2.09911516336988,0.20967614974541,0.530124661185043,0.206864880037182,26.4670749895996,130.916866210481,26.6888464144465,8.55340376548811,13.6493241822696,1.0435518772529
B016,3.21349532833766,0.383537603563362,1.96700477470084,0.239385139016748,0.478728594570438,0.207978202619193,27.5064120115686,138.182261533311,45.5453284308463,11.3064046419325,12.1893414626888,1.04272224289939,2.77496896345591,0.385232983486756,2.05317889805918,0.211489342349117,0.505732672868251,0.204292223726773,25.3623294804023,130.145947215228,32.8058984978008,9.14951165298945,12.0325784930567,1.1753549886059
B018,3.00012219864141,0.39546693538135,2.00636304628708,0.237992210692454,0.54616919049637,0.23541177487434,29.0544918672688,133.905122292926,42.228946137289,10.8616825095628,12.062000163937,1.04884147330625,2.78085277403667,0.39443961939419,2.03226103440679,0.217827024862767,0.533166287708375,0.211840598839671,27.963188576499,130.141370748808,32.4613619577418,9.38226263373231,12.4277507108291,1.18566089316607
B019,3.05107242484753,0.382289827182683,2.03629829883558,0.234138065371492,0.491953897827404,0.205899200590288,27.9378801367847,137.344481477099,44.0497442765846,10.4859073009995,12.0184753631038,1.09977594727992,2.75496856003779,0.388780753315853,2.05080288248211,0.212473451617715,0.488716686210915,0.201180741896836,26.6725752420593,132.566162093101,36.036981110338,8.90775521381654,13.1986362189311,1.11396201935936
B021,3.23568020121474,0.379967112528317,1.86289010815343,0.238877401779173,0.514250071605461,0.225626600018972,29.9297712853621,137.685410030107,47.0749898876202,11.485572226442,12.2267545121369,1.02000300668554,2.91990854256785,,1.88212196110605,0.211893522063894,0.433765614136245,0.167901288810198,28.5657654888545,132.436608083678,37.1364373553117,9.66214997574424,13.1024899561739,1.017933576631
B022,3.16337074917505,0.387353584181128,1.89916314811964,0.239047072048048,0.489033088509951,0.221327624047668,30.5833793571184,137.400607871261,49.5222802612172,11.383383897328,12.3827145380384,0.987579034018235,2.59959631251401,0.379672775637656,1.91600118252642,0.197507488675733,0.45492155167055,0.206090858426752,,131.236713628702,42.7099232014414,9.02026684242579,12.9521339245078,1.04544990807836
B023,2.97030334572352,0.372235138564811,1.94581110864442,0.221700929979566,0.494267863018975,0.203237704006195,29.195112713497,,43.695431857331,10.4822224798458,12.0589629407882,1.05607494154936,2.61157070547251,0.386543067872479,2.03276922001711,0.208169041257841,0.424549254843198,0.178874516992282,27.5492133858783,129.811696804076,29.5661566534239,8.48690891962375,13.5881141004362,1.17980861434203
B024,3.10241843132196,0.384169878731407,2.00286203591705,0.232601208724724,0.506403317583554,0.219031161289157,28.9329728929697,137.78091225799,45.1320319663271,10.5979259680075,12.0875783028344,1.0964074319801,2.69997485633659,0.377735000201743,2.10847219567506,0.203919937735567,0.420603560749823,0.199590189219122,25.9423371344881,131.695242747294,35.3528987300418,8.45643578730899,12.4918624685147,1.14558280974075
B025,3.22995450402827,0.375425567165148,1.96139484223015,0.237333345389397,0.490494782963919,0.218115657351074,26.677700875091,133.031409901339,39.5349092190742,10.756806093123,11.6116097498207,1.09177107679531,2.72840274536917,0.390368437441453,2.05104956136501,0.21326233331328,0.426030887642035,0.18351077356892,27.0773857993793,133.370790885428,30.8668043039916,8.94206819898919,12.9411318847216,1.05132860450822
B026,3.13798407699963,0.391915073423953,1.96132479501976,0.238553759024882,0.466722585588182,0.200554639727631,30.9624068327261,134.627762037396,41.7336102453068,11.6977195206524,12.3844418025892,0.917810419272523,2.76552318453438,0.388262091621245,1.99084446662078,0.210725799998085,0.486288070028959,0.197840686549246,26.9373370544157,131.174999863379,35.2042776390713,9.39250503518372,12.9256352142031,1.13396678488338
B027,3.21340148581649,0.38228479643757,1.87540271790625,0.238789594565691,0.514415834840979,0.215784908728897,29.5111908090964,137.983116475647,47.1193864975505,11.5327072836996,11.8822572564306,1.06253587245334,2.60579492470294,0.376764317266632,1.85447770928462,0.202045791201711,0.450771936619854,0.182438626314809,26.8714363563754,130.844363482456,37.4519794187868,8.46842893620866,13.3518091436232,1.14367049700142
B028,3.11185158466466,0.37514156081122,1.97059473605158,0.226033612527888,0.43614220334759,0.210745624044269,28.179510506806,135.824170648976,45.4390197572872,10.8170608124345,11.7873355401356,1.075489909623,2.85103593855941,0.384485106358462,2.02043108993191,0.210701222670651,0.431510140760306,0.173725065140653,27.3084103345328,132.077798024733,32.313299015697,9.17050721049673,13.2718503512284,1.03116426266796
B029,3.18096948598841,0.381686744522268,1.97707325572842,0.237190707371055,0.493265866234115,0.210400425743803,28.3502323782453,137.764585160762,41.5058500311783,10.8312305392566,12.38609630095,1.01597913906095,2.80212918293991,0.379402330430118,1.92226028791238,0.21083575150654,0.525554164491271,0.178527072805857,25.6987503689081,131.07916891804,32.6573564009847,9.74065727721159,12.4656783042459,0.990830027957512
B030,3.08967564606596,0.381973129814568,1.92651533952727,0.24197734663109,0.561793884645094,0.234539981129834,29.1245322235864,136.860936716738,47.723368970798,11.3519497305828,12.4856863370198,0.899141722971103,2.93174641188567,0.390121139353598,2.023004022204,0.217669163629117,0.491613891094515,0.205080429784005,27.6140833726692,131.938127535707,40.0981630290981,10.0784272184367,13.0070786211208,0.904148226429847
B031,3.21202729252733,0.388580922357325,1.94667844979546,0.238185619750257,0.452988785116013,0.214706275533718,29.593593847603,137.27768581017,48.7382718636691,11.3543553512802,11.9988347756455,1.03682737985721,2.66666662921945,0.388403254759264,2.09038535264778,0.202149052259032,0.471446097292782,0.202295824441236,26.2810254915308,131.153000173312,35.8158233227654,8.83460193410311,13.3294535005531,1.03197973700758
B032,3.04262669712869,0.376888665047619,1.97592184765945,0.224753672157379,0.411839547320951,0.19645065606464,27.9313544640331,139.049428908829,43.233225987397,10.341532678255,12.5265578328211,0.999204785847509,2.78802882541393,0.384584532257928,2.00770935305886,0.213664659518367,0.419529516003886,0.170077624977495,26.4279280713354,132.621412667609,35.2124058119193,9.10257552334141,13.3784885561973,1.06737303994264
B033,2.98454426902621,0.373333227800441,2.05380697139972,0.22141659857349,0.390103848101601,0.190994288578548,29.1156413461792,134.58158265356,42.1993949981257,9.75397828014538,12.9554161722559,0.96130151951063,2.76376014278839,0.383167041227371,2.05198017700351,0.212552950171385,0.446796647036053,0.186238405844709,26.1012855526303,131.641338121295,34.446453456545,8.91420094772408,13.0084383490806,1.10375294363839
B034,3.13557363273888,0.389599546624246,2.11311442962813,0.233720241902816,0.45797117739495,0.211536487561803,27.8905475009029,133.846454149877,41.2201336886103,10.6354404953113,11.8726525623696,1.03167949199721,2.86379006552753,0.390747428381257,2.05466221420774,0.211436479194679,0.476527494438638,0.176680027057,27.2615852889563,130.811355175734,35.1871002663568,9.49748292051372,12.3968614787951,1.08830873078107
B035,2.97571116409808,0.382767948499126,2.07813953565833,0.222788762347361,0.413296683472903,0.199574204716954,28.427174276954,134.222424545047,46.6580367250151,10.5836130161967,11.818238283532,1.10139202019989,2.70536690076925,0.387485564589307,2.1906492003883,0.202366744978406,0.382747563403537,0.163936041069706,27.3703124727562,130.400700562206,41.7689262661811,9.22606154692982,12.3128369853045,1.08659435309522
B036,3.03703389064008,0.374469580163774,1.95503827559292,0.233447608375634,0.47467929119812,0.218731247809141,28.0638107799455,139.614194835212,46.9977172821577,10.5397485580858,12.4899255166044,0.977239447833265,2.75183719152992,0.380658397857997,2.03779317594987,0.202197080720066,0.415091823194471,0.201678040644838,25.9425106187023,131.67185879,38.2189018082384,9.14341556027338,12.6008341257789,1.01478071805483
B037,3.10030239099751,0.372331154046265,1.91418131233864,0.231678714601051,0.428608883512588,0.199835925406259,28.1691610377986,139.424692409297,45.1721591856981,10.7608033547358,12.5104323105141,0.956238117068824,2.7238924708949,0.381373701163406,2.01800622174773,0.200393227397848,0.431050491273169,0.193748001340925,26.2602298403773,132.291834829111,36.9221366448715,9.10100423736163,13.0336820533081,1.06410429467895
B038,3.01826414805018,0.389980210420543,1.95657687153655,0.23414936791443,0.489831377502453,0.203919303152693,30.5449113695229,134.142920529929,44.8774846699332,10.6983902088953,12.0988783241563,1.07437098570911,2.72182530869634,0.384820815820494,2.07201537278002,0.207594232556353,0.463034930841937,0.188925844622779,26.4373556978872,131.160733997661,29.5554905880238,8.76687962455453,13.0934393295595,1.08225062765699
B039,3.04936889550198,0.391192716225408,1.9993743176212,0.231639429723422,0.462536815256872,0.196641537969503,28.5552962165944,136.477157905472,42.1508838466589,10.4269001724064,12.6143891042966,1.08438875375239,2.73628493560184,0.383358645497281,2.03034656687321,0.206162246584911,0.421852200798344,0.16262690049263,26.379247678965,131.416983531291,32.8459800943444,8.95294422062164,13.5975609220083,1.06891885105852
B040,3.30354778480379,0.389009892936116,2.17230901567898,0.2397030002528,0.502090287490825,0.228855383995913,26.6253871642394,136.265791555928,44.5430285770731,11.1638361266478,11.5078814910132,1.02862800200559,2.8155286312384,0.382156646372884,2.02907451122019,0.21184052056254,0.462135684932809,0.196810039048205,27.3955620639274,131.923741769611,35.5261840619241,9.13443915345606,13.1991572738021,1.03630005986915
B041,2.92118737092914,0.383413323554163,1.98910764168301,0.232696360085686,0.454832630808405,0.1973961529252,28.6342647002633,134.433113772146,42.9023704755469,10.4072888877148,12.0672201569471,1.12874171262548,2.70430364550032,0.388966678332487,2.00763850314908,0.210470203504111,0.45852980949028,0.169237351550954,27.5358294993533,131.585580997329,33.2743401553781,8.84357545088386,13.2222962138834,1.23658129804722
B042,3.00976790317413,0.381573850042862,1.93278390509015,0.236722322108429,0.497606215792026,0.21054289690677,28.9393040710948,140.385295858639,46.3498113977973,10.513204365564,,1.21150806260109,2.74114920424212,0.380123507966927,1.95063227915409,0.20734548176525,0.410390875956745,0.188034575325902,25.407619396477,131.985934679259,36.5656065416309,9.11309922122925,12.2963782220144,1.16763737956547
B043,2.83255522577132,0.369200683082646,1.79939295246611,0.220890779665883,0.482757244976346,0.197237081518024,28.2884793118933,138.764695722403,44.5105866788615,10.0496175518824,12.1560591889343,,2.78042037279542,0.381892383455027,1.91145190341741,0.209824820007328,0.456797829231079,0.185438977860308,26.9512136095806,131.683401954047,35.4446682238386,9.09635170959191,13.0693281797814,1.16800891949635
B044,3.14005292994099,0.382611015655243,1.84320859866853,0.236150666165186,0.47132339006639,0.210267330078728,31.5088628615132,136.323892980349,46.1686267179143,10.7757897664848,12.4266945229703,1.13687567950199,2.71457794257859,0.387327000932703,1.9621024015203,0.206124188781568,0.504421072945631,0.195349028384803,28.3717144709578,131.138008801159,37.0965479887904,8.92296178392958,13.0856353125448,1.27760402746526
B045,3.03677433415036,0.38400894856037,2.0508097093176,0.238736952820732,0.40437585900572,0.193590784383326,29.2308481549648,132.848468444965,44.3164631805009,10.3508066960723,12.7862086140237,1.03949664672171,2.5713473972718,0.379898778970039,2.05528301613921,0.201598789391162,0.446947800072361,0.176755899650362,26.2861996864067,130.212533204905,29.857404931863,8.30100622220242,12.679257677823,1.24987505786371
B046,3.05473744637719,0.381497511409248,1.97982724197494,0.228550948504683,0.447761692020182,0.210238846878506,29.0822851020249,137.450230047767,46.2013895851683,10.5625174008641,12.2679012367299,1.07948955403884,2.81194315345171,0.386626078849836,2.02464356686378,0.208217157317356,0.44769002440541,0.195359410375512,26.5502451505638,131.994786269951,33.7942640155648,9.11359039819471,12.8318290237493,1.02809311854308
B047,3.18462730866157,0.380372602168581,1.8799874518912,0.238633962046254,0.439386252750254,0.195722706710996,29.3146935280685,139.785794831237,43.1620834254064,10.9599484030772,12.5336710195156,1.01091451832989,2.60522767909058,0.386398720072883,1.99114945167508,0.201451636589012,0.440909906004712,0.167305541905823,26.8684803850203,130.740033349334,34.2523236929577,8.81208680256984,13.0054760049341,1.21878255719451
B048,3.07779940695762,0.37741230169491,1.93650122814475,0.231367130197679,0.48355475842767,0.20387114063016,29.5355677743765,134.799485078575,43.5500005520077,11.5801313022201,,1.09110741303746,2.74147253051618,0.378182346213208,1.93689997985636,0.204593584297443,0.472240652576044,0.183825361846068,25.9127838119515,130.13319485598,32.9103752892805,9.07098752968221,12.3064474816682,1.01055712728182
B049,3.00151798747901,0.374931702651908,2.01899102818112,0.221832509559383,0.401644096246945,0.216482555845688,28.9296329809448,136.831680979936,48.5862653266213,10.5841859238686,12.1562035964449,0.961900327890923,2.68325893153047,0.371233591468357,1.93007301060631,0.203402689832412,0.373801750665911,0.15932295518439,27.2191674408039,130.779087825209,36.289918515452,8.98900444543412,12.9406547858164,0.963524827514056
B050,3.1311929188732,0.380376959223214,1.91591205456356,0.228573643203467,0.449794721339669,0.195254234078959,30.1338324764845,138.072880896693,44.8241512660832,10.9471608900002,12.4816137783734,1.02220028116896,2.597722699256,0.380747998264035,1.87262352489706,0.205528299353504,0.499454562067687,0.187493096806987,27.0865307379087,131.712101921893,27.8968682030045,8.31982116545302,13.6101322673894,
B051,3.07689402181885,,1.79348794518034,0.228108256802812,0.513664881592437,0.204745786753538,28.3946151644349,134.175180492836,48.0295120345811,10.6012462255277,12.5185474167619,1.01601370230106,2.65831748373824,,1.87822549490519,0.210624708142324,0.548364943519552,0.209859690350191,26.8807551646467,131.727978971896,33.1268732401049,8.89658089459776,12.6867070367752,1.11792989117719
B052,3.13844388522794,0.380403044287747,2.01806405275406,0.231037985305897,0.468120472821175,0.218798129913184,28.6173610674287,136.115117654909,43.5957711009332,10.716436147767,12.1506404572432,1.01895083232232,2.88864900291966,0.395589882789593,2.05009977361034,0.21815481874814,0.504230353937561,0.177997852796017,28.212551310775,,36.4308460143436,9.21249073218518,12.1132157564824,0.968618557674498
B053,3.13904571326945,0.388447659511109,2.00685527013869,0.226872170995439,0.434689994417048,0.204922658035247,30.5238394659439,134.029434554519,42.7471820417014,10.5950277533877,12.2156430704503,0.95974595403198,2.85774002009762,0.383916042416658,2.06595154513817,0.207007513431063,0.408955149100342,0.162552461323712,27.507841004757,132.390345879301,35.0862882950125,9.15064734762719,12.5428273349837,1.0696778589753
B054,3.16026115100356,0.381815674051963,2.00926459620111,0.227151868824812,0.487989969670377,0.224958952641943,28.7606297866235,135.111043229144,44.3972266545469,10.7221249200062,12.0910515374511,1.02037059259265,2.72260514801307,0.388789260729421,2.1601411896293,0.213266029539674,0.465297352736837,0.189318728253413,28.0699772391236,130.74012864004,28.9854053448214,8.96070376202047,12.2666446488277,1.12955116110018
B055,3.03726666831808,0.385502286943767,2.0466856457504,0.23196214385854,0.437437046158822,0.207719615135344,28.9089142366926,134.943498293051,44.9787000998128,10.5099929853833,12.0399971494354,0.967496024073234,2.64100991381715,0.38867640606173,2.14120778552208,0.202993576513592,0.34774280401827,0.149949025143383,25.9389663856528,129.886246067482,31.2201797744697,8.74967223258522,12.2937026068339,1.11730078900828
B056,3.23626633266688,0.367103086866502,1.77872690061184,0.238625277164614,0.495921245405898,0.215173850631768,30.7329109280759,140.490671050912,51.8687557037437,11.5614810451969,11.9277750733433,1.13658054992076,,0.375633441699387,1.88452452369744,0.214102368316703,0.487084858227377,0.19238479001388,28.147218971444,133.888806337916,40.2022215092417,9.94878089562794,13.4561150667542,1.01136758888754
B057,2.98132805339818,0.387780838455588,1.91688927931994,0.238415813265752,0.430707939396608,0.202285508072766,29.8469524538755,135.505642382336,46.7095329308347,10.6006100521397,12.1678355254257,1.08181804054395,2.68263029887838,0.375237730275242,1.92068392339879,0.196169924495952,0.371691592313145,0.164605567198967,25.9843426921099,132.180260294361,37.3028841651174,8.6287535822351,13.1152987945826,1.06548325451866
B058,2.95573400982174,0.368337574612471,1.88835242207123,0.225134531444381,0.396966070314305,0.206098334932525,28.3601799107048,136.924544600354,44.866834734072,10.0271703174533,12.5359496590613,1.11519888136366,2.86860876386872,0.386227933907396,1.97149002826162,0.212734962548501,0.404691581833763,0.17861639255604,25.9595788008136,131.861173413919,34.0161251920206,9.04091831960969,12.8562448216652,1.11522494749003
B059,3.00457331732506,0.363728120559269,1.9218215790219,0.220116985208448,0.468977085771353,0.212417066518886,26.3686618547277,,46.090931803608,10.764555923291,12.4771954682776,1.10128580231719,2.70584615826344,0.382904879177787,2.05379294855472,0.202575463229002,0.388095375845062,0.1486822150023,28.3272385283184,131.991032375712,39.7274043155899,9.01278260060033,13.2947678642127,1.08324739495037
B060,3.23712922653397,0.386322832900597,1.88533455027253,0.241878614471025,0.471622675584017,0.206540929890189,30.7507061893327,137.43888127154,48.6612389347135,11.4234892436312,12.1204126305829,1.09107349792891,2.89711388571684,0.382832415390105,1.94658132344827,0.214770077788806,0.400393892751412,0.176137146242459,27.7983585300027,132.39949758713,36.3930650536142,9.3804282021669,12.924991368376,1.12832889805417
B061,3.20363237885953,0.376448766111451,1.97959780586863,0.235521674743152,0.461981202038927,0.216239366067909,28.3891977329132,140.119440464479,48.2119401254513,11.1491060037608,11.5548917244094,1.04205880203998,2.74365284059201,0.380816952980549,2.02716556757467,0.207706590141124,0.47146712976079,0.207822775662606,26.1407321345098,132.145296877282,35.9771521851481,8.88374792819213,12.4071520754314,1.20568140916298
B062,3.3113810011278,0.375659695899752,1.89589643696894,0.246785219513805,0.550072801164077,0.223022298626785,30.8908611561989,138.660914599939,47.382234619321,11.6480220954171,11.8921968498482,1.01830046417611,2.80480011722255,0.385239506018898,2.02397796065695,0.210846801761646,0.527450101254509,0.2138742596679,27.2292097279267,131.358429428003,35.6743365274633,9.36935249771962,12.5432946358666,1.15621483923484
B064,3.18906591726001,0.365282700468415,1.94021696063808,0.235942794524246,0.458703829996248,0.225941306009832,27.9045356166483,133.098046360341,43.6855389032702,10.9091200029718,11.5495398560992,0.994712752714792,2.68294499544335,0.387414897269474,2.13104416125144,0.206589672919258,0.405664226733002,0.147894571203234,26.4680715424689,130.540572990579,28.4864259678348,8.74304586131042,13.3866369872834,1.15122559725726
B065,3.1250792913189,0.37102044331433,1.99916085165038,0.222141934333914,0.413417664107785,0.196944031311776,26.7084963817482,132.019869030194,42.5873518147392,10.535525484579,11.8894709548714,1.0861916562222,2.6673790544022,0.386060245652931,2.09519255286955,0.209004311127865,0.413583143120816,0.169755122638965,26.7335662392758,131.332441674057,33.6495346543775,8.41478296478328,12.6997653089991,1.20383297822143
B066,3.11084182897702,0.374986305978163,1.96938581127433,0.227895150462932,0.416493951849896,0.201388982138805,29.1372196535483,137.61894389238,43.0867392669679,10.4674949627094,11.7952311944353,1.01675193385086,2.8057236319162,0.383721148751916,2.05253568960885,0.209817416059457,0.476420005440489,0.202205775548759,26.5080192532535,132.851536649888,35.1900742071789,8.90449257786725,12.6547484646244,1.1156298222787
B067,3.08871583482732,0.381190212613053,1.85195696607102,0.243976391174065,0.525399526812927,0.223307883504812,30.5958292942295,,51.1237906015507,11.3168295588176,12.1507769490656,1.04163295469913,2.7245617484744,0.397449751566854,1.95947810208617,0.216544839379205,0.45237043401595,0.186950366545796,28.2468618307996,131.516528569421,35.5526755195603,9.328829481552,12.4841130104734,1.18014296157739
B068,3.05842606920277,0.376433794399974,2.04958217907418,0.232214392847096,0.427555192067994,0.19711620037774,28.9847889994301,135.21429504395,45.2918271709449,10.6021580796034,11.6734113622546,1.0391282003207,2.57231041271775,0.38243370891916,2.12240055401604,0.198225409173322,0.389861263091799,0.169473334186891,25.5502352663923,130.781992855386,26.7327865472065,7.95032132943695,13.099564565851,1.18200294961175
B071,3.4452915441505,0.370429977306557,1.86568647791222,0.237648763721856,0.463005157814931,0.206018655002862,29.9864751352771,139.638378858139,46.9386306844833,11.9298371273824,11.8938968562068,1.02606141555256,2.83210571519396,0.384168915946239,1.8758626495411,0.218921339460581,0.478710311846231,0.178702594027617,28.5068101932948,130.509353594805,30.7707722850856,9.72033979594104,12.1434705575274,1.07774420157568
B072,2.96384035926382,0.364107174321373,1.86960516747286,0.225342234232147,0.376185164285257,0.18537441860042,28.1418483086927,139.080121477618,44.2769413389689,10.0374063969283,12.4989985866643,1.1543587290064,2.74651590798454,0.380705653518307,1.91423889445798,0.209147978899913,0.401026063861265,0.17081204159946,26.8695651872604,131.568904079517,35.944546809581,8.89898464866915,13.1089732061977,1.15672924337296
B073,3.16701884771898,0.383049931108333,1.90809003855493,0.238833282273204,0.532227690319178,0.230313632374818,29.6723824413204,134.808455240716,44.5602370483408,11.03496221349,11.826534802765,1.14696169728609,2.81429015129228,0.388405868524578,1.99067361224199,0.213405756717552,0.487889532356573,0.197434446397544,27.7622471927007,130.906157444043,34.3205066016536,9.13346487264244,12.615996827477,1.15513871462096
B074,3.19860843951041,0.380972998434104,1.87465856980908,0.237971985250537,0.495087883408198,0.209064795501262,30.2685746248347,137.155523873523,46.5948516227587,11.4476452203962,12.1252519078283,0.998837686789007,2.79206024363595,0.387015852989564,2.01372623503032,0.207545641457677,0.47340658084878,0.177616744627969,27.6938952866289,130.961545823487,36.0227697702001,9.29142729164122,12.6908944320397,1.08575676914079
B075,3.28634878473916,0.378287551822519,1.86642307092394,0.251481783179117,0.541664896546419,0.219099455741203,29.5883495117582,140.543739558632,50.4914840473536,,12.4977535277766,1.03982822558018,2.76799782511113,0.376821345531833,2.02735290036446,0.202515925143144,0.501944618618231,0.185153383306495,26.9106336930871,132.981090152999,31.7933199880844,9.03692083559207,12.6467733806186,1.0151211146425
B076,3.15819515736323,0.383757245404747,1.95389975762432,0.249182603341962,,,29.2104795708066,140.070818302316,44.0356492380337,10.8382591909381,11.919853472137,1.09703601748077,2.86783126761736,0.389153509546799,2.02491971918538,0.21660956762703,0.544254961016175,0.221843044562481,26.5286397809784,132.214961102752,36.725459569909,9.49618322672963,12.4696982206542,1.15475412572343
B077,3.17582553222816,0.380824756972056,2.0065529910756,0.232640466297153,0.475851805829758,0.209009506759781,28.883300341839,136.099725833767,45.4502926526656,10.9272024227948,11.8757628308102,1.00726567365167,2.89679676760892,,2.13312534716176,0.212109220428233,0.536850363983218,0.206301400130459,26.0743797898855,,34.3003828625709,8.90272338264126,12.3576018635417,1.12450349744529
B078,3.25290743854343,0.387147340866818,1.89453316618581,0.240784366166373,0.470677614587187,0.205484257004698,30.8477631806692,137.815701314672,49.689669272881,11.8002272207637,12.428786288378,1.02364934829821,2.73594191180717,0.383372473121715,1.96810500263641,0.205549542931181,0.445421237515771,0.185548493685891,27.6682236949881,131.884146959392,40.59985513536,9.15303456789791,13.4032960236582,1.19332794868668
B079,3.12408294604468,0.37547581395998,1.89731390216209,0.23973697630397,0.473048466685047,0.221662125841323,28.7561715926196,139.277425923723,45.2869869270535,10.5911059393583,12.2134536256491,1.09246622432829,2.73632174849776,0.395825520410953,1.93404657049372,0.207642084789098,0.437651595694562,0.195937879519869,25.6473959809781,132.033690378701,35.2535180948899,9.01703787890833,12.8808464107851,1.1074719345421
B080,3.27390192272895,0.375241407388281,1.82519879973444,0.240247269574873,0.460241249017894,0.219914662842081,29.6135397140233,140.169052241983,51.6475619309579,11.5330083647806,12.0697363311391,1.0342142536892,2.89096012848543,,1.9856107238323,0.213819686439274,0.4072320228951,0.176939586848838,27.6945187026978,131.59823723561,39.5542903122842,9.45381441772892,12.7541529107147,1.06898655613336
B081,3.09132628741281,0.365170299233403,2.0613890694984,0.226522568815328,0.432474002319139,0.220391375392968,28.838258928698,138.331486820861,49.1413971554572,10.5100427270234,12.4648846990151,1.10154294052877,2.53415960329644,0.380651060102143,1.93921069159431,0.194422888823027,0.382064613565804,0.15090494656492,26.9655493842804,131.79365300735,33.3393197449344,8.06466945447009,13.2858768017595,
B082,3.1348082121445,0.378469127752517,1.92111264192046,0.236729658818794,0.513605748860531,0.224272045943087,28.6293302522622,139.302116817784,45.6287133284659,10.932116177138,12.4252588267479,1.10659224101978,2.65831537071623,0.384614609366577,1.96946539855832,0.205734401710725,0.420097074442425,0.187636172281176,28.2200410275036,133.316633730549,38.1954061754742,8.78757513662629,12.6746597113309,1.18118961896427
B083,3.03941408435847,0.382569434978064,1.92698121941561,0.230717112356875,0.434786717479964,0.202480011671238,30.5368493255768,133.754018195987,45.8525441923824,10.7881201085753,12.0317193186708,1.03924478557647,2.73390680251614,0.383704049713034,2.01427415322573,0.210493296951612,0.450839313457973,0.177935749734021,26.1486219306934,131.004891854503,32.0324316959472,8.86415084893641,12.453549256838,1.277048140387
B085,3.16338715972543,0.381683277491964,1.93503676291406,0.2390604406533,0.508325722701733,0.22257886531086,29.2908971415555,140.226421802606,47.3479459683753,11.1129803243788,12.2386007289992,0.999075352822296,2.82989663737254,0.383443276220674,1.95011152359905,0.212087075191804,0.4558446035051,0.183132681943077,27.0660427045346,132.840957938772,39.525864974661,9.43172741345242,12.8323686441249,1.0796585899427
B086,3.09882761009859,0.381106369240528,1.93277592477038,0.232923946806268,0.452324705179118,0.195114493374901,29.6161279943441,134.650020945134,43.223304652352,10.5382067546066,12.0963232601501,1.03720889285709,2.75296762404758,0.388534965432374,2.01797345675592,0.209519613691445,0.454678198783413,0.181324629481738,27.0601896421855,130.891810446767,33.2593225871457,8.96564435849779,12.9570184768575,1.11623836927076
B087,3.20686639794676,0.380034583328191,1.88176961926253,0.239612639538532,0.42942483602546,0.205946991569273,28.9166937730857,137.631935223057,48.3907133686938,11.6521291581862,12.2949724303408,0.981978715012382,2.94316704502404,0.394819070049547,1.94260859043767,0.214173494359426,0.472011477258286,0.186127449774275,27.8450256604665,132.76207887084,37.3770804445882,9.58116348349353,12.4914182968773,1.15490649140221
B090,3.02870728025513,0.367854326242283,2.11459598409914,0.222064977759432,0.448838638424545,0.201861153930294,29.0021169545733,131.346401444468,39.8590170334303,10.0226757954429,12.6272056094544,1.05584292995105,2.74872015406455,0.387030892291948,2.03230102120736,0.206995933513734,0.48279585843481,0.185276347142454,27.1253771750159,131.796015448139,34.4135433974827,9.03880798264648,12.761817845437,1.19562034808476
B091,3.10348794596266,0.38730887969642,1.99927719896668,0.22791139146032,0.471954008089053,0.203285231222942,28.7999376480966,134.007488499957,42.2484502289462,10.8626853185162,11.9881967292734,1.052962842457,2.82314145038822,0.375435976028338,2.00502637408507,0.204512440631306,0.368588926129856,0.172110251326979,26.6950662501093,132.21457600471,37.4296971841867,9.082832499405,12.9308979929815,1.03352765901997
B092,3.37947831531292,0.370720995114694,1.87879417463457,0.236960495084823,0.413317283455505,0.187120019318993,28.821492954819,139.690239839404,42.7173032512515,11.2990165739228,12.1639228761462,0.964797602680093,,0.38417381322422,2.01342023979764,0.213388573724656,0.380471895532109,0.171112334567713,27.6046040777801,132.653314465333,36.9875937720224,,12.9828599755064,1.00159983730718
B093,3.39517168250558,0.368365241368191,1.80254166664854,0.247902900684419,0.506125415195201,0.219590177516901,30.9294391702428,141.266776172807,51.0368398299729,,12.4458510453004,0.958301943650041,2.77637319009905,0.385024911152635,1.94066543521558,0.210979626819868,0.442403782107557,0.185263230273522,27.3884641825437,131.993878257042,41.5640253012165,9.46035604947735,12.7139804544418,1.11195306726531
B094,3.33679014539101,0.37522464441533,1.85760470806389,0.240080857609752,0.525148442880688,0.223885925791618,30.9624081235289,138.406903748069,49.2457315790811,11.7815998126596,11.976540455458,1.06788869696175,2.79692081929016,0.384130705541731,1.89784095189185,0.210771401454387,0.445438832170228,0.181710874057439,27.6725609255531,132.048262370766,39.9741469608889,9.48636714707776,12.9379569155956,1.15243734526288
B095,3.22243489392659,0.385688070891943,1.83545069649059,0.250497981093803,0.549737063471352,0.230349143697859,30.8338356653328,140.029030284935,49.9658979703268,11.229065988995,12.4798363919997,1.14703310433009,2.57810315056911,0.372945489137644,1.84211715571,0.21181806289207,0.418141152592312,0.19989727690387,,131.072526595686,37.0831910992599,8.26960670100016,,1.19690678038692
B096,3.14934656576675,0.376892962830499,1.88208257750564,0.245255921813278,0.521311629833364,0.227239142904371,27.9541701200383,139.719652901708,44.1574279429508,10.8258113791988,12.187640360481,1.15968095884144,2.84120562971702,0.38374343714439,1.87515282924732,0.212788801453166,0.457831466172787,0.198207203335568,28.5486220537216,131.590619876421,41.0361285633664,9.60554142965059,12.7739235079028,1.13392826917363
B097,3.37386277657259,0.37516277643675,1.8039091994336,0.247580880972975,0.539016332769861,0.220126216658062,31.0112361447883,139.134458949512,52.1305762880331,,12.1795078122626,1.00101353780377,2.84224268813502,0.381229927871634,1.86457526680562,0.210429329477283,0.407229640543663,0.193872881693445,29.3467886648598,129.672964342142,36.5106079875253,9.51475610990926,12.3670163144847,1.10958295928066
B098,3.43088547300422,0.373020103905756,1.82974994338219,0.243879598693494,0.506744163018571,0.221597268529069,31.3697226866169,139.595824043243,49.4520579927861,11.9574739623019,12.3521423310125,1.05460877548546,2.80774823920641,0.384938308144312,1.907041561129,0.213748009080434,0.477814653632427,0.193088745892107,27.9773087308623,132.240378468821,38.2271787733163,9.35142987869998,13.347782582274,1.14475431062203
B099,3.40255001719088,0.362504730015861,1.77726102631298,0.237516749312852,0.445379142672741,0.2002645567446,30.6923452826706,139.364929218731,49.7283734985909,11.9354080926253,12.2887703050049,0.934459583568668,2.92415651257478,0.381853895462664,1.85050362368397,0.220894459891232,0.512719974294554,0.202860923782519,29.5109322178688,131.931567243647,,,12.7684379423298,1.11331087930594
B100,3.22659087622508,0.379133504916116,1.87446525630683,0.241497044199503,0.550603396018574,0.23100409546816,30.8465851675688,138.728592791632,50.3580157808103,11.3895734538147,12.447147863264,0.974147985352022,2.85286273590871,0.384689448364405,,0.215492657692191,0.519360169166998,0.209610390962261,28.8078996718555,,41.1545215590865,9.91690887200035,12.8726509812569,1.20924677689021
B102,3.01909175797593,0.365887932589043,1.87850271246849,0.220495309938049,0.402349852617055,0.195845903751607,29.2634265923316,138.12738294208,44.5191646176501,10.2740415347137,12.3807808899901,1.09303698088373,2.69120114768302,0.380016510899852,1.99046665065608,0.20376411034555,0.39593726919486,0.157448419462668,27.1232273807051,130.875687963634,34.5096961300527,8.72435798853125,12.6390007783431,1.17582355576196
B103,2.96794976246126,0.377450133071019,1.94571767325846,0.228713514703237,0.413214375190138,0.199294741310977,29.6810450995572,136.126762328769,47.7144613638135,10.4234645068342,12.2194327863697,1.01859205557725,2.64483230594921,0.379848797366385,1.97686141797044,0.202351476882071,0.359279797125337,0.157243070411306,27.2576224882209,130.392965076468,36.2106495189582,8.6059968055166,12.8827968325379,1.15991056391736
B104,3.17323827198811,0.377953625312697,1.87957622665859,0.235789298586691,0.427695166367535,0.197120136877646,30.3204159286456,138.034807963718,49.2918059038877,11.0404852620042,12.4131653335013,1.04091658942005,2.77713715755153,0.384334633285511,1.93431722376533,0.209857115089961,0.361862875554997,0.179678414389245,26.4893687517294,131.732431060377,39.4496002206062,9.34092552755229,12.6677531779829,1.12792508295354
B105,3.2087826376869,0.383884381990897,1.86195866672365,0.228036568968742,0.436277125990006,0.20051928737048,28.7120678309192,139.49768501934,48.381074367354,11.2833513559139,12.268691745669,1.09142460887368,2.84177836792333,0.383756174253175,1.99912231891617,0.210849773178311,0.396970159635525,0.171604519769385,26.9060370102991,132.001919906194,39.4851976661813,9.6150703815395,12.9165594558426,1.02882109752728
B107,3.14093650157148,0.389010151413753,2.05013423750276,0.236238659761118,0.493785035715799,0.209959093712616,28.1766161363858,136.952967454242,42.1749252125046,10.6170203822162,12.0484034761447,1.02961948595498,2.69810355005166,0.383732021163093,2.11313837523218,0.204094655677664,0.374900276407645,0.170302114480724,25.9158924198719,132.03232635276,30.1397033458774,8.33064965215109,13.0818162666597,1.06927879375208
B109,3.17814999664243,0.376442953099071,1.90300259814403,0.232159765376497,0.397596527009084,0.203286322352782,29.2141695651474,139.92666548911,47.9728689757212,10.7591829753189,12.0912710008306,1.09057188468838,2.68378504121034,0.382790710789859,2.09678169949893,0.20714527797779,0.363858153717855,0.164826426268522,27.4231421783111,,38.0560996403072,9.02749020682555,12.7172001807641,1.10441204570449
B110,3.16704541412602,0.386558179105027,2.01152470554811,0.241187316932034,0.508805390316225,0.21913435025297,28.3605655551631,136.788011100215,44.5636479763098,11.0445122198816,11.9911151423289,1.05540548981671,2.80844099268134,0.389010773481782,2.04032010703875,0.214781695993548,0.505063607828794,0.193393922498477,26.6733465578964,132.01193999852,32.437816190186,9.2533654173336,13.1489043547936,1.05008639233934
B111,3.17271086095256,0.388340970247182,2.14432592449968,0.226077980021798,0.434392183499759,0.193527911539248,28.3440476677077,135.6502212746,43.1507849855246,10.8217641507743,12.4616898180001,0.89666237865895,2.65623528849984,0.382992401900498,2.0473755418698,0.209288904468133,0.408232163162713,0.181179549891804,25.9517205524575,130.102996597374,28.4613426712338,8.39184581766896,12.7702054174062,1.07942338283523
B112,3.25343815121974,0.384160543446542,1.89338518374483,0.243177010284942,0.50259389317265,0.217594372168185,30.3048862964248,138.04729084833,44.6501246670693,11.122112022676,12.371916943374,0.990523350723988,2.74854751686214,0.383812422811121,2.02452013767977,0.202239740745826,0.42414453879615,0.17236774509566,27.2147038322363,131.412185011912,34.9376570696874,9.10131664657429,12.5813363120945,1.07013127335277
B113,3.13299591434906,0.373371394552464,1.97677102666985,0.226486881053474,0.450563936153599,0.217362769325823,29.1484171740132,136.747970531491,44.1749636920965,10.8933653734547,12.0518989079186,1.00412214233183,2.8635845332522,0.381162451796921,1.98688465487343,0.212201255802545,0.474280220163768,0.20827867610299,28.0291659228185,131.521371586811,37.5687388739841,9.52073598928458,12.4013054475102,1.07405837175965
B114,3.34191454485878,0.38302824392322,1.87493922248278,0.243728150590201,0.523935428414004,0.206325112470939,30.65106231113,138.083849244063,46.4941923223808,11.7461874079192,12.2680766310018,1.05433615976133,2.90743284332113,0.386131332520313,2.02280267554295,0.213172742244832,0.495484918700192,0.19476254325894,27.7241405915803,131.989954061642,40.3526637681478,9.90746214394737,12.6759806243847,0.988693050515473
B115,3.02184665482632,0.373130464860694,2.00985739529906,0.225385693348929,0.379494940998499,0.183654001659216,27.8138720205701,137.903457409879,41.8597626250922,10.0817166519267,12.6437256401834,0.914429787298954,2.71678037306585,0.383275056741555,2.03923380160423,0.20217114031995,0.35599020024373,0.149164144628454,28.0506027713882,129.521826488046,33.7742616437995,8.96487564943772,13.5056293111416,1.05858691139142
B117,3.12242904504533,0.375864230351217,1.87047761180247,0.228930873967772,0.444213661497287,0.203093960211068,30.9878429445486,135.200922808604,44.8090521868555,10.5240349101103,12.5584034939474,1.01307717832566,2.79027748544745,0.383836716463122,1.95541443923705,0.206363143890278,0.40739052081883,0.1636940397058,27.9229716826441,131.612676749389,34.4140511605918,8.9754813641829,13.1754530984739,1.15932809315434
B118,2.92596249919078,0.377814403268166,1.8337702213871,0.228411739364996,0.410034838826353,0.195125159782297,30.3393341730967,137.977471030373,50.9821944595351,10.4998111863774,12.298508457462,1.1404447407859,2.56528540990597,0.383287134551801,1.97010174834586,0.199902335646811,0.407600096342887,0.165531407217699,27.2804479572331,130.692200529454,37.2987821350086,8.51803957937431,12.9516287251977,1.30195134132057
B119,2.8616579090946,0.38117996302207,2.04493088555074,0.22161899048662,0.437175884218671,0.195849749887882,28.319961581389,134.984659292935,43.2226847555599,10.0093977538284,12.7346625113104,1.05160772070506,2.68918769595337,0.382101807984722,2.01749893574614,0.205422960070402,0.428433760455883,0.172171612084726,26.1264522781868,131.043163605954,30.9892005113544,8.73665834622652,12.5168201718611,1.19039028151924
B120,2.99467389501288,,1.94500319516579,0.217268904653761,0.380775108837952,0.199036234884103,28.3402553915265,137.169381093574,44.77769094584,10.0272588427144,12.5306924748605,0.983529012052088,2.86315955870823,0.38214886983425,2.00379558096251,0.21077766059735,0.36706167144748,0.165690108250478,27.0124645806176,132.604076694149,36.4557424895333,9.35773181941815,12.7824291933706,1.1907235422343
B121,2.97179504192316,0.372432735375975,1.94520821173808,0.222983266080147,0.365013586266362,0.18094888426974,29.2542033767552,137.299063277076,39.2677112518532,9.82750724097529,12.5041236702574,1.05812988513533,2.79153447991049,0.391399315540682,2.05095245432805,0.207457357046447,0.349927053200834,,27.5204709155255,130.102092886312,28.7947319791136,8.81343474088477,12.362558645925,0.988866768975374
B288,2.97179504192316,0.372432735375975,1.94520821173808,0.222983266080147,0.365013586266362,0.18094888426974,29.2542033767552,137.299063277076,39.2677112518532,9.82750724097529,12.5041236702574,1.05812988513533,2.79153447991049,0.391399315540682,2.05095245432805,0.207457357046447,0.349927053200834,,27.5204709155255,130.102092886312,28.7947319791136,8.81343474088477,12.362558645925,0.988866768975374
B122,,0.383412650830164,2.00249392911882,0.216754901787957,0.425372304196898,0.197457880498007,29.0843970392642,131.791859671693,42.9905259671101,9.70240006314882,12.1567621280178,1.20522644638057,2.65802158180776,,2.02073647218304,0.208087480601119,0.477425670796399,0.182805476637959,28.2453120713856,129.839469703881,32.9387732575995,9.01844937593767,13.1362400466594,1.26665976779604
B123,3.24857529496194,0.378880650502794,1.98354167869945,0.228569983190536,0.409308733938506,0.196039306376636,30.2965771896761,135.676178097966,43.964366503972,11.0103536532075,11.9052401881483,0.997373391492289,2.72102425369304,0.38669018820507,2.12729769305359,0.200554624317266,0.380874219366861,0.162776909957745,26.6209292840877,131.137139223128,32.6467836318592,8.86056787331345,12.7947737361686,1.04858540107877
B124,3.24761786963034,0.380742238958528,1.97915794299251,0.243158239014609,0.475786026353233,0.205814083669113,29.7782642953782,138.565419481021,45.6174545800816,11.1283542712028,11.6067978003507,1.06872681633048,2.5941336188159,0.383129939175426,2.0677348559465,0.201120212357168,0.390843849851284,0.179466843841838,25.8685030107538,130.240546801129,31.263548878688,8.29609415512713,13.0388750312312,1.24092420341829
B125,3.22633714523126,0.380733097934103,1.95668890071785,0.237849507050118,0.490501439538166,0.197288883871417,29.1458082565175,139.098509611174,42.7426397945383,10.8314969071601,12.3439023189626,0.947278778656796,2.72010621510448,0.389917417865324,2.04915964195351,0.207094036882187,0.403279049752431,0.161693977747703,27.1427336092396,131.005732941118,28.3017720925457,8.83817273283026,13.2607108004019,1.10159809895855
B128,3.09103793307617,0.389298267891223,1.91417918092203,0.239716162442433,0.490264331276163,0.212085303446877,29.7381861143189,134.44339219435,41.7094707935051,10.9705473695955,12.173081245175,1.03541667221909,2.60713578025023,0.380882088607795,2.16266183240433,0.201385565921189,0.459291503925395,0.176494413340176,26.0579969384181,131.385172001032,30.4064538886952,8.14095710530511,13.2286776939428,1.07004929863112
B130,3.1621852439629,0.385482288598573,2.05996216197957,0.23160450282598,0.460922660725711,0.206311039477045,28.9005126975191,136.125929642818,46.3253707883629,10.8754814287609,12.1093710684457,1.00665235371676,2.78761048644566,,2.10539633442189,0.208254662204441,0.403540024536718,0.197136249176495,26.54702831538,130.840423919943,36.1475283801846,9.34378512478048,12.9036767066879,1.08083576645041
B131,3.20752806533008,0.386373047048028,1.93050836133201,0.241462220566887,0.388840858034609,0.19060962925056,29.9842174734114,137.04996271323,45.8174245834105,11.1204072487283,12.1476907221694,0.942939795740473,2.90852361399203,0.38537821201644,1.98960723550219,0.213939888924903,0.495165676047747,0.199601617626905,27.5181373937429,132.098058128002,36.6979268714046,9.69792201635859,12.6682793054145,1.07314750818389
B132,3.21230187642637,0.374752422001009,1.94211440670254,0.228306469083745,0.446281074234688,0.210583744195095,28.5223813348194,136.625411334958,45.0975565777188,11.0117655710533,11.938793023065,1.05256865136483,2.74053826126059,0.388115588628386,2.03554553663098,0.206935505675602,0.445531577155723,0.181418135657454,27.2273849473503,130.753033919971,32.3193440329726,9.06311479986271,12.8490605424376,1.1043550827156
B134,3.20067991397159,0.385966140506653,1.91859715039449,0.24562888893599,0.545697785649871,0.228980299489524,28.7669933203252,132.35688667199,44.3588690095775,10.8293874327854,12.0174470461035,1.04521669942354,2.66357084386752,0.37774322960365,2.11735430076331,0.199098486068256,0.485596232183413,0.190717600668346,26.5845446502488,,28.748903196778,8.36068351216774,,1.00730134313366
B136,3.04692897088143,0.372448232663645,1.9640265304195,0.23282097265296,0.435390485029668,0.207005225159838,29.0786134679259,138.743604420637,45.0539975669882,10.2609788144675,12.3209973182951,1.07390992548448,2.68599753178896,0.389628705291934,1.98595466908548,0.213127389431713,0.482688541249095,0.192453252229256,25.9061354361617,132.161390488169,35.1969678277695,8.87985086407075,13.1607358452058,1.16667285862589
B137,3.07544011891357,0.380551076302474,1.90087806670334,0.236458889406854,0.485381355051093,0.202148135587884,28.4211066281112,138.415477280084,42.8322649393713,10.6037368457819,12.5688451476402,1.07125247816058,2.81234288699615,0.382013428902013,1.98439852024364,0.209905580394855,0.459706514404616,0.174309477146863,26.3054913691821,132.530701948925,29.5419869299044,9.00734583700026,13.5528227743915,1.12521777766077
B138,3.33042285674438,0.37792331401765,2.02510600903922,0.245560726680118,0.453928373629533,0.209435874383405,27.4676096955309,139.619369757086,43.4875183855395,10.9483457904701,12.0514076250762,1.12463548374926,2.91634649006291,0.380323275607531,1.94043543099895,0.209419865121714,0.39630139350106,0.165720978123247,26.8811542751372,132.794325415205,35.3954131503033,9.38212085570598,12.8564380247993,1.07583511430118
B139,3.10801388876939,,1.95565412470581,0.229685391590534,0.436813999091497,0.204678962617213,26.1918501083727,138.89241829988,44.4902542452089,10.6974001233244,12.1093748006748,1.05056652357574,2.66717170126039,0.382617263963617,2.02931947625497,0.200388264269953,0.413877649071168,0.178908293194195,26.4731689542909,131.45518985692,35.905402291274,8.7143345442066,12.7767085286067,1.17809328069865
B140,2.87289535149404,0.373255550360332,2.07805174240838,0.225828006130413,0.415211153959171,0.200835409262963,27.8143695572477,135.853997635947,43.7699094417394,9.7871983539237,11.9634041715023,0.989351285161281,2.76236945605046,0.388833392259878,2.04607804787452,0.214534456254908,0.418245270007361,0.160888159830053,27.6019925223654,129.3320853942,30.0212542241911,9.18518854792779,12.7559767171192,1.06242463890182
B142,2.98303227415707,0.384668317059184,2.1321610857928,0.228777256127466,0.398797786761596,0.198834201115138,28.805631403517,133.031235780886,37.5272155164492,9.69540440227987,12.913349277769,1.00477211731566,2.8032918928996,0.384943867856325,2.08664274452702,0.209602572793819,0.450822070462335,0.197647684156729,25.8418714936383,131.830539627647,33.2046593832851,8.9551612611974,12.4940780340507,1.1379102967423
B143,3.00908591300858,0.381692709008365,2.0520512498782,0.23875474047203,0.492040985203057,0.213327519318004,28.2003428020736,134.79332907625,43.2844549311639,10.553252032228,12.3098866468064,1.02775735385638,2.67940641092471,0.391861194691827,2.03899446311418,0.209067873503972,0.433703854285541,0.16894257099963,25.6863356656354,130.520753925207,27.4527466979825,8.33914056988323,12.7271916372252,1.02528632665591
B144,2.95350228596578,0.391394881183344,1.98518473707431,0.227995567858029,0.472270019095161,0.200152232364326,28.8826003539873,134.683092593135,45.7715853932902,10.7138493183524,12.2358166001995,1.06304208071757,2.79374695501925,0.375892295339415,1.94543302763644,0.207541056901457,0.442314029637764,0.185816341574753,26.9721879158229,133.351725438052,34.9578036110117,9.09042892123642,13.2019330932749,0.967706955069117
B145,3.07856589069299,0.372360930766072,1.96520074528948,0.226689338352829,0.421907197972669,0.209232029612209,28.1085186408067,140.273426452592,45.1673115655049,10.348611330186,12.1150731933861,1.0678423283024,2.75647264385127,0.375283200479663,2.00625875416543,0.201708606638894,0.364587687574978,0.18030189117154,25.450386272747,132.876558151168,34.0809121779195,8.66468536700641,12.1701974153576,1.1799184291736
B146,2.92545348096538,0.367226607106777,1.90313821284359,0.222355162566967,0.420601366127757,0.20859682730984,27.8382820318286,136.887884801343,46.8856352709647,10.3214200621067,11.7994745679785,1.0914853212845,2.80148491936882,0.378849021469584,1.92836017228876,0.206569387467282,0.400154459181132,0.174887098598158,26.5294126482474,132.318771379773,37.5983431887487,9.37561664612388,12.4290099955252,1.13722267869457
B147,3.06145012951889,0.387143076600285,2.03340428285103,0.241554853366216,0.510157729876541,0.222791844925745,29.3061593754038,134.64900329227,44.9368039165319,10.8291662913084,11.7719157500804,1.03331365952449,2.68804762902795,0.385927385666218,2.11662248326101,0.213504232684854,0.45446654750895,0.160826789209753,26.6905025175039,131.551792696232,31.4260216430009,8.64809687894624,13.0392378496719,1.07735483597952
B148,3.04053568522986,0.395926419659405,2.01212627977817,0.243612236367137,0.522098959549168,0.224237897031002,29.854437417286,136.402801463574,45.3780419149918,10.7525873106186,12.5124083428122,0.943746266592973,2.7624558657752,0.39171513679534,2.11721232205779,0.214905630725104,0.47530717063407,0.180035075118682,26.0247633515617,129.633148769785,31.6978361446287,8.89942803866572,12.8166494793589,1.06484250674244
B149,3.03144223123999,0.368638409267714,1.91795061133471,0.228773026691751,0.416046903087037,0.199031165152961,28.3836316121285,139.764773945545,44.6823988435945,10.2994990096176,12.0741215509088,1.00704083875836,2.75694152752068,0.382075708663979,1.95651688403274,0.20720645514994,0.422915761179295,0.185109454472734,26.9981315163185,131.303991894301,34.5772550183635,8.93227547607596,12.9313188806085,1.1100372149783
B150,3.18540757912723,0.375836928020934,1.9487906117218,0.230340999733438,0.384679379504709,0.198185675718081,28.3673965850068,138.702938832018,45.8450566411369,10.8565353875348,12.2081672113525,0.954061776391019,2.72709912232831,0.383903068076285,1.86442445547603,0.212402875449456,0.378658636058361,0.171042243892668,27.7106281383227,131.580182110348,35.6697176299278,9.07093524044707,12.8416443828003,1.22386486695554
B151,2.88305051364812,0.390927358963259,2.06405198265538,0.224039520421314,0.45678896772508,0.196061713251202,28.2008597667698,135.259712361635,39.7186890889785,9.61228673195503,12.1001523192182,1.18593957222344,2.73277534957756,0.385982548052389,2.10003815955432,0.205731182525698,0.394184708542387,0.166173064018429,26.2490731249137,131.218264487589,29.873757416627,8.59553642123165,13.1805896054199,1.11690548290294
B152,3.14525013085854,0.376673627071724,1.97622093946506,0.238739926502198,0.499717757035763,0.207524444197301,30.0072590924644,136.560848516947,43.8242297713878,10.5644710622396,12.7187633323041,1.11397844685496,2.79213800769051,0.389617265635797,2.09746578053056,0.214567362045061,0.488974039570312,0.189752272366295,26.0406938286754,131.44920232147,33.7351811699038,9.15748154353971,13.1251746514554,1.14384194588544
B153,3.15671238520343,0.379724773005854,1.85217472352847,0.233322571402362,0.46228002590639,0.207351310419251,30.5385141788081,136.790822931847,43.5088481584666,10.731192851832,12.3896673853441,1.1260668274471,2.71439232868563,0.381337817104198,1.90723469924178,0.206412866724076,0.418537519570816,0.171116352952952,26.6731672737223,132.649914428301,31.6417884234751,8.62121348810483,13.4535250204839,1.34342025385156
B154,3.14039645066641,0.367174615681923,1.83130916880526,0.241115345610823,0.397773529041602,0.179859614848286,29.7982472290623,,45.7094757256753,10.5017421616754,,1.0815472408711,2.71526947087618,0.378740850159777,1.93966561334252,0.206029101331303,0.354639224007747,0.168036250908649,26.4873792329942,131.808967555657,34.1447171314149,8.73380172706342,13.069495756187,1.10277413720031
B155,2.86693712669302,0.37965861618606,2.12983154520923,0.215201952664805,0.43943008749116,0.202870977956573,27.9924832989855,134.177873602647,45.1335206243878,10.2235442742795,12.2203393903265,1.03584840242656,2.58195141598963,,2.0563429612239,0.201004089248536,0.377096916650291,0.179279354063348,27.2269911661354,129.944039959132,32.3013861469606,8.20982942206032,13.0985949786515,1.00827967983833
B160,3.20082990375537,0.382971045588267,1.89702224376899,0.244344055574682,0.511271531928825,0.215259142597173,30.5206769263539,136.959996451064,47.8945013996126,11.5218994737402,11.7600318930589,1.03137719118451,2.7127662882371,0.382956746610796,2.04836866002936,0.215393574198681,0.539135175408009,0.191752713133855,28.0106304929257,133.018515179121,35.986389027999,9.69093642618288,13.6290504720321,1.04942613128071
B161,3.1205555593396,0.395386858224449,1.94677179613178,0.24184509113278,0.532725664776755,0.215168278917173,30.0053723313978,135.399802837461,44.8400152169101,10.9501953720299,12.1698232082224,1.15624975504233,2.81584766604099,0.393512162003865,1.96273723533323,0.215049876669675,0.44861939303134,0.199491494453965,27.1748736364603,131.514708364023,36.1660663596675,9.43795127179384,13.0192202760193,1.11787173737665
B162,3.14037282943265,0.379831935095128,2.00954894169203,0.232262375436803,0.475290415359872,0.223279719094752,27.4030217222793,138.036203862829,45.4822051626054,10.4632316568538,12.0918417631021,1.12130507185581,2.74929488820077,0.383974093806047,2.03806596852284,0.205084625186737,0.44134448401551,0.190588603031596,27.4521919467654,131.06122370427,38.0637716417199,9.052209039085,12.6010552275332,1.0995700574953
B163,3.16984092169351,0.378556646915576,1.98329184234638,0.238966469544899,0.469074982973183,0.206165672524404,27.8839614763681,137.830468460148,41.2410476560895,10.8974568653852,12.4253805342766,1.060222357308,2.68772360015621,0.385106081543996,2.06550457474302,0.206564186096642,0.445166962267756,0.169825070453389,26.8648434523454,131.371019255924,32.1661408453452,8.75837629546244,12.8870385335147,1.08394464780792
B165,3.33062358350504,0.371164828580988,1.94074523965615,0.236559732658526,0.41156282005635,0.19747861266555,27.9052825553337,141.301935468921,44.5631773653522,11.0952191280326,12.287088933691,0.911790699642349,2.68571840152896,0.375724799409361,1.96484416388319,0.203006644887297,0.384744781312153,0.181409548352422,25.2848578713847,131.291723976727,27.1944678863715,8.41555786585166,13.164462996541,1.19615741447054
B169,3.18923463195358,0.38671343027084,1.93654853117051,0.242400282835902,0.45545944861567,0.215466674650983,29.5206592198551,136.51071817195,46.5131169019131,11.0591466316018,12.0774916046721,1.06867776226251,2.8497740122623,0.385287964263068,2.00551168758294,0.214517911133228,0.441002901616348,0.205231863444714,27.6127999428019,131.123995888205,39.7259282417723,9.61461318914479,12.392208929413,1.09174606069167
B170,3.22322436796042,0.377421059053277,1.9799815830223,0.237076012310276,0.435066605403719,0.204610561573325,29.1871267015079,139.947006187822,49.1656443446412,11.060418553292,,1.09852229967554,2.84157434561095,0.384016647719491,1.89581779318705,0.218032502609288,0.384566300129172,0.182561415103891,27.5714274881917,131.990937601838,37.7540845581393,9.34819777542725,12.9611776248497,1.21550637835652
B171,3.23771259145613,0.3726476418077,1.80606192232474,0.236201366410102,0.489166421421714,0.238202948337917,26.810045981401,136.243433824977,43.9189954382728,11.3080526727086,11.4809015689829,1.12542584031523,2.68797903377338,0.383125166102394,1.9353658025194,0.20486155541797,0.399566549452969,0.184514779995656,27.6502435182531,130.89686706685,36.4253613330547,8.88907590181065,12.7097736924792,1.15865013372768
B173,3.06905319520458,0.38483009728456,1.93273252278995,0.231768057263874,0.427322269502415,0.193410330187895,27.8853078385315,141.40955309883,47.1484191629019,10.1143076519208,12.6206983865572,1.19459085463775,2.78569789554602,0.378408152331811,1.83171988861254,0.209894608531703,0.402420256535182,0.154782878107208,29.1160203004326,132.74664033817,39.9274721890849,9.17377524337885,13.2857489176745,1.1723073190309
B175,3.06457944999134,0.391449081080018,1.96870453584071,0.237532951580817,0.457643122243459,0.211933917601291,29.3636646200206,133.3424847443,42.8317483693512,11.0325339084164,12.0208903696961,1.02712769891967,2.75118256951065,0.377424405560494,2.02368870243496,0.20485289682027,0.35741858453252,0.173072878172366,26.2042091919699,131.799136991939,33.6201322413227,8.72589378347259,13.0836114950817,1.1477032468794
B176,3.1051815810845,0.366203910373622,1.88383727795116,0.229187340215971,0.477700833669902,0.220832461404425,28.374531173362,137.827577948202,43.6029794556775,10.5371739207643,12.5767215429396,0.998506132340583,2.58923283075444,0.379542398202335,1.93884971475955,0.199500491517629,0.444734037055765,0.180776231786019,25.8711193101975,132.127262463567,32.3756370114703,8.26321701474115,12.9944767990029,1.00910161310274
B177,3.16730153512914,0.382634016735825,1.90180857220385,0.237551856176342,0.46396040214346,0.209068492952115,29.7831818335717,137.04768753024,47.275907291685,11.2494766225931,12.406724756967,0.965258838912203,2.70564693525243,0.382549466620685,1.92477711784862,0.207058760684356,0.454569170126825,0.166246434350378,26.5661986997135,129.598948948136,30.4909505856265,8.38860948940063,13.090453318994,1.06364049425292
B180,3.0347610564675,0.376031573840065,1.92840953169039,0.229226805767008,0.411326289191052,0.199955176222946,28.5366213759287,137.475038356948,42.9226117309206,10.3142553778751,12.5127915692039,1.09062378959977,2.82270978523469,0.382039514237726,1.98155125970602,0.212453583814134,0.432339117509801,0.196099728985929,26.9721586919075,131.840681879216,38.5940611238349,9.35660829217703,12.6970792502663,1.04792294798759
B181,3.15404648356425,0.378581259551105,1.90594599696898,0.229897514185597,0.389631898279453,0.205103654458396,30.5215139431234,136.612318615105,48.4907012679851,10.9178473302923,12.2901922790726,0.964163482266032,2.92260009012045,0.385882190004587,1.95973948723964,0.214910042154095,0.471283640515814,0.207160452403397,26.7045121313171,132.056124063369,38.7322561808004,9.93323400837667,12.2383234378411,1.19165326671565
B182,3.21701799798914,0.377530659979022,1.87381976744307,0.238016856412554,0.510367117648341,0.22263744621921,30.24187071905,137.433509931733,47.2196095711735,11.243008837628,12.6535376691805,1.08450430370571,2.6876138484411,0.383769391030545,1.95329614844236,0.206165740480145,0.455246862840263,0.180357894342029,27.2895824546614,132.031913461021,35.5789640716033,8.89647620777626,13.0880654837007,1.27084296758625
B183,3.19262506902103,0.376610477432454,1.87505323467866,0.237884800548078,0.500581061354329,0.216731612883614,29.4379488575205,137.576013113038,42.6438560959033,10.908500125205,12.547304992193,1.0679286163793,2.86338744990798,0.383810967163927,1.94590564339308,0.216948945705438,0.540051565725763,0.206065411636046,27.9250943881214,131.893822477208,37.8907004044596,9.66865337768568,12.7496185048922,1.09196953889762
B185,3.02913863437894,0.376861647340563,1.93174618023118,0.242215341090981,0.482499276693168,0.209161529768665,28.7343265977598,135.712184555946,43.2866414794168,10.4919012706766,12.0860760080853,1.17826063311779,2.57979179555813,0.387215019560894,1.92843136721102,0.205253816599363,0.445729055464546,0.163197249640441,27.8292648939288,129.907723344274,,8.16468630168851,13.4504927455142,
B186,3.07051654276655,0.386280940732506,1.99846070306421,0.231631379770429,0.451094353663531,0.213718116704165,29.0840034901025,134.353195620268,44.2402799007789,10.8933529948942,12.1186077499821,1.00408513442445,2.80856721625734,0.385323582805591,2.07072576071849,0.209493817782484,0.413827508852007,0.185979304214086,25.8090580468828,131.617951087367,34.3779157384888,9.47573253909369,12.2163664865411,0.985670755698377
B187,3.11979749900977,0.385448666555751,2.0550267507056,0.228772079395939,0.368163925955417,0.188116883905866,29.4148651121592,135.169954475741,46.3665587226027,10.854592547874,11.9517172435165,0.942741347390508,2.99363853598897,0.38619456146334,2.13266908502441,0.20779064170122,0.381790647198559,0.179036785664698,27.2675194399254,131.722466608468,42.2262290991485,9.82221156851272,12.5494003476048,1.03696949349149
B188,3.1741048286331,0.389122639916715,1.9597585019015,0.239530027522791,0.470726374745841,0.222365271298738,29.4442516449623,136.47073792476,48.6825850318336,11.2537369085739,12.252998309239,1.05110297516609,2.68061863229619,0.387222980185952,2.00800850308284,0.207597806956232,0.435967470705604,0.189094785344756,26.6211009677468,130.784430863005,38.163299346793,9.16317230671986,12.6985737342731,1.22333049471891
B189,3.1367242357027,0.390514276777466,1.9456458804758,0.241730015884223,0.480372091901623,0.204834288462288,30.7754062748131,133.322392943072,39.412895263168,10.8745690455406,12.3290061449893,1.02395161350917,2.78958783361505,0.392969646146208,1.94664961377385,0.222232129603659,0.517333102973973,0.213014367939288,28.3391072611604,132.926287969059,33.5665008776163,9.0522131541851,,1.05175603508904
B190,2.87971238547972,0.379292425564655,1.88695723152723,0.214372401186347,0.464779800207088,0.203561817669078,29.0556512256472,137.693307127581,39.6632935181607,9.80430521279979,12.7028983461649,1.21393916370432,,0.384999617605767,,,0.419919987636074,,28.4884215121325,129.712903230718,,,,
B191,3.05812441736275,0.37184270670951,1.9425688711515,0.224716221380121,0.428927217961813,0.193458299699808,28.6335374521479,139.011594682185,42.7041362419054,10.3282140216594,12.5232799853427,1.01549581286623,2.73497895442434,0.380839475882257,1.93872697945377,0.210067485418981,0.470357856375038,0.201807876416434,26.9026591262207,131.831999892484,38.5635927819428,9.1571509647995,12.8972866435919,1.15302028359437
B194,3.16287205714168,0.368406493687459,2.00860111114555,0.222368827878583,0.415290365459715,0.204270658484955,,136.886391486533,42.9101847509081,10.1955108969938,12.4749514231475,1.00251996188539,2.67596355356721,0.387054466370149,1.87979527557108,0.205822772069071,0.38554107362299,0.164990519911564,25.2895092177865,132.679399469159,31.7525137677834,8.60598411057081,12.7970964572568,1.14847295999985
B195,2.97906526571073,0.388436118465125,1.96404830366725,0.231758540846307,0.46695701123926,0.204449640767616,29.5587598804298,133.588803347867,43.6307698104714,10.6108350394613,12.1488616510509,1.10366517929,2.70867794577643,0.385582331184498,1.98976866357712,0.210629124848674,0.426586595999186,0.142571452516907,27.7106745770967,131.091645508774,37.072224226476,9.20665748715316,13.1359759603237,1.24082428020746
B197,2.89281616173735,0.390970332331495,1.95806119541578,0.229457998517678,0.484282033873706,0.200179346010417,29.9252936628101,134.257843698399,40.5512792754708,10.021206278216,12.2784571068282,1.12909269946223,2.69924888839682,0.387003526976324,1.99515072606439,0.206342895059999,0.466270341254004,0.175985978979455,27.0741293549451,131.027299625451,31.2723881230428,8.79133150880119,13.055215134276,1.14126251934656
B198,2.99285250338145,0.380581217581898,2.05087440728265,0.232192443001103,0.43626167192807,0.184450507739951,28.9670448184526,134.918786975937,42.3181886663347,10.4288260182331,12.2343184667866,1.06863861692161,2.75375944953478,0.381442252846555,1.98910337156165,0.211404101721869,0.424581038934466,0.183655404390986,26.9415500115449,132.196640090224,36.3960155300529,8.96215688408867,12.7744706998405,1.20893453400737
B201,3.42489033172243,0.369243869929351,1.90339508003203,0.23803644680571,0.481931132990938,0.225549055056052,29.1145742319474,141.741204505019,50.0719969460715,11.6569604462412,12.0448018908897,1.07982594686896,2.8978583370731,0.383919896575798,2.00527173980751,0.212521181132729,0.398762575697136,0.17244496716293,27.2385851859007,132.350694224455,33.5843745035605,9.27212202194114,12.8000635087032,1.09346714692947
B202,3.14569717980804,0.373082256944973,1.97456109988769,0.241796547725763,0.448346301377254,0.200683050128225,29.2042282451718,138.826359154899,44.255845542368,10.7043299752775,11.7556702959996,1.03193971657915,2.90132105281673,0.382277256453419,1.99736450638258,0.213314209933173,0.454473797733801,0.196734865220338,28.3226689262983,131.513716815545,36.1703599482758,9.43930352044132,12.2305525141467,1.15036961987148
B204,2.98757617763061,0.361146685207352,1.9822888573364,0.218985050695087,0.371093190644922,0.192639335101559,26.7612307118918,142.879203271941,43.5112208306565,10.4830406641622,11.8014844739355,1.00311597544746,2.76000625924107,0.373276298578976,1.86851785652695,0.201896022990261,0.428050991030971,0.186385281356122,26.8596669271692,133.071854177098,36.6309415724949,8.98951398836183,12.9675995947042,1.2536856401001
B205,3.00396628052407,0.389799640151681,2.11257388320552,0.230209653871168,0.37888590675873,0.200729683075129,28.8320884611048,134.436296654347,48.1062046779164,10.6606574384132,11.9087299783657,0.927295557086081,2.82992515865331,0.37981696447003,2.06599640068604,0.204774415525093,0.393138137312428,0.174044311389276,27.5215371410579,131.941582782285,,9.45994246588802,12.1781933445779,1.06157952325724
B206,3.14457188869948,0.382867303791872,2.01574930370538,0.234681720054434,0.501915977759589,0.208606617919948,28.6175595372387,136.65519400033,44.8600449156728,10.9279339163657,11.9338214734537,1.05379989359825,2.86368545788035,0.385559259604597,2.00379996039932,0.218807253223639,0.520810512196297,0.184546592817212,28.2626001613436,131.159595784364,38.3606182508453,9.10018330492947,13.5907688019941,1.09262407739361
B207,3.01126707413902,0.387295923999955,2.04280927066279,0.235185095586234,0.404427241828912,0.200111595166337,29.2908868516667,134.660517943829,43.4110284348192,10.1807516609007,12.2473620595603,1.0262831393008,2.72384593169624,0.38798798096226,2.08027604168724,0.208907502849302,0.400230833846421,0.162610816070888,27.2698549318407,131.002797418321,32.4950968172561,8.65807994668441,13.028712860995,1.09650658880325
B209,3.18364320379444,0.375278591916041,1.96820586185683,0.230370904710666,0.443059853840976,0.2064668294959,29.0174970877769,137.193608997589,45.0864500332257,10.9614341797118,12.0855036375948,0.934367516158571,2.67495346509201,0.38141233168687,2.00750821165595,0.204251232723697,0.467583346665536,0.194650844045064,25.9363781306029,131.580766823796,34.7053271971444,8.7061247230139,12.8753555390875,1.22650239463817
B210,3.27239928840236,0.370304459664278,1.96385281924249,0.227879955227061,0.404377893367777,0.20756391609756,28.534384953387,139.378720690452,47.5804482714121,11.0212627801334,12.0645411861139,1.02931898473215,2.89541006009943,0.381794379721797,2.05330369611961,0.209539328712123,0.389392958938003,0.182386679363782,26.5428930622282,132.13278591486,34.3591932007402,9.27689232891864,13.0229720869481,1.07037785834734
B211,2.99650602019522,0.378747623374907,1.99738831928464,0.228939584655708,0.466684509003045,0.211360287069283,28.2185447272868,136.708462892211,43.3948381964557,10.2656568111051,11.9883846342364,1.05169806223767,2.74173378434016,0.38158154951862,1.90582639426736,0.212522685001011,0.542059075660778,0.176321121385108,27.5174779736084,133.340190869886,36.2015441524925,9.47522437784633,12.4486420203727,1.11869023621153
B212,2.85171917774207,0.387559936804888,2.02840053473878,0.227784721003772,0.432962008838817,0.202031205830243,28.1533949023512,133.691891669252,41.6637302088937,10.0859335243798,12.0287662184857,1.13202724983965,2.70394660713845,0.391856268989028,2.06570754422629,0.202369640368964,0.429502589898807,0.175042417540323,28.8903454625001,130.75693464462,32.3618250926441,8.56828748142487,13.4860483618355,1.0583937898848
B214,3.07411091488791,0.380637442168265,1.87798915830918,0.227502775763471,0.516833218508674,0.223132805880937,29.2952642917358,137.42752397865,48.7846531374387,11.1117337950624,12.1998325355061,1.08351138773988,2.63985880532047,0.376237939113665,1.89042927122592,0.201535967254224,0.453910551706021,0.167686952974227,26.2425357943863,133.364135115994,33.6609844231449,8.95695202633947,12.2944585675136,1.32647788439016
B215,3.21901914822207,0.371512175685345,1.99174091384563,0.242871448076085,0.417805519431519,0.197420882674619,28.8980343193902,137.050078108672,41.3424880579233,10.5789957157431,12.0429512695111,0.977486726020994,2.70202201624783,0.384157062804258,2.07861173975613,0.203183805240766,0.420271980785342,0.179240953323415,25.9992721496331,130.600423593289,30.2138139207983,8.68035993159912,12.6176877318183,1.10439001135385
B225,3.02172689210111,0.39085597966406,1.9587642958243,0.23677724516982,0.514216471980395,0.217478559175728,30.185073681872,135.065393878226,48.6131325353302,10.865940222439,12.4373661951174,1.05705886206754,2.69365465674891,0.377716802366072,2.0596562632061,0.199666692292284,0.327345733982422,0.160771558938149,25.8149267391582,131.595082868661,31.7364520217549,8.23510774328612,13.5727999600852,1.11252135073804
B226,3.19493304270065,0.381669407534302,1.91706685904237,0.237462135214152,0.483856656817389,0.214222230059295,30.3404082915455,136.614730841711,45.8355049196321,11.1515518912698,12.0258517229071,1.08754066068729,2.70812343059895,0.385522270912822,2.00299823821473,0.206746088768798,0.495675937000312,0.202625220572551,27.3654991487168,131.442303157151,37.3027871503427,8.9420224624869,12.4013831931839,1.19465215720753
B231,2.98358271482869,0.386773419384796,2.06689159283092,0.23664506943535,0.437437767397909,0.202706318194298,28.780773998951,133.416217992081,40.0247196004804,10.2471636549544,11.9983001222031,1.0923554243155,2.77461835078714,0.395509813692156,2.05817238549049,0.218906350453491,0.50579824980048,0.198108615396716,28.0489877296477,129.835901073506,32.6704411347905,9.50077748078429,12.0428555449282,1.11490377813862
B236,3.07322202884754,0.385300604555249,1.89808883490431,0.234966707045942,0.366054282638718,0.18769703763527,30.0721046383182,135.080117695913,44.2781646849346,10.6674863401901,12.3483728604703,1.02876839122357,2.64808196170071,0.380407971709369,1.9770055974595,0.202301490813194,0.377493328216871,0.171612073912771,26.7251228205479,130.731597051008,31.8088938693709,8.52675219418926,12.4119403153116,1.14916004051479
B238,3.0730066992376,0.379271094602535,1.9966751615028,0.222962088536429,0.398649227775435,0.185795438182076,28.2944418820948,136.530005985801,44.4017612290453,10.6240318808051,12.052159906729,0.993985890261346,2.82261022734084,0.379815838753649,2.03071290587217,0.200586619227526,0.346175434478839,0.145675585344286,27.7251496175764,132.352848864364,39.1089725288075,9.21675046103515,13.0654336380306,1.04838651810146
B239,2.99884017523181,0.373083738339112,1.92100720869769,0.228563251251487,0.451701274100148,0.219208405860484,27.6033665105628,132.169806273047,41.9890981798722,10.1768602627852,12.4601248548739,1.191135003613,2.56396861145246,0.380099064909076,1.96230788899452,0.199878347548291,0.44520976444781,0.179728710929418,26.5473007906306,131.321720891152,28.8877650221842,,13.1953857844584,
B243,2.85000704628141,0.376420451207489,2.03426433861225,0.227669920778925,0.453168571108551,0.200841823614684,27.5177273546532,134.9718536299,42.8505550611187,10.0010108466736,12.4156916473022,1.19276372608223,2.76766129629165,0.382901005230285,1.97060818978558,0.205971463090431,0.406866263135118,0.178597830010508,27.6323561561267,131.468259749206,34.419237437908,9.01206683640148,13.0448460343205,1.15858069024138
B246,2.96668389068871,0.385235998127929,1.91662989054905,0.225125952452552,0.428173514921323,0.196792109869037,29.8318206071579,134.628266241402,44.7269945021234,10.3933610661748,12.1343467745984,1.17680492759279,2.7714096598211,0.377778471311224,2.01784108814757,0.205806457706598,0.454665275096574,0.164221266302733,26.8648181070031,130.064868004307,30.4250697402066,9.2607253825353,12.7704358335377,1.03360844374666
B247,3.40558891506516,,1.95287230396486,,0.498210132106997,0.215359529160358,,143.30125695455,47.1613434467981,11.7108145722761,,0.959729899445908,2.803563020845,,1.96355578220316,0.218249461936485,0.460396117970179,0.18664210253247,27.0109748776994,132.123804242457,32.9697103062128,9.18496987189764,13.5349149542718,1.14982531892267
B248,3.28690537909409,0.383347052322202,1.92473549222878,0.237089379360953,0.454271505095157,0.200272571162348,30.0317943767827,136.251145837289,47.2446899932153,11.5843955017419,12.0529972589529,0.986686542096241,2.85075786857779,0.378260931992828,1.99721281336077,0.209190060997439,0.43124218938703,0.180706305390699,26.1869644357218,132.932793089439,39.1484705643717,9.395852850074,12.5806443537001,1.03674884180986
B251,2.89350817010399,0.373998853018032,2.05579521841135,0.226715862596524,0.434403566147741,0.205363237549148,27.1914620560496,136.222398344177,42.3475913032371,9.84598700228071,12.2983147474894,1.07905922067846,2.69484781780676,0.384157161568156,2.03946602491751,0.20441408690282,0.46175754521494,0.195148205906004,26.6903741938763,130.678852273551,34.2127989846183,8.94410972925838,12.6344984962837,1.08564929736526
B252,2.98220333063248,0.379423732546126,2.06877407271616,0.223086368227564,0.414168330203196,0.203715078338657,28.1046850302925,132.459315830935,43.323867969729,10.3511276534625,11.9045246674847,0.986163198037453,2.61992271270782,0.381449897762211,2.11023032049333,0.196834747686487,0.457313566610521,0.182195867157845,27.5888674803249,,32.277231834403,8.84412364270944,12.953704825559,1.04343638338174
B254,3.24858091801589,0.382797033285107,2.04322703813082,0.240344718937558,0.469211034905241,0.216362706647771,28.526444638947,138.124454838938,44.647159298072,10.8276651048589,11.9883104079391,1.0562633317788,2.79682488638924,0.390713100624041,2.0719679355747,0.210462450949704,0.487771001341428,0.1991414775788,26.1886343926421,131.326655489319,35.1922745478564,9.2172539783094,12.4029609880522,1.1308040042338
B257,3.02665505034945,0.37472933890595,2.06492271026288,0.22339559018749,0.421039126573003,0.202692924740196,27.618316595785,136.491020243091,38.8761917287441,9.79376853226595,12.4311835421051,1.00109099687202,2.74531103586983,0.387834814430583,2.04673882685671,0.209807469738478,0.459188755617628,0.18701956800236,27.1440011911695,130.586431170895,34.6871002537828,9.20016757483996,12.8302611857977,1.05864801785535
B259,3.23287969970786,0.387777899423521,1.95047413641398,0.236291555016811,0.548433974591117,0.232350432147067,30.3857691474267,135.953297211972,50.8533381122652,11.8185097500734,12.2025465909497,1.00824261106146,2.68100946111228,0.381497648883057,2.00096909299693,0.204158551455869,0.485585526146961,0.190544671537884,26.8878406816906,131.559033458123,34.757898538612,8.68588928537058,12.7199529281748,1.15693174051573
B261,3.06727519143605,0.385330217333732,2.02713223763147,0.227071560916679,0.481023654121161,0.216395986075862,28.9049266487845,134.532774168929,42.1787201773415,10.5161983385925,12.0915377746124,1.07295649467118,2.72431828394025,0.386800104766271,2.14351524104467,0.20643782724223,0.436440854717603,0.176563759499237,25.7161070284918,130.536507444995,30.7617374667758,8.79546666359549,12.9770032748695,1.02281388147779
B262,3.08339346315155,0.376271588713489,2.01975712886156,0.241434455825452,0.453621390424573,0.202464427740112,29.6102919267308,137.9554615881,47.4818956573012,10.6921875634643,,1.06784398773718,2.66806926726753,0.387030689451275,2.1707238842169,0.212642438111908,0.441184921328388,0.183498834615091,25.1607392830372,131.636582458723,38.3768312659542,8.68371903457081,11.8847440445351,1.1943421543373
B265,3.079801922022,0.381760661323053,1.91365711994831,0.229853969946039,0.493816847879504,0.208848194441982,28.858921514172,136.64414568663,46.1752696072862,10.8530488330106,12.1768739228394,1.17268574203094,2.85569558657857,0.381724114464748,1.98176045341246,0.212759602945756,0.447963277338751,0.194905344434675,27.6123929839675,132.036054871099,36.0982954573009,9.20357335621589,12.8020390258684,1.11800124224944
B267,3.18685151466256,0.369692318415625,1.84953871937811,0.245047052774551,0.485810963678098,0.212816940088146,31.2661948704286,130.181435828984,46.6907676853283,11.3981953800042,11.6896039221433,0.935282001012856,2.9101658889364,0.387974989731714,1.98153398083816,0.223103570720832,0.478395609029657,0.190775534631493,27.6213495175395,132.575176564213,35.291545133365,9.56430842202669,12.7883351442092,1.04776482729725
B268,3.04456206877507,0.372632966155513,2.07288876288288,0.221867472838151,0.481032177936643,0.193540253254577,28.6160155495945,,43.5845654139294,10.114134169527,12.2665167313689,1.04650720067584,2.74537173694478,0.387073121746769,2.05642915967538,0.208238939868065,0.417993548232657,0.175376019957554,26.6722621237455,131.095267102437,31.4189296086499,8.90882563528117,12.9704946347451,0.953744738133213
B273,3.23705670689348,0.381772493041276,1.96916510764961,0.240515188712141,0.496702672507928,0.22020375237786,29.4154489842057,137.821807856084,42.6381578616613,10.7417372985918,12.4479108976636,1.0750477605845,2.61898186728951,0.382701728373968,2.02991200613861,0.202277742847598,0.484411784130872,0.188537912978439,25.8880139719017,131.252631566058,35.0664658119587,8.72699119971799,13.0328538328507,1.0402446226247
B274,3.08253172651687,0.393842442098961,2.00961807759265,0.234817524013921,0.493350027748487,0.215381695413434,29.6827001118104,132.128090247326,44.2140063957584,11.0537789889144,11.9653495143566,1.05440264973817,2.75179990840106,0.389171422961556,2.03400534635877,0.213044631932128,0.465985861264334,0.194592594801182,27.2029130972973,130.875064287856,32.9905489509923,8.93106675809093,13.1100344085089,1.14682586998383
B276,2.9013871765996,0.377519107560835,2.03629554757007,0.220959236929731,0.417005061658014,0.196490415546306,28.3071498501273,133.818863110362,42.7228844078992,10.1398975894393,11.6440003783288,1.08220932383214,2.6602208586947,0.380331203002923,2.15341476972557,0.199686552555034,0.384324038378203,0.163618537593536,25.908910475629,129.955223731311,29.7660770037093,8.54640047763679,12.001739198852,0.926367527526984
B277,3.21315375178161,0.36425712105509,2.06548983737579,0.218558105107691,0.464213475820596,0.21660858552587,27.3645296501766,135.8482010313,44.9397261669684,10.9669149476253,12.7909019564799,0.954650952859182,2.70785824987002,0.380901619588467,2.03387517875208,0.204611019279191,0.413398032329213,0.171425776419888,26.9187499349769,131.927885956306,32.4881405395211,8.47562460738627,13.0025701823952,1.12200217773532
B280,3.13152178097936,0.377867843189287,1.89533967012877,0.236856885464443,0.44338777756355,0.224601988299375,29.5529201875081,136.019944582458,45.8894368198545,11.0188968788557,,1.01495719390066,2.74337338947574,0.379283811994898,2.09366514036964,0.208675827750595,0.381307892397808,0.183439084480709,27.7870858978608,131.4002822771,35.7771888569636,8.60298917736569,13.0776695294203,0.987812228785662
B283,3.3094309628679,0.391502644363211,1.95242407592587,0.252984663216093,0.500823000319274,0.179533309887741,30.5366687414863,141.368684224288,43.7768784921702,11.1209720119292,12.2644304910008,1.14990434828784,2.80753716117664,0.387579038898495,1.98224233665084,0.209729026532742,0.435298510776812,0.172939165472921,27.9554613295329,131.758248226329,33.3993944346529,9.13943081443303,13.0491607678077,1.17481956445749
B287,3.17999721536901,0.382794844147515,1.92788522088662,0.247518206544322,0.51461792242363,0.214036242264895,,134.102791186764,50.296513470935,11.4447591071823,11.8300344389549,1.14363028845627,2.69984131250257,,1.99464052704802,0.212002839672771,0.429274454196181,0.181514369943401,28.3829213098483,130.501232947269,39.8537004578962,8.92976506148139,12.8540092407946,1.05436087641109
B292,3.04477253719458,0.370777715881053,1.99138911711206,0.229752781934465,0.412070162038487,0.201033541096803,27.2826548480811,138.887768285674,47.0472832301349,10.5194088257392,11.9706178711362,1.08096661281755,2.71651796397264,0.379687557817984,1.99816066952757,0.208765647770782,0.372948004286071,0.144650679577913,26.547860760239,131.356379496396,30.6381160352043,8.64812941464902,13.4754593057514,1.23086616821942
B297,3.00757377996563,0.368057527703066,2.04707695517933,0.225034223206815,0.419599821240515,0.185940319365315,26.800010064482,143.589930324013,46.1346450702908,10.3287332366768,12.8807818398323,0.962243689324455,2.62467468454653,0.389378934492495,2.06910492277374,0.20267328864023,0.418229952184366,0.163901812576193,26.0650235235805,130.280323555265,33.3414223946902,8.92072060883276,12.2370092993028,1.20830244807411
B298,3.26442656940942,0.369093409324423,1.84313226724156,0.240195659368744,0.422925722922712,0.202752699332985,29.3360646840265,139.999104274296,45.9881661327517,11.0592603988018,11.9462029333477,1.08285570690061,2.78505904203,0.378647981297499,,0.208789778174923,0.428542015459519,0.180731314275632,26.5236853506911,132.803408390581,33.6430903172666,9.29646883850095,12.1392830004959,1.20677737022738
B299,3.09785294902288,0.374429637955931,2.05918094825539,0.23325230100539,0.428534916477374,0.192666013896474,28.1384169129863,136.941123599341,41.3449065974168,10.185240474199,12.1848554569409,1.00768932526084,2.87189537627411,0.384398117827383,2.05778183011747,0.213458639090165,0.445544496582856,0.193520053966863,28.1400114418865,131.845441908245,35.1559040670568,9.28772814263159,12.6413028565216,0.946547787993238
B300,3.26266363657379,0.377942776516999,1.8723390693435,0.239547180514068,0.526964802490075,0.214311735862592,30.1660489251139,137.734407382185,45.9280376589257,11.1666045839013,12.1490796864924,1.110706198711,2.82350958211245,0.386255377425268,1.99586509799362,0.211189607672929,0.479876406277536,0.198077298869745,27.1186248230066,131.971572061975,33.9352838793838,9.23643788665396,12.8850251808276,1.15677374799374
B302,3.24173380460836,0.37534211807246,2.00335478908333,0.226307620558158,0.393548012301859,0.215586196864596,26.8696282096075,138.84551153556,46.9708545975584,11.0820045538713,11.5899376147469,0.996294176650044,2.93356588145879,0.378260825409933,1.93707989061795,0.207470176867527,0.340090652513711,0.185648328578957,25.7480185044777,131.970117581022,36.1659372483348,9.77200657133064,12.0630665175062,1.08249051839876
B303,3.14689041641554,0.378534153506482,1.94517851981125,0.236285272848346,0.453079499521746,0.21359864010312,27.3739629813532,139.104687083534,42.7166113171146,10.7397046349746,12.2008837862644,1.12184977319815,2.93430946096975,,2.0064849484806,0.220976965116377,0.453110813087401,0.181575953039432,28.4059052262652,,36.3929980624268,9.22587505076025,13.5955760700781,1.14939764942828
B304,3.04239639557081,0.392728793205496,,0.235927576332301,0.449448140619988,0.211315264306188,27.5207260447647,140.860425069135,42.7234203625159,10.3920480039951,12.5694563760396,1.02258144474459,2.79676727087707,0.386011057854398,1.99246904951947,0.208106412596043,0.434021026883678,0.185668160593187,26.9908235367775,131.368762642368,35.4106682055819,9.34655809622273,12.7121170935691,1.06032247919457
B305,3.17364039803926,0.380831377894849,1.95670158612545,0.238437919371252,0.439886617005918,0.197136019140505,28.1274897300899,139.19799974199,42.3262207087795,10.6909122455425,12.0493815863271,1.1014097424673,2.6778933967238,0.379958453348585,1.99047964218476,0.195192083487705,0.410411374332264,0.15808417389296,26.2063343119503,131.195296276117,34.5372738057064,8.70179755120956,12.1913929735289,1.20393255229207
B306,3.04208889200799,0.397533355963159,2.08883030292733,0.236585516295595,0.525014019544166,0.221344602903627,28.202308735107,133.183163725118,46.1730393718249,11.1339267443057,12.1231254254676,0.940640796615799,2.77517264600165,0.396172597937812,2.14006154064894,0.212832640422573,0.495317024176498,0.19926003794498,26.8834095627183,130.371292083868,34.4054778917721,9.28612831956779,12.5202819967745,1.03190528018589
B307,2.98242041433456,0.370624515738474,2.00244401969064,0.222337928849306,0.443970242943629,0.213217010848932,,141.011117836177,45.5171793323628,10.3010925382871,,1.10525371044132,2.65648411479029,0.377778161644863,1.98659295063617,0.204696663704499,0.373601262679159,0.161698713474498,26.3017965689457,131.008988258804,29.8078775527466,8.42936508433276,12.9874003764155,1.17757796728279
B308,3.23609836286074,0.383929159186714,2.02224229815682,0.233460014852131,0.416175582140793,0.187660950108331,29.0886403351162,136.823434208577,41.2881733173403,10.6373182415697,12.4102759417865,0.982693710857838,2.89601667549524,0.377904065099629,1.91505760453171,0.21125783787489,0.439865038616226,0.183236047793669,26.5237001017286,132.256092614254,35.5073274288112,9.56141209496556,12.0249880455313,1.14336244935912
B309,3.01738797009831,0.375635967676674,1.8528517061434,0.231268288462123,0.452387687492439,0.206215154302523,30.3481789494683,136.052308201642,49.4427546106998,10.9800045242738,11.8776584996599,1.07131252346278,2.77209615396796,0.373751417085961,1.92984685050008,0.20927083523048,0.382767945173924,0.152719122391129,27.6151916873601,132.299987733747,36.2375484347331,9.04283884258289,12.6868733140699,1.05839131914749
B310,2.8377758813126,0.386171906849179,1.98416385878909,0.225127618343575,0.444901147214792,0.212814396335448,29.7381628703517,133.670047891697,44.0637245488058,10.3803892404496,12.1008625784339,1.09755298655646,2.58499004234751,0.388068092502327,2.16965594348508,0.199344962024057,0.4412573060044,0.184814512169553,26.0485663757168,130.53022556014,35.6139377924469,8.63204828455317,12.5140890542319,1.07713301206651
B311,3.1631576641465,0.378182608235942,2.06291965591012,0.231907439940106,0.40228445727711,0.204708652147459,27.2554262475813,137.84245415981,42.0931319869429,10.5084258744875,12.0191229178292,1.00633936664939,2.76031206545126,0.385257648960681,2.0732064829007,0.205322480807083,0.428666884148942,0.183639743613323,26.4358555328978,130.991143797848,35.8021876549808,9.24842455129257,12.6529426187374,1.11216070965584
B312,2.96601850568231,0.387557546909312,2.06969551706242,0.22187070087267,0.404403466717486,0.198660428931356,,134.537871890551,41.6447078250581,10.2942023445153,12.3468276580281,1.07857867213283,2.73766590253434,0.394087113977054,2.03815271552105,0.202636395787449,0.419436151466319,0.156191433268225,,131.616630852807,33.6411039221659,9.10905890678759,13.1627434865727,1.15552707258294
B313,3.01645123723314,0.377507528928686,1.975835231924,0.221566253091108,0.457935909749725,0.212656616808335,27.4505130717933,135.700146782592,44.5253401796655,10.5287409695237,12.1701940605966,1.04717958211542,2.84760002695165,0.377481590306015,2.11840105006099,0.207697603916532,0.50548807991897,0.197461749728739,26.6550446290308,133.330631022993,34.3663489497405,9.50233897378477,12.5738214634284,1.01275506154441
B314,3.09258664788767,0.364752229594216,2.12069569122789,0.221450374299946,0.379438676015629,0.205426337217592,29.0547861978415,133.731320503849,50.7062402478704,10.6689084066314,11.9701410916416,0.998178592641398,2.82161616357426,0.3779542460954,2.12122907956608,0.201791927479522,0.340068133331496,0.169952894326422,27.0838080762378,130.883329467362,30.8426924917561,8.82159897077563,12.8672223765522,1.00311789313614
B315,3.18467049791319,0.37075589472011,1.89391497754173,0.226428267405211,0.437340227851308,0.205683299566538,28.7050709017358,138.855475256017,43.9672671945328,10.9489392736765,12.3579359022945,1.07381252200882,2.83211947513512,0.378671816315586,1.85942081168475,0.207260350148223,0.396271428047635,0.162026358645918,27.6295257184006,132.181408293558,29.8387783510986,9.32968512796538,13.8117062419776,1.21508559019146
