UID,genotype,PLOT.ID,rows,ranges,Block,Rep,Group,Trt,year,note,Calibration,ASD,leaf_length,leaf_width,ear_height,flag_leaf,plant_height
B001,BGEM-0001-N,1313.0,13.0,7.0,1.0,1.0,Inbred,HN,2022.0,BGEM_Tall_early,0.0,2.0,63.4696441818185,7.32028862741172,77.8119784779416,193.42835686749402,195.129290503848
B002,BGEM-0002-N,1314.0,14.0,7.0,1.0,1.0,Inbred,HN,2022.0,BGEM_Tall_early,0.0,1.0,67.36711783519969,6.752691910298821,78.5931853095422,169.321150434072,207.05870345977797
B003,BGEM-0003-N,1111.0,11.0,3.0,1.0,1.0,Inbred,HN,2022.0,BGEM_Tall_late,0.0,1.0,78.1631198550657,6.631064042346059,103.591803920761,188.154905460183,222.96458740101897
B004,BGEM-0004-N,1298.0,48.0,6.0,1.0,1.0,Inbred,HN,2022.0,BGEM_Short_late,0.0,2.0,59.7670442111063,8.090598457779219,91.8737014467519,181.374753650783,214.288650705797
B005,BGEM-0005-N,1321.0,21.0,7.0,1.0,1.0,Inbred,HN,2022.0,BGEM_Tall_early,0.0,1.0,73.953848309414,9.30687713730686,80.54620238854359,181.374753650783,222.241592676417
B006,BGEM-0006-S,1322.0,22.0,7.0,1.0,1.0,Inbred,HN,2022.0,BGEM_Tall_early,0.0,1.0,73.87589883634641,8.496024684288441,87.5770638729488,169.697825534594,229.471539922435
B007,BGEM-0007-S,1170.0,20.0,4.0,1.0,1.0,Inbred,HN,2022.0,BGEM_Tall_early,,,72.3948588480615,8.131141080430139,83.28042629914559,182.50477895235,226.941058386329
B008,BGEM-0008-S,1028.0,28.0,1.0,1.0,1.0,Inbred,HN,2022.0,BGEM_Short_early,0.0,2.0,76.6041303937132,8.45548206163751,80.54620238854359,173.841251640339,216.09613751730097
B009,BGEM-0010-S,1078.0,28.0,2.0,1.0,1.0,Inbred,HN,2022.0,BGEM_Short_early,0.0,2.0,73.6810251536773,9.83393123176883,79.37439214114279,179.868053248694,225.133571574824
B010,BGEM-0011-S,1067.0,17.0,2.0,1.0,1.0,Inbred,HN,2022.0,BGEM_Tall_late,0.0,2.0,79.4882608972153,8.131141080430139,76.6401682305408,173.841251640339,218.265121691107
B011,BGEM-0012-S,1096.0,46.0,2.0,1.0,1.0,Inbred,HN,2022.0,BGEM_Short_early,0.0,1.0,66.3537746853206,7.44191649536448,64.53146234073189,147.850669704305,189.345332707033
B012,BGEM-0013-S,1094.0,44.0,2.0,1.0,1.0,Inbred,HN,2022.0,BGEM_Short_early,0.0,1.0,74.577444093955,7.96897058982646,79.37439214114279,174.217926740861,214.650148068098
B013,BGEM-0014-S,1055.0,5.0,2.0,1.0,1.0,Inbred,HN,2022.0,BGEM_Tall_late,0.0,2.0,67.56199151786879,7.44191649536448,80.1555989727433,149.734045206917,188.260840620131
B014,BGEM-0015-S,1006.0,6.0,1.0,1.0,1.0,Inbred,HN,2022.0,BGEM_Tall_late,0.0,1.0,74.9671914592931,8.536567306939359,68.0468930829345,168.56780023302798,216.819132241903
B016,BGEM-0019-S,1153.0,3.0,4.0,1.0,1.0,Inbred,HN,2022.0,BGEM_Tall_late,0.0,1.0,68.8481578234846,8.25276894838291,82.8898228833453,168.94447533355,206.335708735176
B018,BGEM-0020-S,1036.0,36.0,1.0,1.0,1.0,Inbred,HN,2022.0,BGEM_Short_early,0.0,1.0,80.813401939365,9.347419759957779,73.9059443199388,165.177724328328,209.589184995885
B019,BGEM-0021-S,1158.0,8.0,4.0,1.0,1.0,Inbred,HN,2022.0,BGEM_Tall_late,0.0,2.0,73.6030756806097,7.60408698596817,86.4052536255479,179.11470304764998,224.772074212523
B021,BGEM-0023-S,1097.0,47.0,2.0,1.0,1.0,Inbred,HN,2022.0,BGEM_Short_early,0.0,1.0,73.44717673447441,9.225791892005018,75.0777545673396,166.684424730417,210.312179720487
B022,BGEM-0024-S,1093.0,43.0,2.0,1.0,1.0,Inbred,HN,2022.0,BGEM_Short_early,0.0,1.0,79.4492861606816,9.3879623826087,69.6093067461356,161.034298222583,205.97421137287603
B023,BGEM-0025-S,1252.0,2.0,6.0,1.0,1.0,Inbred,HN,2022.0,BGEM_Tall_early,0.0,1.0,80.813401939365,9.26633451465594,86.79585704134821,186.648205058094,229.83303728473598
B024,BGEM-0026-S,1198.0,48.0,4.0,1.0,1.0,Inbred,HN,2022.0,BGEM_Short_late,0.0,2.0,75.824635663037,9.550132873212391,70.3905135777362,155.007496614228,195.85228522845
B025,BGEM-0027-S,1075.0,25.0,2.0,1.0,1.0,Inbred,HN,2022.0,BGEM_Tall_late,0.0,2.0,74.46051988435359,9.30687713730686,90.3112877835508,188.154905460183,225.856566299426
B026,BGEM-0028-S,1284.0,34.0,6.0,1.0,1.0,Inbred,HN,2022.0,BGEM_Short_late,0.0,2.0,73.9928230459478,8.69873779754304,86.4052536255479,168.19112513250602,207.78169818438
B027,BGEM-0030-S,1129.0,29.0,3.0,1.0,1.0,Inbred,HN,2022.0,BGEM_Short_early,0.0,1.0,74.9671914592931,7.56354436331725,86.0146502097476,168.19112513250602,206.697206097477
B028,BGEM-0031-S,1301.0,1.0,7.0,1.0,1.0,Inbred,HN,2022.0,BGEM_Tall_early,0.0,1.0,68.53635993121411,7.44191649536448,79.37439214114279,157.267547217361,193.683301054644
B029,BGEM-0032-S,1038.0,38.0,1.0,1.0,1.0,Inbred,HN,2022.0,BGEM_Short_early,0.0,2.0,67.36711783519969,8.41493943898659,66.093876003933,145.967294201694,191.15281951853802
B030,BGEM-0033-S,1125.0,25.0,3.0,1.0,1.0,Inbred,HN,2022.0,BGEM_Tall_late,0.0,1.0,72.1220356923248,8.21222632573199,106.32602783136299,178.361352846606,224.04907948792098
B031,BGEM-0034-S,1341.0,41.0,7.0,1.0,1.0,Inbred,HN,2022.0,BGEM_Short_late,0.0,1.0,72.4338335845953,9.428505005259618,75.46835798313991,168.56780023302798,205.97421137287603
B032,BGEM-0035-S,1233.0,33.0,5.0,1.0,1.0,Inbred,HN,2022.0,BGEM_Short_late,1.0,1.5,75.1620651419622,8.090598457779219,76.2495648147405,173.841251640339,214.650148068098
B033,BGEM-0036-S,1235.0,35.0,5.0,1.0,1.0,Inbred,HN,2022.0,BGEM_Short_late,0.0,2.0,71.45946517125,8.901450910797651,80.1555989727433,170.827850836161,201.274745662964
B034,BGEM-0037-S,1086.0,36.0,2.0,1.0,1.0,Inbred,HN,2022.0,BGEM_Short_early,0.0,2.0,64.2491389124947,7.4824591180154005,64.1408589249316,136.550416688639,179.223406562608
B035,BGEM-0038-N,1068.0,18.0,2.0,1.0,1.0,Inbred,HN,2022.0,BGEM_Tall_late,0.0,2.0,70.64099570404001,8.0500558351283,78.20258189374191,160.657623122061,200.551750938362
B036,BGEM-0039-N,1039.0,39.0,1.0,1.0,1.0,Inbred,HN,2022.0,BGEM_Short_early,0.0,1.0,69.8615009733637,8.00951321247738,79.76499555694299,171.581201037205,213.92715334349603
B037,BGEM-0040-N,1134.0,34.0,3.0,1.0,1.0,Inbred,HN,2022.0,BGEM_Short_early,0.0,1.0,70.9138188597766,7.56354436331725,89.53008095195021,170.074500635117,208.14319554668097
B038,BGEM-0041-S,1264.0,14.0,6.0,1.0,1.0,Inbred,HN,2022.0,BGEM_Tall_early,0.0,1.0,76.33130723797659,8.941993533448569,77.4213750621413,177.231327545039,217.903624328806
B039,BGEM-0042-S,1349.0,49.0,7.0,1.0,1.0,Inbred,HN,2022.0,BGEM_Short_late,0.0,1.0,77.6564482801262,7.279746004760799,68.828099914535,156.890872116839,197.659772039954
B040,BGEM-0043-S,1020.0,20.0,1.0,1.0,1.0,Inbred,HN,2022.0,BGEM_Tall_late,0.0,2.0,85.1006229580843,9.225791892005018,74.2965477357391,183.634804253917,224.04907948792098
B041,BGEM-0044-S,1320.0,20.0,7.0,1.0,1.0,Inbred,HN,2022.0,BGEM_Tall_early,0.0,1.0,77.69542301665999,9.83393123176883,90.7018911993511,194.181707068539,236.701487168454
B042,BGEM-0045-N,1203.0,3.0,5.0,1.0,1.0,Inbred,HN,2022.0,BGEM_Tall_early,0.0,1.0,69.3158546618903,7.8068000992227695,87.5770638729488,192.67500666645,225.495068937125
B043,BGEM-0046-N,1221.0,21.0,5.0,1.0,1.0,Inbred,HN,2022.0,BGEM_Tall_early,0.0,2.0,75.24001461502979,8.131141080430139,76.2495648147405,180.998078550261,213.92715334349603
B044,BGEM-0047-S,1032.0,32.0,1.0,1.0,1.0,Inbred,HN,2022.0,BGEM_Short_early,0.0,2.0,70.4850967579047,8.41493943898659,59.453617935328204,152.370770910572,191.87581424313998
B045,BGEM-0048-S,1229.0,29.0,5.0,1.0,1.0,Inbred,HN,2022.0,BGEM_Short_late,0.0,1.0,74.8112925131579,9.63121811851423,76.6401682305408,168.94447533355,207.05870345977797
B046,BGEM-0049-S,1168.0,18.0,4.0,1.0,1.0,Inbred,HN,2022.0,BGEM_Tall_early,0.0,1.0,78.66979143000529,9.59067549586331,83.28042629914559,180.621403449739,223.32608476332
B047,BGEM-0050-S,1133.0,33.0,3.0,1.0,1.0,Inbred,HN,2022.0,BGEM_Short_early,0.0,1.0,84.4770271735433,9.347419759957779,80.1555989727433,179.491378148172,225.856566299426
B048,BGEM-0051-S,1064.0,14.0,2.0,1.0,1.0,Inbred,HN,2022.0,BGEM_Tall_late,0.0,2.0,76.52618092064559,8.69873779754304,89.9206843677505,178.361352846606,218.988116415709
B049,BGEM-0052-S,1109.0,9.0,3.0,1.0,1.0,Inbred,HN,2022.0,BGEM_Tall_late,0.0,2.0,66.3537746853206,5.779668966676709,69.21870333033529,138.810467291772,166.93249624437598
B050,BGEM-0055-S,1142.0,42.0,3.0,1.0,1.0,Inbred,HN,2022.0,BGEM_Short_early,0.0,1.0,76.019509345706,8.131141080430139,70.7811169935365,162.540998624672,205.612714010575
B051,BGEM-0056-S,1061.0,11.0,2.0,1.0,1.0,Inbred,HN,2022.0,BGEM_Tall_late,0.0,2.0,71.8492125365881,8.6176525522412,74.6871511515393,154.630821513705,197.298274677654
B052,BGEM-0057-S,1161.0,11.0,4.0,1.0,1.0,Inbred,HN,2022.0,BGEM_Tall_late,0.0,1.0,74.6164188304888,9.144706646703169,75.8589613989402,155.007496614228,199.467258851459
B053,BGEM-0059-S,1331.0,31.0,7.0,1.0,1.0,Inbred,HN,2022.0,BGEM_Short_late,0.0,1.0,70.60202096750609,7.52300174066633,82.10861605174479,173.46457653981702,213.565655981195
B054,BGEM-0060-S,1107.0,7.0,3.0,1.0,1.0,Inbred,HN,2022.0,BGEM_Tall_late,0.0,2.0,73.44717673447441,8.77982304284488,90.3112877835508,181.374753650783,223.32608476332
B055,BGEM-0061-N,1118.0,18.0,3.0,1.0,1.0,Inbred,HN,2022.0,BGEM_Tall_late,0.0,1.0,60.5855136783164,7.077032891506191,87.5770638729488,168.94447533355,201.274745662964
B056,BGEM-0062-N,1256.0,6.0,6.0,1.0,1.0,Inbred,HN,2022.0,BGEM_Tall_early,0.0,1.0,75.04514093236071,7.44191649536448,79.76499555694299,165.55439942885,210.312179720487
B057,BGEM-0063-N,1272.0,22.0,6.0,1.0,1.0,Inbred,HN,2022.0,BGEM_Tall_early,0.0,1.0,80.6575029932297,6.671606664996981,98.1233560995565,209.62538618994998,248.26940276208302
B058,BGEM-0064-N,1159.0,9.0,4.0,1.0,1.0,Inbred,HN,2022.0,BGEM_Tall_late,0.0,2.0,69.90047570989749,5.82021158932763,108.669648326164,191.544981364883,228.02555047323202
B059,BGEM-0065-N,1015.0,15.0,1.0,1.0,1.0,Inbred,HN,2022.0,BGEM_Tall_late,0.0,2.0,67.1722441525307,6.87431977825158,105.15421758396201,184.388154454961,224.772074212523
B060,BGEM-0066-N,1137.0,37.0,3.0,1.0,1.0,Inbred,HN,2022.0,BGEM_Short_early,0.0,2.0,75.2789893515636,7.32028862741172,70.3905135777362,147.47399460378298,189.706830069334
B061,BGEM-0067-S,1241.0,41.0,5.0,1.0,1.0,Inbred,HN,2022.0,BGEM_Short_late,0.0,2.0,73.5251262075421,8.65819517489212,74.2965477357391,167.43777493146098,206.697206097477
B062,BGEM-0068-S,1077.0,27.0,2.0,1.0,1.0,Inbred,HN,2022.0,BGEM_Short_early,0.0,1.0,76.2923325014427,8.69873779754304,72.3435306567376,163.29434882571698,201.274745662964
B064,BGEM-0069-S,1019.0,19.0,1.0,1.0,1.0,Inbred,HN,2022.0,BGEM_Tall_late,0.0,1.0,74.8892419862255,8.739280420193959,82.8898228833453,174.217926740861,216.09613751730097
B065,BGEM-0070-S,1102.0,2.0,3.0,1.0,1.0,Inbred,HN,2022.0,BGEM_Tall_late,0.0,1.0,67.4840420448012,7.7257148539209295,55.156980361525,147.47399460378298,183.92287227251998
B066,BGEM-0071-S,1231.0,31.0,5.0,1.0,1.0,Inbred,HN,2022.0,BGEM_Short_late,0.0,1.0,67.36711783519969,8.45548206163751,85.2334433781471,159.527597820494,199.82875621376
B067,BGEM-0072-S,1154.0,4.0,4.0,1.0,1.0,Inbred,HN,2022.0,BGEM_Tall_late,0.0,1.0,74.1487219920831,9.347419759957779,63.359652093331,170.827850836161,215.373142792699
B068,BGEM-0073-S,1227.0,27.0,5.0,1.0,1.0,Inbred,HN,2022.0,BGEM_Short_late,0.0,1.0,66.470698894922,9.144706646703169,87.96766728874908,159.904272921017,202.359237749866
B071,BGEM-0077-S,1088.0,38.0,2.0,1.0,1.0,Inbred,HN,2022.0,BGEM_Short_early,0.0,1.0,70.4850967579047,7.11757551415711,61.4066350143296,162.917673725194,201.636243025265
B072,BGEM-0078-N,1206.0,6.0,5.0,1.0,1.0,Inbred,HN,2022.0,BGEM_Tall_early,0.0,2.0,69.8225262368299,6.95540502355343,76.2495648147405,182.88145405287202,217.903624328806
B073,BGEM-0079-S,1048.0,48.0,1.0,1.0,1.0,Inbred,HN,2022.0,BGEM_Short_early,0.0,2.0,74.577444093955,8.49602468428843,64.1408589249316,170.074500635117,211.396671807389
B074,BGEM-0080-S,1040.0,40.0,1.0,1.0,1.0,Inbred,HN,2022.0,BGEM_Short_early,0.0,1.0,64.8337599605019,8.333854193684749,75.46835798313991,176.85465244451697,213.92715334349603
B075,BGEM-0081-S,1308.0,8.0,7.0,1.0,1.0,Inbred,HN,2022.0,BGEM_Tall_early,0.0,1.0,76.1364335553075,7.56354436331725,87.96766728874908,170.827850836161,232.00202145854198
B076,BGEM-0082-S,1045.0,45.0,1.0,1.0,1.0,Inbred,HN,2022.0,BGEM_Short_early,0.0,2.0,68.7312336138832,8.6176525522412,46.954308629719,127.510214276105,163.679019983668
B077,BGEM-0083-S,1186.0,36.0,4.0,1.0,1.0,Inbred,HN,2022.0,BGEM_Short_early,0.0,1.0,79.25441247801251,8.739280420193959,87.96766728874908,180.621403449739,217.542126966505
B078,BGEM-0085-N,1089.0,39.0,2.0,1.0,1.0,Inbred,HN,2022.0,BGEM_Short_early,0.0,1.0,71.0697178059119,6.87431977825158,88.3582707045493,163.29434882571698,197.659772039954
B079,BGEM-0086-N,1218.0,18.0,5.0,1.0,1.0,Inbred,HN,2022.0,BGEM_Tall_early,0.0,2.0,75.9805346091722,7.40137387271356,89.9206843677505,178.361352846606,216.457634879602
B080,BGEM-0087-N,1119.0,19.0,3.0,1.0,1.0,Inbred,HN,2022.0,BGEM_Tall_late,0.0,1.0,65.02863364317099,7.4824591180154005,97.34214926795592,185.518179756528,223.32608476332
B081,BGEM-0088-N,1245.0,45.0,5.0,1.0,1.0,Inbred,HN,2022.0,BGEM_Short_late,0.0,2.0,81.2421240412369,9.06362140140133,82.10861605174479,166.307749629894,199.82875621376
B082,BGEM-0089-N,1239.0,39.0,5.0,1.0,1.0,Inbred,HN,2022.0,BGEM_Short_late,0.0,2.0,77.34465038785571,7.7257148539209295,60.625428182728996,155.007496614228,190.06832743163503
B083,BGEM-0090-N,1340.0,40.0,7.0,1.0,1.0,Inbred,HN,2022.0,BGEM_Short_late,0.0,1.0,78.55286722040391,8.00951321247738,87.96766728874908,162.540998624672,229.11004256013402
B085,BGEM-0095-S,1148.0,48.0,3.0,1.0,1.0,Inbred,HN,2022.0,BGEM_Short_early,0.0,1.0,74.6943683035564,8.25276894838291,75.46835798313991,164.047699026761,201.274745662964
B086,BGEM-0097-S,1343.0,43.0,7.0,1.0,1.0,Inbred,HN,2022.0,BGEM_Short_late,0.0,1.0,70.8748441232428,8.941993533448569,68.0468930829345,162.16432352415,196.575279953052
B087,BGEM-0099-S,1050.0,50.0,1.0,1.0,1.0,Inbred,HN,2022.0,BGEM_Short_early,0.0,1.0,62.690149451142204,7.685172231270009,72.3435306567376,139.940492593339,176.3314276642
B090,BGEM-0107-N,1248.0,48.0,5.0,1.0,1.0,Inbred,HN,2022.0,BGEM_Short_late,0.0,2.0,72.0440862192572,8.41493943898659,72.3435306567376,170.074500635117,207.420200822079
B091,BGEM-0108-S,1333.0,33.0,7.0,1.0,1.0,Inbred,HN,2022.0,BGEM_Short_late,0.0,1.0,78.0851703819981,8.41493943898659,79.37439214114279,170.827850836161,210.673677082787
B092,BGEM-0110-N,1273.0,23.0,6.0,1.0,1.0,Inbred,HN,2022.0,BGEM_Tall_early,0.0,1.0,73.2133283152716,7.4824591180154005,76.2495648147405,175.72462714294997,220.07260850261102
B093,BGEM-0111-S,1132.0,32.0,3.0,1.0,1.0,Inbred,HN,2022.0,BGEM_Short_early,0.0,1.0,72.00511148272341,7.158118136808031,64.53146234073189,163.29434882571698,207.420200822079
B094,BGEM-0112-S,1099.0,49.0,2.0,1.0,1.0,Inbred,HN,2022.0,BGEM_Short_early,0.0,2.0,72.16101042885859,7.76625747657185,76.2495648147405,155.007496614228,200.91324830066299
B095,BGEM-0113-S,1029.0,29.0,1.0,1.0,1.0,Inbred,HN,2022.0,BGEM_Short_early,0.0,1.0,73.25230305180541,6.87431977825158,66.8750828355336,162.540998624672,207.78169818438
B096,BGEM-0114-S,1046.0,46.0,1.0,1.0,1.0,Inbred,HN,2022.0,BGEM_Short_early,0.0,2.0,70.9527935963105,7.76625747657185,70.3905135777362,158.77424761945,199.10576148915797
B097,BGEM-0115-S,1185.0,35.0,4.0,1.0,1.0,Inbred,HN,2022.0,BGEM_Short_early,0.0,1.0,72.1999851653924,7.7257148539209295,70.7811169935365,166.307749629894,212.11966653199102
B098,BGEM-0116-S,1179.0,29.0,4.0,1.0,1.0,Inbred,HN,2022.0,BGEM_Short_early,0.0,2.0,70.835869386709,7.36083125006264,73.1247374883382,159.527597820494,202.359237749866
B099,BGEM-0117-S,1087.0,37.0,2.0,1.0,1.0,Inbred,HN,2022.0,BGEM_Short_early,0.0,1.0,69.7056020272285,7.56354436331725,66.093876003933,165.177724328328,209.589184995885
B100,BGEM-0118-S,1037.0,37.0,1.0,1.0,1.0,Inbred,HN,2022.0,BGEM_Short_early,0.0,1.0,68.8481578234846,7.2392033821098805,59.8442213511285,156.137521915794,199.82875621376
B102,BGEM-0122-N,1211.0,11.0,5.0,1.0,1.0,Inbred,HN,2022.0,BGEM_Tall_early,0.0,2.0,69.3548293984242,7.76625747657185,77.030771646341,164.424374127283,198.382766764556
B103,BGEM-0123-N,1085.0,35.0,2.0,1.0,1.0,Inbred,HN,2022.0,BGEM_Short_early,0.0,1.0,65.1455578527724,7.44191649536448,90.7018911993511,178.361352846606,220.434105864912
B104,BGEM-0124-N,1116.0,16.0,3.0,1.0,1.0,Inbred,HN,2022.0,BGEM_Tall_late,0.0,2.0,67.6399409909364,7.077032891506191,98.51395951535679,190.038280962794,229.11004256013402
B105,BGEM-0125-N,1172.0,22.0,4.0,1.0,1.0,Inbred,HN,2022.0,BGEM_Tall_early,0.0,1.0,65.4183810085091,8.333854193684749,90.3112877835508,177.608002645561,220.07260850261102
B107,BGEM-0129-N,1135.0,35.0,3.0,1.0,1.0,Inbred,HN,2022.0,BGEM_Short_early,0.0,1.0,72.2389599019263,9.144706646703169,70.3905135777362,151.617420709528,191.15281951853802
B109,BGEM-0131-N,1110.0,10.0,3.0,1.0,1.0,Inbred,HN,2022.0,BGEM_Tall_late,0.0,2.0,70.212273602168,7.2392033821098805,68.4374964987348,165.931074529372,199.467258851459
B110,BGEM-0133-S,1323.0,23.0,7.0,1.0,1.0,Inbred,HN,2022.0,BGEM_Tall_early,0.0,1.0,68.5753346677479,8.739280420193959,82.8898228833453,173.841251640339,219.34961377801002
B111,BGEM-0134-S,1071.0,21.0,2.0,1.0,1.0,Inbred,HN,2022.0,BGEM_Tall_late,0.0,2.0,76.33130723797659,9.955559099721599,95.77973560475479,191.168306264361,228.74854519783298
B112,BGEM-0136-S,1034.0,34.0,1.0,1.0,1.0,Inbred,HN,2022.0,BGEM_Short_early,0.0,2.0,60.9752610436545,8.860908288146721,76.6401682305408,146.720644402739,186.453353808626
B113,BGEM-0137-S,1128.0,28.0,3.0,1.0,1.0,Inbred,HN,2022.0,BGEM_Short_early,0.0,2.0,70.6799704405738,8.98253615609949,66.093876003933,169.697825534594,213.92715334349603
B114,BGEM-0138-S,1222.0,22.0,5.0,1.0,1.0,Inbred,HN,2022.0,BGEM_Tall_early,0.0,2.0,71.6933135904529,8.131141080430139,87.96766728874908,185.89485485705,226.579561024028
B115,BGEM-0140-N,1030.0,30.0,1.0,1.0,1.0,Inbred,HN,2022.0,BGEM_Short_early,0.0,1.0,74.6164188304888,7.60408698596817,60.625428182728996,156.137521915794,194.406295779246
B117,BGEM-0143-N,1266.0,16.0,6.0,1.0,1.0,Inbred,HN,2022.0,BGEM_Tall_early,0.0,2.0,77.890296699329,8.37439681633567,84.4522365465465,184.01147935443902,222.96458740101897
B118,BGEM-0144-N,1164.0,14.0,4.0,1.0,1.0,Inbred,HN,2022.0,BGEM_Tall_early,0.0,1.0,64.2491389124947,7.64462960861909,91.09249461515141,167.061099830939,207.05870345977797
B119,BGEM-0145-N,1209.0,9.0,5.0,1.0,1.0,Inbred,HN,2022.0,BGEM_Tall_early,0.0,2.0,70.71894517710759,6.7932345329497394,75.0777545673396,122.990113069839,182.11538546101502
B120,BGEM-0146-N,1214.0,14.0,5.0,1.0,1.0,Inbred,HN,2022.0,BGEM_Tall_early,0.0,2.0,69.5107283445594,6.7932345329497394,89.9206843677505,179.11470304764998,217.542126966505
B121,BGEM-0147-S,1274.0,24.0,6.0,1.0,1.0,Inbred,HN,2022.0,BGEM_Tall_early,0.0,2.0,80.73545246629729,9.185249269354099,78.9837887253425,186.27152995757197,224.772074212523
B122,BGEM-0148-S,1202.0,2.0,5.0,1.0,1.0,Inbred,HN,2022.0,BGEM_Tall_early,0.0,2.0,71.264591488581,7.92842796717554,64.53146234073189,162.16432352415,196.936777315353
B123,BGEM-0149-S,1183.0,33.0,4.0,1.0,1.0,Inbred,HN,2022.0,BGEM_Short_early,0.0,1.0,73.6030756806097,10.847496798041899,80.1555989727433,171.957876137728,210.673677082787
B124,BGEM-0150-S,1176.0,26.0,4.0,1.0,1.0,Inbred,HN,2022.0,BGEM_Short_early,0.0,2.0,71.1476672789795,8.45548206163751,69.6093067461356,147.097319503261,174.16244349039502
B125,BGEM-0151-N,1289.0,39.0,6.0,1.0,1.0,Inbred,HN,2022.0,BGEM_Short_late,0.0,1.0,70.4850967579047,7.76625747657185,77.8119784779416,165.931074529372,203.443729836769
B128,BGEM-0154-S,1126.0,26.0,3.0,1.0,1.0,Inbred,HN,2022.0,BGEM_Short_early,0.0,1.0,74.577444093955,8.65819517489212,80.1555989727433,177.231327545039,220.434105864912
B130,BGEM-0156-S,1267.0,17.0,6.0,1.0,1.0,Inbred,HN,2022.0,BGEM_Tall_early,0.0,2.0,75.2789893515636,9.63121811851423,80.1555989727433,170.074500635117,210.673677082787
B131,BGEM-0157-N,1337.0,37.0,7.0,1.0,1.0,Inbred,HN,2022.0,BGEM_Short_late,0.0,1.0,70.6799704405738,7.44191649536448,89.1394775361499,179.868053248694,218.265121691107
B132,BGEM-0158-S,1103.0,3.0,3.0,1.0,1.0,Inbred,HN,2022.0,BGEM_Tall_late,0.0,1.0,71.9271620096558,8.0500558351283,76.6401682305408,166.684424730417,208.14319554668097
B134,BGEM-0159-S,1156.0,6.0,4.0,1.0,1.0,Inbred,HN,2022.0,BGEM_Tall_late,0.0,1.0,81.04725035856791,9.185249269354099,100.857580010159,180.621403449739,224.04907948792098
B136,BGEM-0162-S,1181.0,31.0,4.0,1.0,1.0,Inbred,HN,2022.0,BGEM_Short_early,0.0,2.0,75.94155987263841,8.333854193684749,74.2965477357391,162.540998624672,206.335708735176
B137,BGEM-0164-S,1190.0,40.0,4.0,1.0,1.0,Inbred,HN,2022.0,BGEM_Short_late,0.0,1.0,77.5784988070586,8.0500558351283,78.20258189374191,177.231327545039,215.01164543039903
B138,BGEM-0165-S,1025.0,25.0,1.0,1.0,1.0,Inbred,HN,2022.0,BGEM_Tall_late,0.0,2.0,69.9784251829651,7.036490268855269,87.1864604571485,181.751428751305,220.434105864912
B139,BGEM-0166-S,1007.0,7.0,1.0,1.0,1.0,Inbred,HN,2022.0,BGEM_Tall_late,0.0,1.0,80.8523766758988,7.8068000992227695,94.9985287731542,192.67500666645,231.27902673394
B140,BGEM-0167-S,1145.0,45.0,3.0,1.0,1.0,Inbred,HN,2022.0,BGEM_Short_early,0.0,1.0,70.5630462309723,8.37439681633567,70.3905135777362,170.074500635117,210.312179720487
B142,BGEM-0170-S,1247.0,47.0,5.0,1.0,1.0,Inbred,HN,2022.0,BGEM_Short_late,0.0,2.0,75.39591356116509,9.509590250561471,72.3435306567376,167.43777493146098,205.97421137287603
B143,BGEM-0172-S,1052.0,2.0,2.0,1.0,1.0,Inbred,HN,2022.0,BGEM_Tall_late,0.0,2.0,73.6030756806097,8.090598457779219,96.95154585215559,211.508761692561,247.546408037481
B144,BGEM-0173-S,1332.0,32.0,7.0,1.0,1.0,Inbred,HN,2022.0,BGEM_Short_late,0.0,1.0,71.0697178059119,8.17168370308106,93.43611510995309,167.061099830939,212.481163894292
B145,BGEM-0174-N,1240.0,40.0,5.0,1.0,1.0,Inbred,HN,2022.0,BGEM_Short_late,0.0,2.0,68.146612565876,8.333854193684749,68.4374964987348,154.254146413183,188.622337982432
B146,BGEM-0175-S,1113.0,13.0,3.0,1.0,1.0,Inbred,HN,2022.0,BGEM_Tall_late,0.0,1.0,72.2389599019263,6.671606664996981,82.10861605174479,169.321150434072,203.08223247446801
B147,BGEM-0178-S,1017.0,17.0,1.0,1.0,1.0,Inbred,HN,2022.0,BGEM_Tall_late,0.0,2.0,77.61747354359241,9.02307877875041,87.96766728874908,202.84523438055,243.56993705217099
B148,BGEM-0179-S,1042.0,42.0,1.0,1.0,1.0,Inbred,HN,2022.0,BGEM_Short_early,0.0,1.0,73.7979493632788,9.347419759957779,92.65490827835251,189.66160586227198,232.363518820843
B149,BGEM-0182-N,1225.0,25.0,5.0,1.0,1.0,Inbred,HN,2022.0,BGEM_Tall_early,0.0,1.0,67.9127641466731,7.52300174066633,85.6240467939473,187.778230359661,224.04907948792098
B150,BGEM-0184-N,1084.0,34.0,2.0,1.0,1.0,Inbred,HN,2022.0,BGEM_Short_early,0.0,1.0,61.3260336724588,6.7121492876479,66.48447941973329,166.307749629894,191.15281951853802
B151,BGEM-0186-S,1348.0,48.0,7.0,1.0,1.0,Inbred,HN,2022.0,BGEM_Short_late,0.0,1.0,70.4071472848371,8.49602468428843,64.53146234073189,166.684424730417,211.396671807389
B152,BGEM-0187-S,1246.0,46.0,5.0,1.0,1.0,Inbred,HN,2022.0,BGEM_Short_late,0.0,2.0,74.3435956747521,7.7257148539209295,70.3905135777362,153.877471312661,188.622337982432
B153,BGEM-0188-S,1066.0,16.0,2.0,1.0,1.0,Inbred,HN,2022.0,BGEM_Tall_late,0.0,2.0,76.99387775905141,8.41493943898659,92.26430486255221,184.01147935443902,225.495068937125
B154,BGEM-0190-N,1282.0,32.0,6.0,1.0,1.0,Inbred,HN,2022.0,BGEM_Short_late,0.0,2.0,72.94050515953491,7.847342721873701,64.53146234073189,163.671023926239,203.443729836769
B155,BGEM-0191-N,1278.0,28.0,6.0,1.0,1.0,Inbred,HN,2022.0,BGEM_Short_late,0.0,2.0,58.792675797761,7.198660759458951,82.10861605174479,153.877471312661,201.274745662964
B160,BGEM-0197-S,1100.0,50.0,2.0,1.0,1.0,Inbred,HN,2022.0,BGEM_Short_early,0.0,1.0,70.2902230752356,7.96897058982646,80.1555989727433,162.540998624672,201.997740387565
B161,BGEM-0198-S,1167.0,17.0,4.0,1.0,1.0,Inbred,HN,2022.0,BGEM_Tall_early,0.0,1.0,76.7210546033147,7.88788534452461,83.28042629914559,182.88145405287202,246.461915950578
B162,BGEM-0199-S,1210.0,10.0,5.0,1.0,1.0,Inbred,HN,2022.0,BGEM_Tall_early,0.0,2.0,78.4749177473362,8.69873779754304,80.1555989727433,173.087901439294,216.457634879602
B163,BGEM-0200-S,1291.0,41.0,6.0,1.0,1.0,Inbred,HN,2022.0,BGEM_Short_late,0.0,1.0,64.4440125951638,8.941993533448569,99.68576976275759,183.634804253917,222.96458740101897
B165,BGEM-0202-N,1177.0,27.0,4.0,1.0,1.0,Inbred,HN,2022.0,BGEM_Short_early,0.0,1.0,65.3014567989077,7.11757551415711,86.0146502097476,164.424374127283,198.744264126857
B169,BGEM-0206-N,1173.0,23.0,4.0,1.0,1.0,Inbred,HN,2022.0,BGEM_Tall_early,0.0,1.0,59.922943157241605,7.32028862741172,86.4052536255479,162.540998624672,200.19025357606097
B170,BGEM-0207-N,1178.0,28.0,4.0,1.0,1.0,Inbred,HN,2022.0,BGEM_Short_early,0.0,2.0,67.9517388832069,7.76625747657185,86.4052536255479,154.630821513705,202.359237749866
B171,BGEM-0208-N,1157.0,7.0,4.0,1.0,1.0,Inbred,HN,2022.0,BGEM_Tall_late,0.0,1.0,,,,,
B173,BGEM-0210-N,1014.0,14.0,1.0,1.0,1.0,Inbred,HN,2022.0,BGEM_Tall_late,0.0,2.0,72.47280832112921,7.56354436331725,91.8737014467519,161.034298222583,204.528221923672
B175,BGEM-0212-N,1312.0,12.0,7.0,1.0,1.0,Inbred,HN,2022.0,BGEM_Tall_early,0.0,1.0,63.4696441818185,6.185095193185919,80.1555989727433,177.98467774608298,215.373142792699
B176,BGEM-0213-S,1060.0,10.0,2.0,1.0,1.0,Inbred,HN,2022.0,BGEM_Tall_late,0.0,2.0,63.0798968164804,6.4688935517423705,101.248183425959,167.061099830939,193.321803692343
B177,BGEM-0214-S,1043.0,43.0,1.0,1.0,1.0,Inbred,HN,2022.0,BGEM_Short_early,0.0,1.0,71.6933135904529,8.0500558351283,75.8589613989402,166.307749629894,203.08223247446801
B180,BGEM-0217-S,1223.0,23.0,5.0,1.0,1.0,Inbred,HN,2022.0,BGEM_Tall_early,0.0,2.0,81.3980229873722,8.0500558351283,89.9206843677505,181.374753650783,212.842661256593
B181,BGEM-0218-S,1327.0,27.0,7.0,1.0,1.0,Inbred,HN,2022.0,BGEM_Short_late,0.0,1.0,67.7568652005378,8.21222632573199,83.6710297149459,171.957876137728,210.673677082787
B182,BGEM-0219-S,1136.0,36.0,3.0,1.0,1.0,Inbred,HN,2022.0,BGEM_Short_early,0.0,2.0,74.46051988435359,8.69873779754304,72.3435306567376,170.074500635117,213.92715334349603
B183,BGEM-0220-S,1197.0,47.0,4.0,1.0,1.0,Inbred,HN,2022.0,BGEM_Short_late,0.0,2.0,68.53635993121411,8.57710992959028,84.84283996234679,174.59460184138302,217.542126966505
B185,BGEM-0222-S,1047.0,47.0,1.0,1.0,1.0,Inbred,HN,2022.0,BGEM_Short_early,0.0,2.0,61.520907355127896,7.88788534452461,74.6871511515393,154.630821513705,192.23731160544102
B186,BGEM-0223-N,1117.0,17.0,3.0,1.0,1.0,Inbred,HN,2022.0,BGEM_Tall_late,0.0,1.0,,,,,
B187,BGEM-0224-N,1295.0,45.0,6.0,1.0,1.0,Inbred,HN,2022.0,BGEM_Short_late,0.0,1.0,71.3425409616486,8.21222632573199,87.96766728874908,152.370770910572,207.78169818438
B188,BGEM-0225-N,1249.0,49.0,5.0,1.0,1.0,Inbred,HN,2022.0,BGEM_Short_late,0.0,2.0,74.03179778248159,8.6176525522412,81.7180126359445,159.904272921017,205.97421137287603
B189,BGEM-0226-S,1250.0,50.0,5.0,1.0,1.0,Inbred,HN,2022.0,BGEM_Short_late,0.0,2.0,81.3590482508383,8.98253615609949,80.9368058043439,166.307749629894,231.640524096241
B190,BGEM-0227-N,1146.0,46.0,3.0,1.0,1.0,Inbred,HN,2022.0,BGEM_Short_early,0.0,2.0,74.8112925131579,8.333854193684749,76.2495648147405,158.397572518928,203.443729836769
B191,BGEM-0228-N,1196.0,46.0,4.0,1.0,1.0,Inbred,HN,2022.0,BGEM_Short_late,0.0,2.0,74.0707725190154,7.60408698596817,87.1864604571485,172.711226338772,212.11966653199102
B194,BGEM-0231-N,1013.0,13.0,1.0,1.0,1.0,Inbred,HN,2022.0,BGEM_Tall_late,0.0,2.0,79.2933872145463,6.752691910298821,71.1717204093368,153.124121111617,190.429824793936
B195,BGEM-0233-S,1115.0,15.0,3.0,1.0,1.0,Inbred,HN,2022.0,BGEM_Tall_late,0.0,1.0,70.60202096750609,6.4688935517423705,92.26430486255221,182.128103851828,219.34961377801002
B197,BGEM-0236-S,1165.0,15.0,4.0,1.0,1.0,Inbred,HN,2022.0,BGEM_Tall_early,0.0,1.0,71.0697178059119,8.37439681633567,98.51395951535679,169.321150434072,217.180629604204
B198,BGEM-0237-N,1009.0,9.0,1.0,1.0,1.0,Inbred,HN,2022.0,BGEM_Tall_late,0.0,1.0,,,,,
B201,BGEM-0242-N,1188.0,38.0,4.0,1.0,1.0,Inbred,HN,2022.0,BGEM_Short_late,0.0,2.0,70.017399919499,7.88788534452461,72.3435306567376,151.99409581005,195.129290503848
B202,BGEM-0243-S,1215.0,15.0,5.0,1.0,1.0,Inbred,HN,2022.0,BGEM_Tall_early,0.0,2.0,70.9138188597766,8.860908288146721,78.20258189374191,166.307749629894,204.166724561371
B204,BGEM-0246-N,1200.0,50.0,4.0,1.0,1.0,Inbred,HN,2022.0,BGEM_Short_late,0.0,2.0,64.6388862778329,6.347265683789611,71.562323825137,162.917673725194,196.575279953052
B205,BGEM-0247-N,1329.0,29.0,7.0,1.0,1.0,Inbred,HN,2022.0,BGEM_Short_late,0.0,1.0,74.30462093821829,6.631064042346059,80.9368058043439,166.684424730417,200.91324830066299
B206,BGEM-0248-N,1319.0,19.0,7.0,1.0,1.0,Inbred,HN,2022.0,BGEM_Tall_early,0.0,1.0,68.53635993121411,8.131141080430139,89.1394775361499,170.074500635117,237.424481893055
B207,BGEM-0250-S,1058.0,8.0,2.0,1.0,1.0,Inbred,HN,2022.0,BGEM_Tall_late,0.0,2.0,72.8235809499334,8.0500558351283,105.544820999762,198.325133174283,239.23196870456002
B209,BGEM-0252-S,1070.0,20.0,2.0,1.0,1.0,Inbred,HN,2022.0,BGEM_Tall_late,0.0,1.0,83.1129113948599,8.090598457779219,81.3274092201442,184.764829555483,226.218063661727
B210,BGEM-0253-N,1138.0,38.0,3.0,1.0,1.0,Inbred,HN,2022.0,BGEM_Short_early,0.0,2.0,76.6041303937132,7.44191649536448,68.4374964987348,155.007496614228,189.345332707033
B211,BGEM-0254-S,1316.0,16.0,7.0,1.0,1.0,Inbred,HN,2022.0,BGEM_Tall_early,0.0,1.0,73.7979493632788,8.21222632573199,80.1555989727433,177.608002645561,218.626619053408
B212,BGEM-0255-S,1079.0,29.0,2.0,1.0,1.0,Inbred,HN,2022.0,BGEM_Short_early,0.0,2.0,70.4850967579047,8.293311571033831,96.17033902055509,182.128103851828,225.856566299426
B214,BGEM-0257-S,1121.0,21.0,3.0,1.0,1.0,Inbred,HN,2022.0,BGEM_Tall_late,0.0,1.0,70.2512483387018,7.40137387271356,68.4374964987348,147.097319503261,187.176348533228
B215,BGEM-0258-S,1268.0,18.0,6.0,1.0,1.0,Inbred,HN,2022.0,BGEM_Tall_early,0.0,2.0,64.6388862778329,10.279900080929,80.1555989727433,169.697825534594,211.396671807389
B225,BGEM-0270-S,1296.0,46.0,6.0,1.0,1.0,Inbred,HN,2022.0,BGEM_Short_late,0.0,1.0,84.7108755927462,8.37439681633567,87.5770638729488,167.061099830939,229.471539922435
B226,BGEM-0272-S,1257.0,7.0,6.0,1.0,1.0,Inbred,HN,2022.0,BGEM_Tall_early,0.0,1.0,71.4204904347162,9.02307877875041,80.54620238854359,170.827850836161,209.950682358186
B231,BGEM-0280-S,1175.0,25.0,4.0,1.0,1.0,Inbred,HN,2022.0,BGEM_Tall_early,0.0,2.0,79.4492861606816,9.91501647707068,86.79585704134821,153.124121111617,219.34961377801002
B236,BGEM-0285-N,1344.0,44.0,7.0,1.0,1.0,Inbred,HN,2022.0,BGEM_Short_late,0.0,1.0,74.577444093955,7.198660759458951,82.8898228833453,155.760846815272,236.339989806153
B238,BGEM-0287-N,1330.0,30.0,7.0,1.0,1.0,Inbred,HN,2022.0,BGEM_Short_late,0.0,1.0,66.3537746853206,6.83377715560066,81.3274092201442,162.540998624672,201.274745662964
B239,BGEM-0288-S,1242.0,42.0,5.0,1.0,1.0,Inbred,HN,2022.0,BGEM_Short_late,0.0,2.0,80.813401939365,9.75284598646699,103.591803920761,195.68840747062802,242.846942327569
B243,BGEM-0292-S,1003.0,3.0,1.0,1.0,1.0,Inbred,HN,2022.0,BGEM_Tall_late,0.0,2.0,78.319018801201,7.036490268855269,64.9220657565322,157.644222317883,195.490787866149
B246,BGEM-0295-S,1201.0,1.0,5.0,1.0,1.0,Inbred,HN,2022.0,BGEM_Tall_early,0.0,2.0,71.6933135904529,8.901450910797651,84.0616331307462,170.074500635117,212.481163894292
B247,BGEM-0296-S,1287.0,37.0,6.0,1.0,1.0,Inbred,HN,2022.0,BGEM_Short_late,0.0,1.0,71.5374146443176,8.77982304284488,76.6401682305408,159.527597820494,191.514316880839
B248,BGEM-0297-N,1335.0,35.0,7.0,1.0,1.0,Inbred,HN,2022.0,BGEM_Short_late,0.0,1.0,74.65539356702259,9.144706646703169,114.528699563169,181.374753650783,258.029831544208
B251,BGEM-0300-S,1205.0,5.0,5.0,1.0,1.0,Inbred,HN,2022.0,BGEM_Tall_early,0.0,2.0,68.53635993121411,8.41493943898659,78.20258189374191,163.671023926239,203.443729836769
B252,BGEM-0301-S,1304.0,4.0,7.0,1.0,1.0,Inbred,HN,2022.0,BGEM_Tall_early,0.0,1.0,73.9928230459478,8.820365665495801,97.34214926795592,176.101302243472,225.495068937125
B254,BGEM-0302-S,1208.0,8.0,5.0,1.0,1.0,Inbred,HN,2022.0,BGEM_Tall_early,0.0,2.0,75.0061661958269,7.60408698596817,59.8442213511285,155.007496614228,197.659772039954
B257,BGEM-0305-S,1238.0,38.0,5.0,1.0,1.0,Inbred,HN,2022.0,BGEM_Short_late,0.0,2.0,72.8235809499334,7.36083125006264,69.6093067461356,161.034298222583,200.19025357606097
B259,BGEM-0307-S,1069.0,19.0,2.0,1.0,1.0,Inbred,HN,2022.0,BGEM_Tall_late,0.0,1.0,73.5641009440759,8.17168370308106,75.46835798313991,173.087901439294,221.88009531411598
B261,BGEM-0309-S,1105.0,5.0,3.0,1.0,1.0,Inbred,HN,2022.0,BGEM_Tall_late,0.0,2.0,74.85026724969171,7.7257148539209295,68.0468930829345,185.518179756528,225.495068937125
B262,BGEM-0310-S,1144.0,44.0,3.0,1.0,1.0,Inbred,HN,2022.0,BGEM_Short_early,0.0,2.0,77.0328524955852,8.17168370308106,74.6871511515393,186.27152995757197,230.91752937163898
B265,BGEM-0313-S,1251.0,1.0,6.0,1.0,1.0,Inbred,HN,2022.0,BGEM_Tall_early,0.0,2.0,82.255467191116,9.185249269354099,83.6710297149459,176.85465244451697,212.842661256593
B267,BGEM-0315-S,1270.0,20.0,6.0,1.0,1.0,Inbred,HN,2022.0,BGEM_Tall_early,0.0,1.0,66.7824967871925,8.49602468428843,62.96904867753079,172.711226338772,210.673677082787
B268,BGEM-0316-S,1346.0,46.0,7.0,1.0,1.0,Inbred,HN,2022.0,BGEM_Short_late,0.0,1.0,76.1364335553075,9.10416402405225,82.10861605174479,173.841251640339,221.88009531411598
B273,BGEM-0321-S,1027.0,27.0,1.0,1.0,1.0,Inbred,HN,2022.0,BGEM_Short_early,0.0,2.0,73.25230305180541,8.941993533448569,65.31266917233249,147.47399460378298,186.453353808626
B274,BGEM-0322-S,1338.0,38.0,7.0,1.0,1.0,Inbred,HN,2022.0,BGEM_Short_late,0.0,1.0,75.6297619803679,8.69873779754304,82.8898228833453,179.868053248694,221.15710058951402
B276,BGEM-0324-N,1112.0,12.0,3.0,1.0,1.0,Inbred,HN,2022.0,BGEM_Tall_late,0.0,1.0,75.04514093236071,9.02307877875041,90.7018911993511,175.72462714294997,212.481163894292
B277,BGEM-0325-N,1022.0,22.0,1.0,1.0,1.0,Inbred,HN,2022.0,BGEM_Tall_late,0.0,2.0,74.3435956747521,7.96897058982646,78.20258189374191,181.374753650783,221.88009531411598
B280,BGEM-0328-S,1074.0,24.0,2.0,1.0,1.0,Inbred,HN,2022.0,BGEM_Tall_late,0.0,1.0,70.7579199136414,8.17168370308106,112.966285899967,197.57178297323898,234.171005632347
B283,BGEM-0101-S,1292.0,42.0,6.0,1.0,1.0,Inbred,HN,2022.0,BGEM_Short_late,0.0,1.0,67.1722441525307,7.279746004760799,78.9837887253425,150.487395407961,185.368861721723
B287,BGEM-0171-S,1166.0,16.0,4.0,1.0,1.0,Inbred,HN,2022.0,BGEM_Tall_early,0.0,1.0,76.99387775905141,8.45548206163751,79.76499555694299,165.931074529372,217.180629604204
B288,BGEM-0147-S,1274.0,24.0,6.0,1.0,1.0,Inbred,HN,2022.0,BGEM_Tall_early,0.0,2.0,80.73545246629729,9.185249269354099,78.9837887253425,186.27152995757197,224.772074212523
B292,BGEM-0106-N,1018.0,18.0,1.0,1.0,1.0,Inbred,HN,2022.0,BGEM_Tall_late,0.0,2.0,75.824635663037,7.158118136808031,97.7327526837562,196.06508257115001,235.978492443852
B297,BGEM-0238-N,1120.0,20.0,3.0,1.0,1.0,Inbred,HN,2022.0,BGEM_Tall_late,0.0,1.0,78.94261458574199,9.10416402405225,93.8267185257533,179.491378148172,221.15710058951402
B298,BGEM-0053-S,1258.0,8.0,6.0,1.0,1.0,Inbred,HN,2022.0,BGEM_Tall_early,0.0,1.0,70.17329886563421,7.92842796717554,99.2951663469574,177.98467774608298,209.589184995885
B299,BGEM-0245-S,1002.0,2.0,1.0,1.0,1.0,Inbred,HN,2022.0,BGEM_Tall_late,0.0,2.0,65.4963304815767,7.685172231270009,69.21870333033529,159.904272921017,201.997740387565
B300,BGEM-0084-S,1290.0,40.0,6.0,1.0,1.0,Inbred,HN,2022.0,BGEM_Short_late,0.0,1.0,75.74668618996941,8.820365665495801,78.5931853095422,171.957876137728,213.92715334349603
B302,BGEM-0058-N,1169.0,19.0,4.0,1.0,1.0,Inbred,HN,2022.0,BGEM_Tall_early,0.0,1.0,77.11080196865281,8.21222632573199,95.77973560475479,185.89485485705,225.856566299426
B303,BGEM-0109-N,1044.0,44.0,1.0,1.0,1.0,Inbred,HN,2022.0,BGEM_Short_early,0.0,2.0,55.9475200307927,6.54997879704422,63.7502555091313,143.707243598561,176.692925026501
B304,BGEM-0029-S,1281.0,31.0,6.0,1.0,1.0,Inbred,HN,2022.0,BGEM_Short_late,0.0,2.0,70.0953493925666,9.225791892005018,59.8442213511285,145.967294201694,185.730359084024
B305,BGEM-0105-N,1317.0,17.0,7.0,1.0,1.0,Inbred,HN,2022.0,BGEM_Tall_early,0.0,2.0,71.6153641173853,7.158118136808031,86.79585704134821,184.388154454961,222.96458740101897
B306,BGEM-0168-S,1124.0,24.0,3.0,1.0,1.0,Inbred,HN,2022.0,BGEM_Tall_late,0.0,1.0,82.6062398199203,7.56354436331725,101.248183425959,188.908255661228,228.387047835532
B307,BGEM-0183-N,1059.0,9.0,2.0,1.0,1.0,Inbred,HN,2022.0,BGEM_Tall_late,0.0,2.0,70.6799704405738,6.7932345329497394,80.9368058043439,166.684424730417,202.720735112167
B308,BGEM-0163-S,1328.0,28.0,7.0,1.0,1.0,Inbred,HN,2022.0,BGEM_Short_late,0.0,1.0,66.1199262661177,8.21222632573199,85.6240467939473,170.074500635117,208.504692908982
B309,BGEM-0076-S,1303.0,3.0,7.0,1.0,1.0,Inbred,HN,2022.0,BGEM_Tall_early,0.0,1.0,,,,,
B310,BGEM-0180-S,1127.0,27.0,3.0,1.0,1.0,Inbred,HN,2022.0,BGEM_Short_early,0.0,2.0,75.24001461502979,8.98253615609949,71.562323825137,172.33455123825001,215.373142792699
B311,BGEM-0181-N,1193.0,43.0,4.0,1.0,1.0,Inbred,HN,2022.0,BGEM_Short_late,0.0,2.0,68.9261072965522,7.44191649536448,87.96766728874908,170.074500635117,213.565655981195
B312,BGEM-0121-N,1152.0,2.0,4.0,1.0,1.0,Inbred,HN,2022.0,BGEM_Tall_late,0.0,1.0,73.6030756806097,8.49602468428843,95.77973560475479,183.258129153394,232.00202145854198
B313,BGEM-0251-S,1311.0,11.0,7.0,1.0,1.0,Inbred,HN,2022.0,BGEM_Tall_early,0.0,1.0,76.40925671104421,8.0500558351283,82.10861605174479,174.971276941906,217.542126966505
B314,BGEM-0189-S,1265.0,15.0,6.0,1.0,1.0,Inbred,HN,2022.0,BGEM_Tall_early,0.0,1.0,70.6799704405738,8.41493943898659,96.95154585215559,191.544981364883,225.495068937125
B315,BGEM-0249-N,1189.0,39.0,4.0,1.0,1.0,Inbred,HN,2022.0,BGEM_Short_late,0.0,2.0,72.0440862192572,6.59052141969514,78.20258189374191,173.841251640339,208.504692908982
B001,BGEM-0001-N,2338.0,38.0,7.0,2.0,1.0,Inbred,LN,2022.0,BGEM_Tall_early,0.0,2.0,59.0475106241632,7.307437537146241,65.0517331408954,160.60588052679398,207.888098480976
B002,BGEM-0002-N,2339.0,39.0,7.0,2.0,1.0,Inbred,LN,2022.0,BGEM_Tall_early,,,59.34965390546571,6.64720066902368,62.8428691739185,155.985271704086,191.317630434591
B003,BGEM-0003-N,2136.0,36.0,3.0,2.0,1.0,Inbred,LN,2022.0,BGEM_Tall_late,0.0,1.0,79.4421821120837,6.54071085158456,80.73466730643099,172.267417079342,212.527829533964
B004,BGEM-0004-N,2273.0,23.0,6.0,2.0,1.0,Inbred,LN,2022.0,BGEM_Short_late,0.0,2.0,54.2563814492231,7.30743753714625,72.34098423191901,139.043039354157,165.24676070828002
B005,BGEM-0005-N,2346.0,46.0,7.0,2.0,1.0,Inbred,LN,2022.0,BGEM_Tall_early,0.0,2.0,67.9391557596375,8.54271941944006,71.6783250418259,154.885126746298,194.85266361781999
B006,BGEM-0006-S,2347.0,47.0,7.0,2.0,1.0,Inbred,LN,2022.0,BGEM_Tall_early,0.0,2.0,68.67293229994371,7.9676744052688,70.3530066616398,151.14463388982,192.643267878302
B007,BGEM-0007-S,2195.0,45.0,4.0,2.0,1.0,Inbred,LN,2022.0,BGEM_Tall_early,0.0,1.0,72.12599837197259,7.1796497562193,74.1080754055004,183.70892464033298,220.70259377018
B008,BGEM-0008-S,2003.0,3.0,1.0,2.0,1.0,Inbred,LN,2022.0,BGEM_Short_early,0.0,1.0,72.0311010788334,7.628436646096881,68.9499503305455,162.868902198964,200.445453718884
B009,BGEM-0010-S,2053.0,3.0,2.0,2.0,1.0,Inbred,LN,2022.0,BGEM_Short_early,0.0,2.0,71.82385509067,8.94738072570873,60.8548916036394,150.484546915148,188.887295121122
B010,BGEM-0011-S,2092.0,42.0,2.0,2.0,1.0,Inbred,LN,2022.0,BGEM_Tall_late,0.0,2.0,78.276772312774,8.37233571153747,61.5175507937324,163.24622842548402,204.132125723795
B011,BGEM-0012-S,2071.0,21.0,2.0,2.0,1.0,Inbred,LN,2022.0,BGEM_Short_early,0.0,1.0,63.5580781807509,7.73339680690273,55.7745044795926,130.241879691856,167.23521687384599
B012,BGEM-0013-S,2069.0,19.0,2.0,2.0,1.0,Inbred,LN,2022.0,BGEM_Short_early,0.0,2.0,67.874410770787,7.77599273387839,65.0517331408954,151.364662881378,189.329174269025
B013,BGEM-0014-S,2080.0,30.0,2.0,2.0,1.0,Inbred,LN,2022.0,BGEM_Tall_late,0.0,1.0,65.2630295538151,7.861184587829679,67.0397107111745,126.501386835378,160.165150507389
B014,BGEM-0015-S,2031.0,31.0,1.0,2.0,1.0,Inbred,LN,2022.0,BGEM_Tall_late,0.0,2.0,72.94610156407941,8.0528662592201,62.8428691739185,168.966982205979,218.27225845671
B016,BGEM-0019-S,2178.0,28.0,4.0,2.0,1.0,Inbred,LN,2022.0,BGEM_Tall_late,0.0,2.0,73.0108465529299,8.94738072570873,85.59416803378001,175.12779396959,210.097494220494
B018,BGEM-0020-S,2011.0,11.0,1.0,2.0,1.0,Inbred,LN,2022.0,BGEM_Short_early,0.0,1.0,81.334086354722,9.07540814526699,68.1585650519913,154.616960598988,196.486820510289
B019,BGEM-0021-S,2183.0,33.0,4.0,2.0,1.0,Inbred,LN,2022.0,BGEM_Tall_late,0.0,2.0,74.52156295944259,7.563013099000139,65.0517331408954,166.106605315732,204.574004871699
B021,BGEM-0023-S,2072.0,22.0,2.0,2.0,1.0,Inbred,LN,2022.0,BGEM_Short_early,0.0,1.0,72.9245199011292,8.670507200367009,60.8548916036394,147.184112041785,189.99199299088102
B022,BGEM-0024-S,2068.0,18.0,2.0,2.0,1.0,Inbred,LN,2022.0,BGEM_Short_early,0.0,2.0,72.4497233162253,8.47882552897659,58.8669140333602,135.742604480794,178.503135145388
B023,BGEM-0025-S,2277.0,27.0,6.0,2.0,1.0,Inbred,LN,2022.0,BGEM_Tall_early,0.0,2.0,80.43493860779199,8.35103774804965,75.21250738898891,180.62851875852797,226.66796226687802
B024,BGEM-0026-S,2173.0,23.0,4.0,2.0,1.0,Inbred,LN,2022.0,BGEM_Short_late,0.0,2.0,65.80257112756959,8.88348683524526,50.2523445621505,114.399792299715,135.861797372692
B025,BGEM-0027-S,2100.0,50.0,2.0,2.0,1.0,Inbred,LN,2022.0,BGEM_Tall_late,0.0,1.0,70.2483936953068,9.33074406848957,70.1321202649421,167.64680825663402,187.119778529507
B026,BGEM-0028-S,2259.0,9.0,6.0,2.0,1.0,Inbred,LN,2022.0,BGEM_Short_late,0.0,1.0,66.5147660049256,7.861184587829679,57.320709256476405,139.043039354157,178.503135145388
B027,BGEM-0030-S,2104.0,4.0,3.0,2.0,1.0,Inbred,LN,2022.0,BGEM_Short_early,0.0,2.0,68.716095625844,7.39262939109754,75.21250738898891,136.182662463909,173.200585370545
B028,BGEM-0031-S,2326.0,26.0,7.0,2.0,1.0,Inbred,LN,2022.0,BGEM_Tall_early,0.0,2.0,69.6872704586021,7.563013099000139,70.1321202649421,157.525474644988,190.875751286688
B029,BGEM-0032-S,2013.0,13.0,1.0,2.0,1.0,Inbred,LN,2022.0,BGEM_Short_early,0.0,1.0,63.42858820304979,7.77599273387838,51.356776545638894,125.401241877591,167.01427729989402
B030,BGEM-0033-S,2150.0,50.0,3.0,2.0,1.0,Inbred,LN,2022.0,BGEM_Tall_late,0.0,1.0,68.6945139628938,7.92507847829316,92.8834191248036,167.206750273519,208.77185677678298
B031,BGEM-0034-S,2316.0,16.0,7.0,2.0,1.0,Inbred,LN,2022.0,BGEM_Short_late,0.0,1.0,66.4493099133002,8.2591678124018,55.8920932344003,140.470774999028,176.693654467317
B032,BGEM-0035-S,2208.0,8.0,5.0,2.0,1.0,Inbred,LN,2022.0,BGEM_Short_late,,,66.4872812817732,8.29626964571385,63.0145607413886,148.722716599004,190.548870697397
B033,BGEM-0036-S,2210.0,10.0,5.0,2.0,1.0,Inbred,LN,2022.0,BGEM_Short_late,0.0,1.0,62.8890466292953,7.52041717202449,62.62198277722079,129.801821708741,165.467700282232
B034,BGEM-0037-S,2061.0,11.0,2.0,2.0,1.0,Inbred,LN,2022.0,BGEM_Short_early,0.0,1.0,66.3852760272245,7.264841610170599,49.147912578662,130.901966666529,171.212129204978
B035,BGEM-0038-N,2093.0,43.0,2.0,2.0,1.0,Inbred,LN,2022.0,BGEM_Tall_late,0.0,1.0,66.557929330826,7.47782124504884,65.0517331408954,141.903416244405,180.93347045885702
B036,BGEM-0039-N,2014.0,14.0,1.0,2.0,1.0,Inbred,LN,2022.0,BGEM_Short_early,0.0,1.0,66.8290235980303,7.4429274795366105,70.5327208876541,151.866313398995,189.361280734819
B037,BGEM-0040-N,2109.0,9.0,3.0,2.0,1.0,Inbred,LN,2022.0,BGEM_Short_early,0.0,2.0,63.7913141201892,6.70089081329553,82.4035000659679,144.007321399018,183.027467601068
B038,BGEM-0041-S,2289.0,39.0,6.0,2.0,1.0,Inbred,LN,2022.0,BGEM_Tall_early,0.0,1.0,72.8381932493285,8.09546218619575,64.3890739508023,159.065677585891,201.922729984277
B039,BGEM-0042-S,2324.0,24.0,7.0,2.0,1.0,Inbred,LN,2022.0,BGEM_Short_late,0.0,1.0,74.327327992891,7.200947719707121,55.7745044795926,130.901966666529,168.339914743605
B040,BGEM-0043-S,2045.0,45.0,1.0,2.0,1.0,Inbred,LN,2022.0,BGEM_Tall_late,0.0,2.0,80.5212652595928,9.28814814151392,73.8871890088027,178.64825783451,219.59789590042098
B041,BGEM-0044-S,2345.0,45.0,7.0,2.0,1.0,Inbred,LN,2022.0,BGEM_Tall_early,0.0,2.0,72.64395828277691,9.266850178026099,81.17644009982641,164.566402374829,202.80648828008498
B042,BGEM-0045-N,2228.0,28.0,5.0,2.0,1.0,Inbred,LN,2022.0,BGEM_Tall_early,0.0,1.0,71.8886000795206,7.563013099000139,79.6302353229426,176.667996910493,216.062862717192
B043,BGEM-0046-N,2246.0,46.0,5.0,2.0,1.0,Inbred,LN,2022.0,BGEM_Tall_early,0.0,1.0,67.8959924337371,7.200947719707121,60.413118810244,153.56495279695298,191.53857000854302
B044,BGEM-0047-S,2007.0,7.0,1.0,2.0,1.0,Inbred,LN,2022.0,BGEM_Short_early,0.0,2.0,67.1190525675307,7.861184587829679,47.8225941984759,141.683387252847,179.38689344119499
B045,BGEM-0048-S,2204.0,4.0,5.0,2.0,1.0,Inbred,LN,2022.0,BGEM_Short_late,0.0,1.0,64.7450696430108,8.26584589409835,61.296664397034704,138.602981371042,176.514678979821
B046,BGEM-0049-S,2193.0,43.0,4.0,2.0,1.0,Inbred,LN,2022.0,BGEM_Tall_early,0.0,1.0,75.6653910958021,9.28814814151392,79.18846252954721,175.787880944263,214.07440655162603
B047,BGEM-0050-S,2108.0,8.0,3.0,2.0,1.0,Inbred,LN,2022.0,BGEM_Short_early,0.0,1.0,73.9604397227379,8.1380581131714,60.413118810244,152.904865822281,196.178301061531
B048,BGEM-0051-S,2089.0,39.0,2.0,2.0,1.0,Inbred,LN,2022.0,BGEM_Tall_late,0.0,1.0,73.46406147488369,8.308441821074,73.4454162154074,168.526924222864,208.992796350735
B049,BGEM-0052-S,2134.0,34.0,3.0,2.0,1.0,Inbred,LN,2022.0,BGEM_Tall_late,0.0,1.0,68.34920735569101,6.349029180194139,64.8308467441977,142.563503219077,178.061255997484
B050,BGEM-0055-S,2117.0,17.0,3.0,2.0,1.0,Inbred,LN,2022.0,BGEM_Short_early,0.0,2.0,69.06140223304689,7.35003346412189,57.98336844656939,139.043039354157,180.04971216305
B051,BGEM-0056-S,2086.0,36.0,2.0,2.0,1.0,Inbred,LN,2022.0,BGEM_Tall_late,0.0,1.0,70.7663536061112,8.45752756548877,57.320709256476405,155.545213720971,192.42232830435
B052,BGEM-0057-S,2186.0,36.0,4.0,2.0,1.0,Inbred,LN,2022.0,BGEM_Tall_late,0.0,1.0,71.2627318539653,8.64920923687919,59.7504596201509,130.461908683414,163.258304542714
B053,BGEM-0059-S,2306.0,6.0,7.0,2.0,1.0,Inbred,LN,2022.0,BGEM_Short_late,0.0,2.0,68.5434423222426,7.1370538292436505,64.6099603475,137.06277843013902,173.421524944496
B054,BGEM-0060-S,2132.0,32.0,3.0,2.0,1.0,Inbred,LN,2022.0,BGEM_Tall_late,0.0,2.0,67.3780325229328,8.90478479873308,82.9435312734078,168.966982205979,212.30688996001203
B055,BGEM-0061-N,2143.0,43.0,3.0,2.0,1.0,Inbred,LN,2022.0,BGEM_Tall_late,0.0,1.0,58.81011233171121,8.3936336750253,76.75871216587271,166.766692290404,200.59709254056702
B056,BGEM-0062-N,2281.0,31.0,6.0,2.0,1.0,Inbred,LN,2022.0,BGEM_Tall_early,0.0,2.0,71.9965083942715,7.371331427609721,68.14414269466289,161.485996493024,200.818032114519
B057,BGEM-0063-N,2297.0,47.0,6.0,2.0,1.0,Inbred,LN,2022.0,BGEM_Tall_early,0.0,2.0,74.5431446223927,6.09345361834025,78.5258033394541,183.268866657218,228.656418432444
B058,BGEM-0064-N,2184.0,34.0,4.0,2.0,1.0,Inbred,LN,2022.0,BGEM_Tall_late,0.0,2.0,69.64410713270179,6.24253936275502,91.9998735380129,171.387301113112,184.247564068134
B059,BGEM-0065-N,2040.0,40.0,1.0,2.0,1.0,Inbred,LN,2022.0,BGEM_Tall_late,0.0,2.0,70.2483936953068,7.371331427609721,94.2087375049897,185.689185564351,218.93507717856602
B060,BGEM-0066-N,2112.0,12.0,3.0,2.0,1.0,Inbred,LN,2022.0,BGEM_Short_early,0.0,2.0,66.083132745922,6.455518997633259,56.878936463081,121.440720029555,156.409177750208
B061,BGEM-0067-S,2216.0,16.0,5.0,2.0,1.0,Inbred,LN,2022.0,BGEM_Short_late,0.0,1.0,66.8816542750787,7.882482551317509,56.658050066383296,143.883677168422,182.25910790256802
B062,BGEM-0068-S,2052.0,2.0,2.0,2.0,1.0,Inbred,LN,2022.0,BGEM_Short_early,0.0,2.0,69.64410713270179,7.49911920853666,48.485253388569,133.322285573661,179.165953867243
B064,BGEM-0069-S,2044.0,44.0,1.0,2.0,1.0,Inbred,LN,2022.0,BGEM_Tall_late,0.0,2.0,74.5863079482931,8.75569905431831,74.9916209922912,173.36756203713,215.179104421385
B065,BGEM-0070-S,2127.0,27.0,3.0,2.0,1.0,Inbred,LN,2022.0,BGEM_Tall_late,0.0,2.0,71.7591101018195,8.64920923687919,70.7947794550352,158.625619602776,197.28299893128997
B066,BGEM-0071-S,2206.0,6.0,5.0,2.0,1.0,Inbred,LN,2022.0,BGEM_Short_late,0.0,2.0,54.644851382326294,6.75369048646281,57.0998228597787,117.040140198405,149.118171809799
B067,BGEM-0072-S,2179.0,29.0,4.0,2.0,1.0,Inbred,LN,2022.0,BGEM_Tall_late,0.0,2.0,69.27721886254871,8.09546218619575,57.541595653174106,146.083967083998,194.85266361781999
B068,BGEM-0073-S,2202.0,2.0,5.0,2.0,1.0,Inbred,LN,2022.0,BGEM_Short_late,0.0,1.0,62.272459381268604,7.665538479408929,58.266249070063104,125.145740599071,166.40120812497102
B071,BGEM-0077-S,2063.0,13.0,2.0,2.0,1.0,Inbred,LN,2022.0,BGEM_Short_early,0.0,2.0,67.9175740966873,6.987968084828879,49.5896853720574,144.763793134652,184.247564068134
B072,BGEM-0078-N,2231.0,31.0,5.0,2.0,1.0,Inbred,LN,2022.0,BGEM_Tall_early,0.0,1.0,68.11180906323901,6.47681696112109,61.9593235871278,160.825909518351,190.875751286688
B073,BGEM-0079-S,2023.0,23.0,1.0,2.0,1.0,Inbred,LN,2022.0,BGEM_Short_early,0.0,1.0,71.349058505766,8.28714385758617,57.0998228597787,154.225039771626,195.073603191772
B074,BGEM-0080-S,2015.0,15.0,1.0,2.0,1.0,Inbred,LN,2022.0,BGEM_Short_early,0.0,1.0,67.72333913013571,8.09546218619575,58.4251412399648,156.425329687201,193.96890532201303
B075,BGEM-0081-S,2333.0,33.0,7.0,2.0,1.0,Inbred,LN,2022.0,BGEM_Tall_early,0.0,1.0,73.3129898342325,8.41493163851312,76.09605297577959,172.927504054015,212.527829533964
B076,BGEM-0082-S,2020.0,20.0,1.0,2.0,1.0,Inbred,LN,2022.0,BGEM_Short_early,0.0,2.0,68.3060440297906,8.69180516385484,39.870683917359294,117.92025616463499,151.327567549317
B077,BGEM-0083-S,2161.0,11.0,4.0,2.0,1.0,Inbred,LN,2022.0,BGEM_Short_early,0.0,1.0,73.55038812668451,7.882482551317509,66.8188243144768,152.46480783916599,189.108234695074
B078,BGEM-0085-N,2064.0,14.0,2.0,2.0,1.0,Inbred,LN,2022.0,BGEM_Short_early,0.0,2.0,66.73058263442739,6.6472006690236904,67.9232562979653,146.74405405866997,179.60783301514599
B079,BGEM-0086-N,2243.0,43.0,5.0,2.0,1.0,Inbred,LN,2022.0,BGEM_Tall_early,0.0,1.0,62.7811383145444,6.8175843769262805,78.3049169427564,157.745503636546,195.957361487579
B080,BGEM-0087-N,2144.0,44.0,3.0,2.0,1.0,Inbred,LN,2022.0,BGEM_Tall_late,0.0,1.0,67.637012478335,7.47782124504884,83.82707686019859,174.467706994917,212.30688996001203
B081,BGEM-0088-N,2220.0,20.0,5.0,2.0,1.0,Inbred,LN,2022.0,BGEM_Short_late,0.0,1.0,73.8741130709372,7.98897236875663,67.0397107111745,142.34347422751998,174.305283240303
B082,BGEM-0089-N,2214.0,14.0,5.0,2.0,1.0,Inbred,LN,2022.0,BGEM_Short_late,0.0,1.0,68.34933246283781,7.25718911191556,53.32154485806971,129.431011296901,160.524414137116
B083,BGEM-0090-N,2315.0,15.0,7.0,2.0,1.0,Inbred,LN,2022.0,BGEM_Short_late,0.0,2.0,67.6154308153848,7.07315993878017,56.4371636696856,140.803271286617,180.49159131095402
B085,BGEM-0095-S,2123.0,23.0,3.0,2.0,1.0,Inbred,LN,2022.0,BGEM_Short_early,0.0,2.0,66.25578604952341,7.98897236875663,59.0878004300579,128.261618767839,159.944210933437
B086,BGEM-0097-S,2318.0,18.0,7.0,2.0,1.0,Inbred,LN,2022.0,BGEM_Short_late,0.0,1.0,65.2846112167653,8.26584589409835,46.718162214987494,127.38150280160801,160.607029655292
B087,BGEM-0099-S,2025.0,25.0,1.0,2.0,1.0,Inbred,LN,2022.0,BGEM_Short_early,0.0,2.0,67.6154308153848,7.83988662434186,66.8188243144768,139.70312632883002,177.61937684958
B090,BGEM-0107-N,2223.0,23.0,5.0,2.0,1.0,Inbred,LN,2022.0,BGEM_Short_late,0.0,1.0,65.3061928797155,8.52142145595224,65.9352787276861,154.665097754741,189.108234695074
B091,BGEM-0108-S,2308.0,8.0,7.0,2.0,1.0,Inbred,LN,2022.0,BGEM_Short_late,0.0,2.0,71.0253335615133,7.71209884341491,60.8548916036394,140.803271286617,178.724074719339
B092,BGEM-0110-N,2298.0,48.0,6.0,2.0,1.0,Inbred,LN,2022.0,BGEM_Tall_early,0.0,2.0,67.0974709045805,6.32773121670632,53.56564051261579,159.505735569006,196.178301061531
B093,BGEM-0111-S,2107.0,7.0,3.0,2.0,1.0,Inbred,LN,2022.0,BGEM_Short_early,0.0,1.0,64.0976197545054,6.391625107169791,50.9150037522435,141.683387252847,185.131322363941
B094,BGEM-0112-S,2074.0,24.0,2.0,2.0,1.0,Inbred,LN,2022.0,BGEM_Short_early,0.0,1.0,67.8528291078368,6.774988449950629,61.7384371904301,148.50428599113002,194.189844895965
B095,BGEM-0113-S,2004.0,4.0,1.0,2.0,1.0,Inbred,LN,2022.0,BGEM_Short_early,0.0,2.0,67.9823190855379,6.94537215785323,61.296664397034704,155.105155737856,194.85266361781999
B096,BGEM-0114-S,2021.0,21.0,1.0,2.0,1.0,Inbred,LN,2022.0,BGEM_Short_early,0.0,1.0,69.3419638513992,7.690800879927091,55.5536180828949,144.10370615998002,183.363805772327
B097,BGEM-0115-S,2160.0,10.0,4.0,2.0,1.0,Inbred,LN,2022.0,BGEM_Short_early,0.0,1.0,65.004049598413,7.05186197529235,60.19223241354629,147.184112041785,191.09669086064
B098,BGEM-0116-S,2154.0,4.0,4.0,2.0,1.0,Inbred,LN,2022.0,BGEM_Short_early,0.0,1.0,62.522158359142196,6.8175843769262805,59.0878004300579,144.543764143095,184.46850364208598
B099,BGEM-0117-S,2062.0,12.0,2.0,2.0,1.0,Inbred,LN,2022.0,BGEM_Short_early,0.0,1.0,64.87455962071189,7.030564011804531,52.682094925825005,143.443619185307,183.142866198375
B100,BGEM-0118-S,2012.0,12.0,1.0,2.0,1.0,Inbred,LN,2022.0,BGEM_Short_early,0.0,1.0,65.5220095092173,6.881478267389751,53.7865269093134,148.064228008015,192.201388730399
B102,BGEM-0122-N,2236.0,36.0,5.0,2.0,1.0,Inbred,LN,2022.0,BGEM_Tall_early,0.0,1.0,63.773894810252706,7.030564011804531,63.06375557061621,147.404141033343,182.92192662442298
B103,BGEM-0123-N,2060.0,10.0,2.0,2.0,1.0,Inbred,LN,2022.0,BGEM_Short_early,0.0,1.0,59.7597055015191,7.2222456831949495,62.1802099838254,136.622720447024,167.898035595701
B104,BGEM-0124-N,2141.0,41.0,3.0,2.0,1.0,Inbred,LN,2022.0,BGEM_Tall_late,0.0,1.0,66.3636943642743,7.307437537146241,72.1200978352213,174.027649011802,216.946621012999
B105,BGEM-0125-N,2197.0,47.0,4.0,2.0,1.0,Inbred,LN,2022.0,BGEM_Tall_early,0.0,1.0,61.55098352638411,7.98897236875663,74.3289618021981,154.665097754741,190.654811712736
B107,BGEM-0129-N,2110.0,10.0,3.0,2.0,1.0,Inbred,LN,2022.0,BGEM_Short_early,0.0,2.0,66.6442559826267,8.35103774804965,64.1681875541046,132.002111624316,168.560854317557
B109,BGEM-0131-N,2135.0,35.0,3.0,2.0,1.0,Inbred,LN,2022.0,BGEM_Tall_late,0.0,1.0,64.52925301350899,7.58431106248796,63.5055283640116,142.563503219077,175.851860257966
B110,BGEM-0133-S,2348.0,48.0,7.0,2.0,1.0,Inbred,LN,2022.0,BGEM_Tall_early,0.0,2.0,69.9030870881039,7.946376441780981,65.49350593429071,148.944343974245,186.898838955556
B111,BGEM-0134-S,2096.0,46.0,2.0,2.0,1.0,Inbred,LN,2022.0,BGEM_Tall_late,0.0,1.0,71.2843135169155,9.28814814151392,87.5821456040592,182.168721699431,222.249170787842
B112,BGEM-0136-S,2009.0,9.0,1.0,2.0,1.0,Inbred,LN,2022.0,BGEM_Short_early,0.0,1.0,60.791576010821,8.147862312465639,61.827482823557204,126.32458939906701,162.442574916377
B113,BGEM-0137-S,2103.0,3.0,3.0,2.0,1.0,Inbred,LN,2022.0,BGEM_Short_early,0.0,2.0,68.0254824114382,8.50012349246442,55.995390876290294,144.763793134652,185.794141085797
B114,BGEM-0138-S,2247.0,47.0,5.0,2.0,1.0,Inbred,LN,2022.0,BGEM_Tall_early,0.0,1.0,69.4714538291003,7.45652328156102,73.00364342201199,158.625619602776,201.922729984277
B115,BGEM-0140-N,2005.0,5.0,1.0,2.0,1.0,Inbred,LN,2022.0,BGEM_Short_early,1.0,1.25,67.399614185883,7.200947719707121,57.541595653174106,143.443619185307,188.445415973218
B117,BGEM-0143-N,2291.0,41.0,6.0,2.0,1.0,Inbred,LN,2022.0,BGEM_Tall_early,0.0,2.0,70.507373650709,7.243543646682769,73.00364342201199,152.244778847608,190.43387213878398
B118,BGEM-0144-N,2189.0,39.0,4.0,2.0,1.0,Inbred,LN,2022.0,BGEM_Tall_early,0.0,1.0,60.342410401174,7.626906989463611,79.18846252954721,158.185561619661,198.608636375001
B119,BGEM-0145-N,2234.0,34.0,5.0,2.0,1.0,Inbred,LN,2022.0,BGEM_Tall_early,0.0,1.0,65.8673161164202,6.37032714368197,58.6460276366625,134.202401539892,164.804881560376
B120,BGEM-0146-N,2239.0,39.0,5.0,2.0,1.0,Inbred,LN,2022.0,BGEM_Tall_early,0.0,2.0,66.557929330826,6.37032714368197,73.6663026121051,183.048837665661,223.35386865760103
B121,BGEM-0147-S,2299.0,49.0,6.0,2.0,1.0,Inbred,LN,2022.0,BGEM_Tall_early,0.0,1.0,72.38497832737471,8.840890908269609,70.5738930583375,165.00646035794398,201.03897168847
B122,BGEM-0148-S,2227.0,27.0,5.0,2.0,1.0,Inbred,LN,2022.0,BGEM_Tall_early,0.0,1.0,73.22666318243171,7.73339680690273,54.228299702708796,154.885126746298,193.96890532201303
B123,BGEM-0149-S,2158.0,8.0,4.0,2.0,1.0,Inbred,LN,2022.0,BGEM_Short_early,0.0,1.0,68.91744886404621,8.815695312082608,60.24471226644871,146.365018999011,185.40264752622502
B124,BGEM-0150-S,2151.0,1.0,4.0,2.0,1.0,Inbred,LN,2022.0,BGEM_Short_early,0.0,1.0,58.1194991173054,6.58330677856021,45.6137302314991,119.251496599087,157.692215066063
B125,BGEM-0151-N,2264.0,14.0,6.0,2.0,1.0,Inbred,LN,2022.0,BGEM_Short_late,0.0,1.0,65.5651728351177,7.648204952951441,50.4732309588482,139.483097337272,172.97964579659302
B128,BGEM-0154-S,2101.0,1.0,3.0,2.0,1.0,Inbred,LN,2022.0,BGEM_Short_early,0.0,2.0,69.29880052549889,7.05186197529235,77.200484959268,152.244778847608,195.073603191772
B130,BGEM-0156-S,2292.0,42.0,6.0,2.0,1.0,Inbred,LN,2022.0,BGEM_Tall_early,0.0,1.0,66.6226743196765,7.77599273387838,60.8548916036394,132.002111624316,170.549310483123
B131,BGEM-0157-N,2312.0,12.0,7.0,2.0,1.0,Inbred,LN,2022.0,BGEM_Short_late,0.0,2.0,68.0254824114382,6.90277623087758,62.4010963805231,145.203851117767,177.840316423532
B132,BGEM-0158-S,2128.0,28.0,3.0,2.0,1.0,Inbred,LN,2022.0,BGEM_Tall_late,0.0,1.0,76.2696776584072,8.96867868919656,78.3049169427564,173.80762002024503,217.83037930880698
B134,BGEM-0159-S,2181.0,31.0,4.0,2.0,1.0,Inbred,LN,2022.0,BGEM_Tall_late,0.0,2.0,76.14018768070609,9.86319315568518,91.33721434791978,174.907764978032,213.85346697767397
B136,BGEM-0162-S,2156.0,6.0,4.0,2.0,1.0,Inbred,LN,2022.0,BGEM_Short_early,0.0,1.0,67.3780325229328,7.264841610170589,63.5055283640116,152.684836830723,190.875751286688
B137,BGEM-0164-S,2165.0,15.0,4.0,2.0,1.0,Inbred,LN,2022.0,BGEM_Short_late,0.0,2.0,68.21971737798991,7.626906989463611,54.228299702708796,139.483097337272,179.38689344119499
B138,BGEM-0165-S,2050.0,50.0,1.0,2.0,1.0,Inbred,LN,2022.0,BGEM_Tall_late,0.0,1.0,68.3276256927408,7.307437537146241,89.34923677764071,183.70892464033298,222.249170787842
B139,BGEM-0166-S,2032.0,32.0,1.0,2.0,1.0,Inbred,LN,2022.0,BGEM_Tall_late,0.0,1.0,88.2690822587076,8.180654040147049,80.29289451303559,177.988170859838,214.737225273481
B140,BGEM-0167-S,2120.0,20.0,3.0,2.0,1.0,Inbred,LN,2022.0,BGEM_Short_early,0.0,2.0,67.0974709045805,7.861184587829679,52.46120852912729,147.184112041785,184.247564068134
B142,BGEM-0170-S,2222.0,22.0,5.0,2.0,1.0,Inbred,LN,2022.0,BGEM_Short_late,0.0,1.0,69.2124738736982,8.73440109083049,56.658050066383296,133.54231456521902,173.421524944496
B143,BGEM-0172-S,2077.0,27.0,2.0,2.0,1.0,Inbred,LN,2022.0,BGEM_Tall_late,0.0,1.0,80.3701936189415,9.30944610500175,79.18846252954721,201.091214973377,240.587155425841
B144,BGEM-0173-S,2307.0,7.0,7.0,2.0,1.0,Inbred,LN,2022.0,BGEM_Short_late,0.0,2.0,69.3203821884491,6.79628641343846,58.8669140333602,135.302546497679,174.968101962159
B145,BGEM-0174-N,2215.0,15.0,5.0,2.0,1.0,Inbred,LN,2022.0,BGEM_Short_late,0.0,1.0,62.46231622363361,7.14611281304017,56.2877858736775,125.145740599071,157.692215066063
B146,BGEM-0175-S,2138.0,38.0,3.0,2.0,1.0,Inbred,LN,2022.0,BGEM_Tall_late,0.0,2.0,73.80936808208659,7.32873550063407,70.1321202649421,161.265967501466,200.818032114519
B147,BGEM-0178-S,2042.0,42.0,1.0,2.0,1.0,Inbred,LN,2022.0,BGEM_Tall_late,0.0,2.0,77.99621069442159,9.22425425105045,75.21250738898891,192.95014228574902,237.052122242612
B148,BGEM-0179-S,2017.0,17.0,1.0,2.0,1.0,Inbred,LN,2022.0,BGEM_Short_early,0.0,1.0,75.4711561292505,9.65021352080694,71.6783250418259,183.048837665661,224.90044567526402
B149,BGEM-0182-N,2250.0,50.0,5.0,2.0,1.0,Inbred,LN,2022.0,BGEM_Tall_early,0.0,1.0,64.4429263617083,6.711094559487161,71.2365522484305,173.80762002024503,212.30688996001203
B150,BGEM-0184-N,2059.0,9.0,2.0,2.0,1.0,Inbred,LN,2022.0,BGEM_Short_early,0.0,1.0,63.7091498214021,6.30643325321849,61.9593235871278,141.46335826128998,170.991189631027
B151,BGEM-0186-S,2323.0,23.0,7.0,2.0,1.0,Inbred,LN,2022.0,BGEM_Short_late,0.0,1.0,64.0328747656549,7.28613957365842,50.0314581654528,130.681937674971,164.804881560376
B152,BGEM-0187-S,2221.0,21.0,5.0,2.0,1.0,Inbred,LN,2022.0,BGEM_Short_late,0.0,1.0,71.5217118093675,7.435225318073191,52.019435735732,123.420980953573,155.525419454401
B153,BGEM-0188-S,2091.0,41.0,2.0,2.0,1.0,Inbred,LN,2022.0,BGEM_Tall_late,0.0,2.0,71.1548235392144,8.26584589409835,73.00364342201199,166.326634307289,210.31843379444598
B154,BGEM-0190-N,2257.0,7.0,6.0,2.0,1.0,Inbred,LN,2022.0,BGEM_Short_late,0.0,1.0,66.320531038374,6.987968084828879,54.670072496104204,128.261618767839,165.025821134328
B155,BGEM-0191-N,2253.0,3.0,6.0,2.0,1.0,Inbred,LN,2022.0,BGEM_Short_late,0.0,1.0,56.3868972679513,6.4782798134232,59.0576343486174,119.251496599087,150.566675290593
B160,BGEM-0197-S,2075.0,25.0,2.0,2.0,1.0,Inbred,LN,2022.0,BGEM_Short_early,0.0,1.0,72.8597749122787,7.47782124504884,67.2605971078722,149.824459940475,188.66635554716999
B161,BGEM-0198-S,2192.0,42.0,4.0,2.0,1.0,Inbred,LN,2022.0,BGEM_Tall_early,0.0,1.0,70.93900690971259,6.96667012134105,77.200484959268,164.566402374829,222.028231213891
B162,BGEM-0199-S,2235.0,35.0,5.0,2.0,1.0,Inbred,LN,2022.0,BGEM_Tall_early,0.0,1.0,63.6014572778241,7.554232979472769,69.74133560909979,156.188758998983,197.27854715200803
B163,BGEM-0200-S,2266.0,16.0,6.0,2.0,1.0,Inbred,LN,2022.0,BGEM_Short_late,0.0,1.0,59.9755221310209,7.98897236875663,83.60619046350091,152.904865822281,189.99199299088102
B165,BGEM-0202-N,2152.0,2.0,4.0,2.0,1.0,Inbred,LN,2022.0,BGEM_Short_early,0.0,1.0,57.8605191619032,6.37032714368197,61.9593235871278,119.680488097095,147.571594792137
B169,BGEM-0206-N,2198.0,48.0,4.0,2.0,1.0,Inbred,LN,2022.0,BGEM_Tall_early,0.0,1.0,55.5081179003336,6.83888234041411,77.200484959268,141.023300278175,177.840316423532
B170,BGEM-0207-N,2153.0,3.0,4.0,2.0,1.0,Inbred,LN,2022.0,BGEM_Short_early,0.0,1.0,59.9323588051206,6.711094559487161,64.3890739508023,129.141734734069,164.36300241247298
B171,BGEM-0208-N,2182.0,32.0,4.0,2.0,1.0,Inbred,LN,2022.0,BGEM_Tall_late,0.0,1.0,72.061253383122,7.66950291643926,111.09267019253001,208.57220068633302,242.133732443504
B173,BGEM-0210-N,2039.0,39.0,1.0,2.0,1.0,Inbred,LN,2022.0,BGEM_Tall_late,0.0,2.0,74.7373795889444,7.626906989463611,93.76696471159441,172.4874460709,214.51628569953
B175,BGEM-0212-N,2337.0,37.0,7.0,2.0,1.0,Inbred,LN,2022.0,BGEM_Tall_early,0.0,2.0,63.94654811385411,6.43422103414544,73.8871890088027,164.786431366387,197.28299893128997
B176,BGEM-0213-S,2085.0,35.0,2.0,2.0,1.0,Inbred,LN,2022.0,BGEM_Tall_late,0.0,1.0,67.1190525675307,7.98897236875663,96.41760147196659,178.868286826068,211.865010812108
B177,BGEM-0214-S,2018.0,18.0,1.0,2.0,1.0,Inbred,LN,2022.0,BGEM_Short_early,0.0,2.0,71.1548235392144,8.60661330990354,67.48148350456991,143.663648176865,188.22447639926602
B180,BGEM-0217-S,2248.0,48.0,5.0,2.0,1.0,Inbred,LN,2022.0,BGEM_Tall_early,0.0,1.0,72.34181500147429,7.73339680690273,69.6903474715467,147.844199016458,183.142866198375
B181,BGEM-0218-S,2302.0,2.0,7.0,2.0,1.0,Inbred,LN,2022.0,BGEM_Short_late,0.0,1.0,62.2344880127956,7.4429274795366105,63.805946019942894,143.22142219902,181.44401431763
B182,BGEM-0219-S,2111.0,11.0,3.0,2.0,1.0,Inbred,LN,2022.0,BGEM_Short_early,0.0,2.0,71.0684968874137,8.28714385758617,59.7504596201509,142.34347422751998,184.910382789989
B183,BGEM-0220-S,2172.0,22.0,4.0,2.0,1.0,Inbred,LN,2022.0,BGEM_Short_late,0.0,2.0,68.716095625844,8.26584589409835,71.2365522484305,156.20530069564302,198.166757227097
B185,BGEM-0222-S,2022.0,22.0,1.0,2.0,1.0,Inbred,LN,2022.0,BGEM_Short_early,0.0,2.0,66.1047144088722,9.73540537475824,72.34098423191901,153.56495279695298,193.96890532201303
B186,BGEM-0223-N,2142.0,42.0,3.0,2.0,1.0,Inbred,LN,2022.0,BGEM_Tall_late,0.0,1.0,68.6516492847351,8.40757514565001,67.7628724127142,142.042573399023,179.464697713333
B187,BGEM-0224-N,2270.0,20.0,6.0,2.0,1.0,Inbred,LN,2022.0,BGEM_Short_late,0.0,2.0,66.96798092687939,7.69080087992708,63.947301157406905,127.82156078472401,164.804881560376
B188,BGEM-0225-N,2224.0,24.0,5.0,2.0,1.0,Inbred,LN,2022.0,BGEM_Short_late,0.0,1.0,66.320531038374,7.371331427609721,65.9352787276861,141.243329269732,184.247564068134
B189,BGEM-0226-S,2225.0,25.0,5.0,2.0,1.0,Inbred,LN,2022.0,BGEM_Short_late,0.0,1.0,67.05430757868011,8.0528662592201,54.8909588928019,134.202401539892,169.665552187316
B190,BGEM-0227-N,2121.0,21.0,3.0,2.0,1.0,Inbred,LN,2022.0,BGEM_Short_early,0.0,2.0,70.744771943161,8.180654040147049,68.806801884756,133.982372548334,174.968101962159
B191,BGEM-0228-N,2171.0,21.0,4.0,2.0,1.0,Inbred,LN,2022.0,BGEM_Short_late,0.0,2.0,66.2342043865733,6.96667012134105,70.1321202649421,153.124894813838,184.46850364208598
B194,BGEM-0231-N,2038.0,38.0,1.0,2.0,1.0,Inbred,LN,2022.0,BGEM_Tall_late,0.0,1.0,79.7659070563364,6.668498632511509,69.6903474715467,158.845648594334,194.631724043868
B195,BGEM-0233-S,2140.0,40.0,3.0,2.0,1.0,Inbred,LN,2022.0,BGEM_Tall_late,0.0,2.0,74.4352363076419,7.28613957365842,84.71062244698929,183.92895363189098,225.342324823167
B197,BGEM-0236-S,2190.0,40.0,4.0,2.0,1.0,Inbred,LN,2022.0,BGEM_Tall_early,0.0,1.0,68.0902274002888,7.92507847829316,80.73466730643099,151.364662881378,188.22447639926602
B198,BGEM-0237-N,2034.0,34.0,1.0,2.0,1.0,Inbred,LN,2022.0,BGEM_Tall_late,0.0,2.0,67.9391557596375,7.200947719707121,87.5821456040592,164.346373383272,200.818032114519
B201,BGEM-0242-N,2163.0,13.0,4.0,2.0,1.0,Inbred,LN,2022.0,BGEM_Short_late,0.0,1.0,62.7595566515942,7.0092660483167,52.46120852912729,126.94144481849301,165.025821134328
B202,BGEM-0243-S,2240.0,40.0,5.0,2.0,1.0,Inbred,LN,2022.0,BGEM_Tall_early,0.0,2.0,66.2773677124736,8.28714385758617,69.4694610748491,157.525474644988,193.96890532201303
B204,BGEM-0246-N,2175.0,25.0,4.0,2.0,1.0,Inbred,LN,2022.0,BGEM_Short_late,0.0,2.0,64.3350180469574,6.37032714368197,53.7865269093134,145.203851117767,181.15441003280898
B205,BGEM-0247-N,2304.0,4.0,7.0,2.0,1.0,Inbred,LN,2022.0,BGEM_Short_late,0.0,2.0,66.4284393531249,5.6674943485837606,54.0074133060111,118.140285156193,150.885688401413
B206,BGEM-0248-N,2344.0,44.0,7.0,2.0,1.0,Inbred,LN,2022.0,BGEM_Tall_early,0.0,2.0,69.3203821884491,8.26584589409835,83.3853040668032,176.227938927378,225.784203971071
B207,BGEM-0250-S,2083.0,33.0,2.0,2.0,1.0,Inbred,LN,2022.0,BGEM_Tall_late,0.0,1.0,79.4206004491335,8.03156829573228,84.2688496535939,182.38875069098802,217.60943973485502
B209,BGEM-0252-S,2095.0,45.0,2.0,2.0,1.0,Inbred,LN,2022.0,BGEM_Tall_late,0.0,1.0,75.1474311849978,8.64920923687919,79.18846252954721,175.567851952705,218.93507717856602
B210,BGEM-0253-N,2113.0,13.0,3.0,2.0,1.0,Inbred,LN,2022.0,BGEM_Short_early,0.0,2.0,68.2844623668404,7.307437537146241,61.9593235871278,141.243329269732,175.851860257966
B211,BGEM-0254-S,2341.0,41.0,7.0,2.0,1.0,Inbred,LN,2022.0,BGEM_Tall_early,0.0,2.0,68.8024222776447,8.0528662592201,67.2605971078722,163.24622842548402,193.306086600158
B212,BGEM-0255-S,2054.0,4.0,2.0,2.0,1.0,Inbred,LN,2022.0,BGEM_Short_early,0.0,2.0,67.18379755638121,8.47882552897659,78.3049169427564,153.344923805396,188.22447639926602
B214,BGEM-0257-S,2146.0,46.0,3.0,2.0,1.0,Inbred,LN,2022.0,BGEM_Tall_late,0.0,1.0,68.8671672664953,8.0528662592201,65.0517331408954,151.80472086449302,169.223673039412
B215,BGEM-0258-S,2293.0,43.0,6.0,2.0,1.0,Inbred,LN,2022.0,BGEM_Tall_early,0.0,1.0,62.5437400220924,8.54271941944006,56.4371636696856,132.222140615874,160.607029655292
B225,BGEM-0270-S,2271.0,21.0,6.0,2.0,1.0,Inbred,LN,2022.0,BGEM_Short_late,0.0,2.0,74.1330930263393,7.35003346412189,71.2365522484305,160.825909518351,200.155213392663
B226,BGEM-0272-S,2282.0,32.0,6.0,2.0,1.0,Inbred,LN,2022.0,BGEM_Tall_early,,,65.8241527905198,8.69180516385484,63.2846419673139,153.124894813838,192.201388730399
B231,BGEM-0280-S,2200.0,50.0,4.0,2.0,1.0,Inbred,LN,2022.0,BGEM_Tall_early,0.0,1.0,74.6510529371437,9.73540537475824,72.56187062861659,153.124894813838,194.631724043868
B236,BGEM-0285-N,2319.0,19.0,7.0,2.0,1.0,Inbred,LN,2022.0,BGEM_Short_late,0.0,1.0,68.9319122553458,6.391625107169791,78.3049169427564,155.545213720971,192.201388730399
B238,BGEM-0287-N,2305.0,5.0,7.0,2.0,1.0,Inbred,LN,2022.0,BGEM_Short_late,0.0,2.0,62.0905251001386,6.26383732624284,60.8548916036394,132.662198598989,164.804881560376
B239,BGEM-0288-S,2217.0,17.0,5.0,2.0,1.0,Inbred,LN,2022.0,BGEM_Short_late,0.0,1.0,73.852531407987,8.69180516385484,86.03594082717541,169.84709817221,211.64407123815602
B243,BGEM-0292-S,2028.0,28.0,1.0,2.0,1.0,Inbred,LN,2022.0,BGEM_Tall_late,0.0,2.0,70.8958435838123,7.1796497562193,60.6340052069417,158.405590611219,193.306086600158
B246,BGEM-0295-S,2226.0,26.0,5.0,2.0,1.0,Inbred,LN,2022.0,BGEM_Tall_early,0.0,1.0,71.97492673132129,7.90378051480533,69.4694610748491,166.546663298847,214.51628569953
B247,BGEM-0296-S,2262.0,12.0,6.0,2.0,1.0,Inbred,LN,2022.0,BGEM_Short_late,0.0,1.0,66.0399694200216,8.43622960200094,52.682094925825005,134.202401539892,171.87494792683398
B248,BGEM-0297-N,2310.0,10.0,7.0,2.0,1.0,Inbred,LN,2022.0,BGEM_Short_late,0.0,2.0,71.56487513526791,8.26584589409835,73.8871890088027,156.425329687201,193.08514702620602
B251,BGEM-0300-S,2230.0,30.0,5.0,2.0,1.0,Inbred,LN,2022.0,BGEM_Tall_early,0.0,1.0,70.5937003025097,8.670507200367009,75.8751665790819,163.46625741704202,204.79494444565103
B252,BGEM-0301-S,2329.0,29.0,7.0,2.0,1.0,Inbred,LN,2022.0,BGEM_Tall_early,0.0,1.0,71.7653014995223,7.07190914641607,84.77765590163071,162.083002998966,200.84131703974302
B254,BGEM-0302-S,2233.0,33.0,5.0,2.0,1.0,Inbred,LN,2022.0,BGEM_Tall_early,0.0,1.0,72.70870327162741,7.07315993878017,45.6137302314991,134.862488514564,177.840316423532
B257,BGEM-0305-S,2213.0,13.0,5.0,2.0,1.0,Inbred,LN,2022.0,BGEM_Short_late,0.0,1.0,65.608336161018,5.39062082324204,52.2403221324296,127.601531793166,165.909579430135
B259,BGEM-0307-S,2094.0,44.0,2.0,2.0,1.0,Inbred,LN,2022.0,BGEM_Tall_late,0.0,1.0,70.1189037176058,8.840890908269609,74.5498481988958,162.366112459254,209.87655464654202
B261,BGEM-0309-S,2130.0,30.0,3.0,2.0,1.0,Inbred,LN,2022.0,BGEM_Tall_late,0.0,2.0,67.6154308153848,7.435225318073191,67.0397107111745,177.32808388516497,222.691049935746
B262,BGEM-0310-S,2119.0,19.0,3.0,2.0,1.0,Inbred,LN,2022.0,BGEM_Short_early,0.0,2.0,72.4497233162252,7.563013099000139,63.947301157406905,152.46480783916599,192.42232830435
B265,BGEM-0313-S,2276.0,26.0,6.0,2.0,1.0,Inbred,LN,2022.0,BGEM_Tall_early,0.0,2.0,69.7088521215523,8.58531534641572,71.8992114385236,165.226489349502,206.120581889362
B267,BGEM-0315-S,2295.0,45.0,6.0,2.0,1.0,Inbred,LN,2022.0,BGEM_Tall_early,0.0,2.0,60.342410401174,7.30743753714625,53.3447541159181,146.083967083998,182.25910790256802
B268,BGEM-0316-S,2321.0,21.0,7.0,2.0,1.0,Inbred,LN,2022.0,BGEM_Short_late,0.0,1.0,72.40655999032491,7.1370538292436505,56.4371636696856,150.704575906705,194.85266361781999
B273,BGEM-0321-S,2002.0,2.0,1.0,2.0,1.0,Inbred,LN,2022.0,BGEM_Short_early,0.0,1.0,67.2269608822816,7.71209884341491,52.46120852912729,135.302546497679,172.316827074737
B274,BGEM-0322-S,2313.0,13.0,7.0,2.0,1.0,Inbred,LN,2022.0,BGEM_Short_late,0.0,2.0,70.507373650709,8.010270332244449,58.4251412399648,150.26451792359,190.875751286688
B276,BGEM-0324-N,2137.0,37.0,3.0,2.0,1.0,Inbred,LN,2022.0,BGEM_Tall_late,0.0,2.0,71.7159467759191,8.92608276222091,72.7827570253143,163.90631540015698,191.53857000854302
B277,BGEM-0325-N,2047.0,47.0,1.0,2.0,1.0,Inbred,LN,2022.0,BGEM_Tall_late,1.0,1.5,75.2985028256491,8.41493163851312,70.3530066616398,174.467706994917,218.05131888275798
B280,BGEM-0328-S,2099.0,49.0,2.0,2.0,1.0,Inbred,LN,2022.0,BGEM_Tall_late,0.0,1.0,74.0036030486382,8.840890908269609,101.277102199316,195.810519175997,241.029034573745
B283,BGEM-0101-S,2267.0,17.0,6.0,2.0,1.0,Inbred,LN,2022.0,BGEM_Short_late,0.0,1.0,70.33472034710749,7.32873550063407,63.06375557061621,137.502836413254,164.804881560376
B287,BGEM-0171-S,2191.0,41.0,4.0,2.0,1.0,Inbred,LN,2022.0,BGEM_Tall_early,0.0,1.0,73.50722480078409,7.77599273387838,68.3650290913606,148.944343974245,191.53857000854302
B288,BGEM-0147-S,2299.0,49.0,6.0,2.0,1.0,Inbred,LN,2022.0,BGEM_Tall_early,0.0,1.0,72.38497832737471,8.840890908269609,70.5738930583375,165.00646035794398,201.03897168847
B292,BGEM-0106-N,2043.0,43.0,1.0,2.0,1.0,Inbred,LN,2022.0,BGEM_Tall_late,0.0,2.0,72.3633966644245,7.11575586575583,81.397326496524,184.809069598121,224.016687379457
B297,BGEM-0238-N,2145.0,45.0,3.0,2.0,1.0,Inbred,LN,2022.0,BGEM_Tall_late,0.0,1.0,72.9245199011292,9.05387054314785,85.8150544304777,152.244778847608,194.189844895965
B298,BGEM-0053-S,2283.0,33.0,6.0,2.0,1.0,Inbred,LN,2022.0,BGEM_Tall_early,0.0,2.0,63.6659864955018,6.75369048646281,82.9435312734078,149.604430948918,179.828772589098
B299,BGEM-0245-S,2027.0,27.0,1.0,2.0,1.0,Inbred,LN,2022.0,BGEM_Tall_late,0.0,2.0,72.2554883496736,9.0112746161722,65.49350593429071,164.346373383272,204.353065297747
B300,BGEM-0084-S,2265.0,15.0,6.0,2.0,1.0,Inbred,LN,2022.0,BGEM_Short_late,0.0,1.0,67.3564508599826,7.73339680690273,58.204254843267094,144.543764143095,183.80568492023102
B302,BGEM-0058-N,2194.0,44.0,4.0,2.0,1.0,Inbred,LN,2022.0,BGEM_Tall_early,0.0,1.0,69.2556371995985,7.648204952951441,92.4416463314083,172.047388087785,202.585548706133
B303,BGEM-0109-N,2019.0,19.0,1.0,2.0,1.0,Inbred,LN,2022.0,BGEM_Short_early,0.0,2.0,52.9614816722122,6.86018030390193,54.8909588928019,134.862488514564,164.142062838521
B304,BGEM-0029-S,2256.0,6.0,6.0,2.0,1.0,Inbred,LN,2022.0,BGEM_Short_late,0.0,1.0,65.3101688591098,7.665538479408929,49.165318366689206,125.145740599071,157.296351745204
B305,BGEM-0105-N,2342.0,42.0,7.0,2.0,1.0,Inbred,LN,2022.0,BGEM_Tall_early,0.0,2.0,70.0973220546556,6.987968084828879,65.0517331408954,164.126344391714,203.248367427988
B306,BGEM-0168-S,2149.0,49.0,3.0,2.0,1.0,Inbred,LN,2022.0,BGEM_Tall_late,0.0,1.0,78.6868239088274,7.200947719707121,97.522033455455,181.728663716316,222.911989509698
B307,BGEM-0183-N,2084.0,34.0,2.0,2.0,1.0,Inbred,LN,2022.0,BGEM_Tall_late,0.0,1.0,71.9965083942715,7.9676744052688,76.09605297577959,180.188460775413,205.236823593554
B308,BGEM-0163-S,2303.0,3.0,7.0,2.0,1.0,Inbred,LN,2022.0,BGEM_Short_late,0.0,1.0,61.55098352638411,7.243543646682769,58.4251412399648,131.121995658086,159.944210933437
B309,BGEM-0076-S,2328.0,28.0,7.0,2.0,1.0,Inbred,LN,2022.0,BGEM_Tall_early,0.0,1.0,62.5653216850426,8.07416422270793,74.1080754055004,152.904865822281,189.99199299088102
B310,BGEM-0180-S,2102.0,2.0,3.0,2.0,1.0,Inbred,LN,2022.0,BGEM_Short_early,0.0,1.0,71.1548235392144,7.28613957365842,55.995390876290294,139.483097337272,165.467700282232
B311,BGEM-0181-N,2168.0,18.0,4.0,2.0,1.0,Inbred,LN,2022.0,BGEM_Short_late,0.0,2.0,63.1911899105978,7.0092660483167,71.01566585173279,150.26451792359,184.910382789989
B312,BGEM-0121-N,2177.0,27.0,4.0,2.0,1.0,Inbred,LN,2022.0,BGEM_Tall_late,0.0,2.0,76.5934026026599,9.33074406848957,85.8150544304777,178.868286826068,220.923533344132
B313,BGEM-0251-S,2336.0,36.0,7.0,2.0,1.0,Inbred,LN,2022.0,BGEM_Tall_early,0.0,2.0,74.21941967814,7.861184587829679,66.8188243144768,158.405590611219,199.934273818711
B314,BGEM-0189-S,2290.0,40.0,6.0,2.0,1.0,Inbred,LN,2022.0,BGEM_Tall_early,0.0,2.0,69.9246687510541,7.71209884341491,71.6783250418259,167.426779265077,201.03897168847
B315,BGEM-0249-N,2164.0,14.0,4.0,2.0,1.0,Inbred,LN,2022.0,BGEM_Short_late,0.0,2.0,62.8890466292953,6.09345361834025,64.3890739508023,145.643909100883,175.40998111006198
