UID,X350,X360,X370,X380,X390,X400,X410,X420,X430,X440,X450,X460,X470,X480,X490,X500,X510,X520,X530,X540,X550,X560,X570,X580,X590,X600,X610,X620,X630,X640,X650,X660,X670,X680,X690,X700,X710,X720,X730,X740
B001,,0.016,0.021,0.038,0.011,0.044,0.061,0.072,0.091,0.094,0.111,0.133,0.147,0.146,0.158,0.186,0.21,0.205,0.191,0.184,0.18,0.183,0.196,0.209,0.215,0.219,0.222,0.223,0.223,0.227,0.228,0.205,0.164,0.153,0.198,0.187,0.138,0.118,0.106,0.08
B002,0.038,0.013,0.029,0.032,0.017,0.023,0.037,0.047,0.05,0.053,0.062,0.078,0.084,0.087,0.097,0.132,0.186,0.238,0.269,0.279,0.283,0.287,0.285,0.275,0.267,0.261,0.248,0.229,0.223,0.214,0.183,0.146,0.1,0.09,0.154,0.268,0.276,0.214,0.138,0.071
B003,0.017,0.012,0.027,0.025,0.026,0.044,0.057,0.071,0.075,0.076,0.091,0.105,0.107,0.109,0.12,0.151,0.199,0.246,0.269,0.274,0.274,0.275,0.274,0.264,0.254,0.249,0.239,0.223,0.216,0.206,0.179,0.155,0.119,0.114,0.166,0.255,0.249,0.186,0.111,0.052
B004,0.015,0.01,0.01,0.019,0.018,0.015,0.019,0.016,0.016,0.013,0.007,0.014,0.012,0.012,0.013,0.019,0.032,0.052,0.064,0.067,0.066,0.066,0.061,0.054,0.048,0.045,0.04,0.032,0.029,0.024,0.014,0.01,0.008,0.013,0.018,0.04,0.039,0.015,-0.007,-0.017
B005,0.007,0.017,0.045,0.018,0.015,0.021,0.029,0.039,0.047,0.051,0.067,0.08,0.085,0.082,0.098,0.138,0.189,0.245,0.28,0.296,0.302,0.305,0.299,0.284,0.273,0.267,0.251,0.229,0.221,0.214,0.184,0.143,0.095,0.081,0.14,0.25,0.277,0.218,0.132,0.061
B006,0.019,0.024,0.039,0.017,0.029,0.039,0.052,0.066,0.079,0.077,0.099,0.113,0.117,0.115,0.132,0.171,0.221,0.258,0.261,0.256,0.252,0.253,0.26,0.261,0.258,0.255,0.249,0.238,0.233,0.224,0.199,0.172,0.131,0.126,0.19,0.259,0.228,0.166,0.105,0.057
B007,0.004,0.005,0.019,-0.004,0.004,-0.022,-0.018,-0.02,-0.019,-0.023,-0.033,-0.04,-0.041,-0.043,-0.049,-0.065,-0.08,-0.092,-0.094,-0.091,-0.091,-0.09,-0.091,-0.09,-0.088,-0.087,-0.084,-0.08,-0.078,-0.077,-0.071,-0.058,-0.04,-0.031,-0.049,-0.078,-0.075,-0.054,-0.027,-0.004
B008,0.012,0.039,0.038,0.034,0.037,0.062,0.08,0.118,0.141,0.147,0.177,0.202,0.208,0.208,0.233,0.29,0.373,,,0.482,,,,,,,,,,,,0.324,0.24,0.212,0.307,,0.424,0.266,0.129,0.045
B009,-0.006,-0.019,-0.008,-0.005,0.001,0.011,0.03,0.035,0.048,0.049,0.064,0.075,0.08,0.08,0.093,0.128,0.189,0.266,0.307,0.32,0.325,0.328,0.323,0.307,0.293,0.284,0.267,0.242,0.232,0.217,0.177,0.138,0.091,0.078,0.139,0.284,0.304,0.23,0.14,0.068
B010,-0.009,0.015,0.017,0.021,0.019,0.029,0.027,0.05,0.059,0.061,0.067,0.076,0.075,0.078,0.088,0.111,0.134,0.158,0.167,0.169,0.17,0.171,0.17,0.166,0.162,0.159,0.153,0.146,0.143,0.138,0.125,0.109,0.086,0.08,0.111,0.156,0.158,0.124,0.077,0.038
B011,-0.014,-0.017,-0.032,-0.029,-0.037,-0.054,-0.057,-0.059,-0.059,-0.058,-0.054,-0.049,-0.046,-0.043,-0.037,-0.013,0.032,0.084,0.116,0.127,0.131,0.131,0.125,0.112,0.101,0.095,0.083,0.065,0.058,0.048,0.022,-0.002,-0.029,-0.019,0.032,0.126,0.15,0.123,0.077,0.037
B012,-0.002,0.002,-0.007,-0.011,-0.019,-0.025,-0.028,-0.026,-0.024,-0.025,-0.021,-0.014,-0.009,-0.007,0.004,0.035,0.091,0.146,0.164,0.161,0.158,0.157,0.158,0.151,0.144,0.141,0.131,0.113,0.106,0.096,0.069,0.04,0.007,0.017,0.081,0.169,0.156,0.116,0.078,0.045
B013,0.017,0.04,0.037,0.024,0.012,0.011,0.031,0.039,0.046,0.049,0.055,0.059,0.062,0.061,0.068,0.078,0.097,0.125,0.136,0.138,0.139,0.141,0.143,0.139,0.134,0.131,0.125,0.115,0.111,0.106,0.093,0.079,0.062,0.055,0.07,0.125,0.131,0.092,0.049,0.019
B014,0.011,0.006,-0.017,0.008,-0.015,-0.005,0.008,0.017,0.021,0.027,0.042,0.06,0.067,0.069,0.088,0.138,0.215,0.284,0.306,0.306,0.305,0.308,0.312,0.307,0.299,0.293,0.281,0.259,0.25,0.235,0.195,0.148,0.084,0.079,0.174,0.299,0.262,0.173,0.095,0.041
B016,0.027,0.007,0.009,-0.01,-0.012,-0.013,-0.018,-0.021,-0.03,-0.033,-0.028,-0.025,-0.025,-0.024,-0.018,-0.001,0.026,0.05,0.058,0.056,0.053,0.052,0.051,0.046,0.042,0.039,0.035,0.026,0.023,0.016,0.001,-0.011,-0.024,-0.013,0.024,0.063,0.04,0.016,0.004,-0.002
B018,-0.019,-0.01,-0.031,-0.034,-0.039,-0.054,-0.059,-0.067,-0.068,-0.068,-0.068,-0.068,-0.066,-0.065,-0.064,-0.051,-0.029,-0.011,-0.006,-0.006,-0.006,-0.006,-0.006,-0.008,-0.01,-0.011,-0.016,-0.021,-0.024,-0.029,-0.04,-0.052,-0.064,-0.061,-0.037,-0.003,-0.005,-0.005,0.0,0.005
B019,0.002,0.005,0.025,0.037,0.013,0.036,0.047,0.059,0.068,0.066,0.079,0.084,0.089,0.088,0.098,0.119,0.145,0.167,0.174,0.177,0.177,0.18,0.185,0.184,0.18,0.177,0.174,0.166,0.162,0.154,0.136,0.122,0.098,0.092,0.127,0.177,0.162,0.12,0.08,0.045
B021,-0.009,0.002,-0.009,-0.023,-0.02,-0.024,-0.024,-0.018,-0.019,-0.021,-0.011,-0.006,-0.003,-0.002,0.006,0.033,0.078,0.124,0.143,0.145,0.146,0.146,0.143,0.135,0.128,0.124,0.114,0.099,0.093,0.084,0.06,0.034,0.002,0.0,0.052,0.138,0.145,0.112,0.072,0.038
B022,-0.007,-0.003,-0.007,-0.007,-0.014,-0.019,-0.015,-0.005,-0.004,-0.001,0.005,0.012,0.017,0.017,0.031,0.066,0.124,0.188,0.223,0.23,0.231,0.23,0.224,0.209,0.196,0.189,0.174,0.151,0.142,0.13,0.099,0.067,0.031,0.035,0.094,0.208,0.217,0.155,0.082,0.03
B023,-0.029,-0.011,-0.032,-0.037,-0.048,-0.055,-0.063,-0.068,-0.069,-0.068,-0.069,-0.069,-0.068,-0.067,-0.064,-0.052,-0.025,0.013,0.044,0.057,0.063,0.063,0.057,0.044,0.035,0.03,0.019,0.003,-0.002,-0.01,-0.03,-0.048,-0.062,-0.054,-0.024,0.05,0.066,0.048,0.024,0.007
B024,-0.042,-0.028,-0.013,-0.022,-0.017,-0.012,-0.024,-0.022,-0.025,-0.021,-0.014,-0.013,-0.015,-0.015,-0.011,0.001,0.029,0.078,0.11,0.118,0.119,0.118,0.104,0.087,0.074,0.067,0.058,0.045,0.04,0.029,0.009,0.002,-0.005,0.002,0.029,0.102,0.124,0.087,0.04,0.008
B025,-0.036,0.012,0.003,0.014,0.019,0.02,0.056,0.082,0.088,0.093,0.108,0.127,0.133,0.135,0.147,0.182,0.225,0.269,0.283,0.288,0.289,0.292,0.294,0.29,0.284,0.281,0.272,0.257,0.25,0.245,0.222,0.19,0.145,0.132,0.184,0.26,0.255,0.195,0.122,0.062
B026,0.016,0.009,-0.011,-0.012,-0.015,-0.03,-0.039,-0.049,-0.054,-0.062,-0.073,-0.087,-0.09,-0.093,-0.101,-0.117,-0.133,-0.129,-0.106,-0.091,-0.086,-0.088,-0.101,-0.115,-0.122,-0.125,-0.129,-0.133,-0.133,-0.134,-0.131,-0.118,-0.092,-0.079,-0.108,-0.106,-0.055,-0.036,-0.042,-0.045
B027,-0.023,-0.001,-0.011,-0.012,-0.017,-0.021,-0.004,0.026,0.043,0.047,0.07,0.091,0.099,0.102,0.122,0.173,0.25,0.327,0.363,0.373,0.377,0.383,0.387,0.378,0.366,0.359,0.343,0.316,0.305,0.289,0.243,0.192,0.122,0.107,0.202,0.363,0.35,0.243,0.135,0.058
B028,0.029,0.02,0.051,0.039,0.025,0.039,0.049,0.08,0.091,0.099,0.116,0.133,0.141,0.144,0.162,0.202,0.252,0.273,0.265,0.257,0.256,0.26,0.277,0.289,0.293,0.294,0.29,0.281,0.278,0.274,0.251,0.21,0.15,0.128,0.197,0.262,0.217,0.168,0.125,0.08
B029,0.013,-0.009,0.031,0.026,0.02,0.028,0.046,0.063,0.057,0.06,0.068,0.081,0.088,0.09,0.1,0.131,0.174,0.206,0.216,0.218,0.221,0.226,0.233,0.233,0.23,0.229,0.219,0.205,0.202,0.199,0.177,0.141,0.096,0.079,0.131,0.223,0.226,0.165,0.094,0.043
B030,-0.027,-0.022,-0.045,-0.054,-0.051,-0.075,-0.077,-0.087,-0.088,-0.09,-0.09,-0.089,-0.091,-0.089,-0.087,-0.079,-0.066,-0.058,-0.058,-0.062,-0.067,-0.072,-0.078,-0.083,-0.086,-0.087,-0.087,-0.087,-0.088,-0.093,-0.097,-0.093,-0.087,-0.065,-0.045,-0.057,-0.055,-0.023,0.01,0.021
B031,-0.007,-0.009,-0.025,-0.026,-0.03,-0.031,-0.02,0.002,0.009,0.018,0.03,0.043,0.046,0.048,0.06,0.095,0.151,0.208,0.24,0.252,0.258,0.263,0.266,0.258,0.248,0.241,0.228,0.206,0.199,0.185,0.145,0.112,0.069,0.066,0.136,0.268,0.263,0.181,0.092,0.033
B032,-0.017,0.002,0.0,0.002,-0.004,-0.013,-0.02,-0.016,-0.017,-0.013,-0.02,-0.017,-0.019,-0.019,-0.021,-0.022,-0.023,-0.021,-0.016,-0.013,-0.009,-0.008,-0.009,-0.011,-0.013,-0.013,-0.016,-0.018,-0.019,-0.018,-0.02,-0.026,-0.028,-0.032,-0.032,-0.017,0.0,0.005,0.002,0.0
B033,-0.002,-0.006,0.008,-0.001,-0.013,-0.024,-0.036,-0.03,-0.03,-0.034,-0.04,-0.049,-0.052,-0.053,-0.062,-0.079,-0.103,-0.12,-0.118,-0.116,-0.115,-0.117,-0.122,-0.125,-0.126,-0.125,-0.124,-0.119,-0.117,-0.115,-0.101,-0.084,-0.056,-0.045,-0.079,-0.118,-0.099,-0.071,-0.051,-0.035
B034,0.038,0.017,0.046,0.047,0.038,0.066,0.068,0.084,0.092,0.087,0.102,0.122,0.125,0.127,0.143,0.185,0.244,0.293,0.299,0.296,0.295,0.299,0.31,0.312,0.309,0.306,0.296,0.279,0.272,0.263,0.229,0.187,0.128,0.107,0.173,0.277,0.243,0.164,0.092,0.044
B035,-0.013,0.006,-0.001,-0.004,0.012,0.03,0.04,0.06,0.06,0.059,0.075,0.09,0.094,0.095,0.106,0.141,0.186,0.225,0.233,0.235,0.239,0.242,0.254,0.258,0.257,0.257,0.247,0.232,0.228,0.227,0.204,0.164,0.114,0.102,0.177,0.278,0.25,0.175,0.099,0.045
B036,-0.026,-0.028,-0.03,-0.049,-0.05,-0.06,-0.069,-0.071,-0.073,-0.076,-0.072,-0.07,-0.068,-0.067,-0.063,-0.045,-0.013,0.018,0.035,0.039,0.041,0.042,0.04,0.035,0.029,0.025,0.019,0.009,0.005,-0.004,-0.024,-0.038,-0.054,-0.046,-0.009,0.055,0.061,0.038,0.011,-0.005
B037,-0.005,-0.016,-0.019,-0.022,-0.018,-0.01,-0.003,0.017,0.02,0.022,0.034,0.045,0.047,0.051,0.061,0.091,0.128,0.163,0.175,0.177,0.177,0.182,0.189,0.189,0.184,0.181,0.176,0.165,0.16,0.148,0.12,0.099,0.063,0.056,0.104,0.186,0.177,0.126,0.072,0.034
B038,-0.015,-0.006,-0.02,-0.016,-0.027,-0.033,-0.026,-0.033,-0.028,-0.027,-0.022,-0.019,-0.021,-0.018,-0.015,-0.006,0.01,0.028,0.039,0.045,0.045,0.045,0.046,0.041,0.037,0.036,0.031,0.024,0.022,0.019,0.011,0.005,0.002,0.019,0.038,0.054,0.045,0.026,0.01,0.0
B039,0.002,0.006,-0.011,0.003,0.016,0.015,0.023,0.04,0.041,0.039,0.05,0.061,0.063,0.066,0.077,0.105,0.15,0.193,0.211,0.211,0.211,0.213,0.215,0.21,0.204,0.201,0.194,0.179,0.175,0.167,0.146,0.122,0.092,0.093,0.145,0.224,0.207,0.148,0.089,0.044
B040,0.058,0.012,0.022,0.038,0.019,0.037,0.06,0.087,0.093,0.087,0.106,0.12,0.127,0.128,0.142,0.178,0.236,0.288,0.3,0.299,0.298,0.301,0.308,0.304,0.297,0.293,0.279,0.259,0.25,0.243,0.21,0.168,0.116,0.099,0.156,0.248,0.195,0.116,0.062,0.029
B041,0.058,0.038,0.056,0.036,0.018,0.04,0.063,0.077,0.081,0.086,0.103,0.118,0.128,0.126,0.142,0.175,0.218,0.238,0.232,0.224,0.22,0.225,0.236,0.244,0.245,0.245,0.243,0.236,0.233,0.227,0.207,0.178,0.132,0.116,0.176,0.23,0.193,0.148,0.109,0.071
B042,-0.022,-0.03,-0.039,-0.058,-0.051,-0.077,-0.09,-0.114,-0.114,-0.119,-0.125,-0.129,-0.129,-0.129,-0.131,-0.13,-0.118,-0.091,-0.065,-0.055,-0.051,-0.054,-0.064,-0.079,-0.088,-0.092,-0.1,-0.111,-0.114,-0.118,-0.127,-0.131,-0.126,-0.109,-0.104,-0.069,-0.034,-0.027,-0.033,-0.033
B043,0.018,0.003,0.013,0.032,0.014,0.004,0.005,0.006,0.012,0.018,0.017,0.018,0.019,0.018,0.018,0.02,0.026,0.034,0.047,0.056,0.059,0.062,0.066,0.064,0.062,0.062,0.06,0.055,0.053,0.051,0.046,0.04,0.033,0.037,0.044,0.051,0.041,0.043,0.047,0.039
B044,0.034,0.025,0.025,0.026,0.014,0.021,0.027,0.037,0.031,0.028,0.039,0.049,0.05,0.052,0.063,0.091,0.132,0.173,0.189,0.192,0.193,0.193,0.192,0.185,0.178,0.174,0.165,0.152,0.147,0.14,0.119,0.095,0.068,0.07,0.114,0.182,0.188,0.144,0.087,0.042
B045,-0.008,0.004,-0.025,-0.011,-0.01,-0.03,-0.037,-0.039,-0.048,-0.045,-0.053,-0.053,-0.055,-0.056,-0.054,-0.049,-0.029,0.014,0.052,0.068,0.076,0.075,0.064,0.045,0.032,0.027,0.012,-0.005,-0.011,-0.016,-0.033,-0.048,-0.054,-0.051,-0.045,0.038,0.094,0.075,0.03,-0.001
B046,0.01,0.015,-0.004,0.008,0.009,0.013,0.021,0.036,0.038,0.046,0.056,0.068,0.071,0.072,0.082,0.105,0.146,0.176,0.183,0.182,0.181,0.184,0.187,0.186,0.182,0.179,0.174,0.164,0.161,0.154,0.133,0.114,0.085,0.083,0.129,0.186,0.172,0.129,0.083,0.045
B047,-0.004,-0.022,-0.031,-0.029,-0.039,-0.054,-0.053,-0.06,-0.052,-0.048,-0.04,-0.028,-0.028,-0.027,-0.014,0.02,0.081,0.163,0.218,0.239,0.248,0.25,0.24,0.215,0.197,0.187,0.166,0.135,0.124,0.111,0.071,0.032,-0.007,-0.007,0.056,0.222,0.272,0.205,0.111,0.043
B048,-0.016,0.003,0.008,0.008,0.015,0.014,0.039,0.053,0.059,0.063,0.072,0.087,0.088,0.089,0.095,0.107,0.114,0.1,0.082,0.076,0.075,0.078,0.095,0.109,0.116,0.12,0.124,0.126,0.126,0.129,0.13,0.117,0.092,0.081,0.101,0.083,0.038,0.032,0.038,0.033
B049,-0.012,-0.007,0.006,0.016,0.01,0.014,0.04,0.064,0.084,0.093,0.12,0.139,0.148,0.147,0.167,0.207,0.251,0.268,0.253,0.245,0.243,0.248,0.269,0.283,0.29,0.295,0.292,0.286,0.282,0.286,0.273,0.229,0.167,0.148,0.217,0.246,0.186,0.14,0.103,0.067
B050,0.009,0.019,0.02,0.007,0.011,0.024,0.019,0.034,0.049,0.053,0.071,0.087,0.094,0.096,0.109,0.143,0.194,0.242,0.259,0.262,0.261,0.266,0.273,0.271,0.264,0.261,0.254,0.237,0.23,0.222,0.195,0.162,0.117,0.111,0.174,0.26,0.234,0.175,0.122,0.075
B051,0.015,0.004,0.0,0.006,-0.003,-0.005,0.005,0.01,0.019,0.022,0.029,0.035,0.036,0.039,0.047,0.072,0.109,0.154,0.183,0.196,0.201,0.203,0.198,0.186,0.177,0.173,0.161,0.144,0.139,0.133,0.111,0.084,0.052,0.044,0.084,0.171,0.205,0.159,0.086,0.03
B052,0.018,0.003,-0.003,0.021,0.011,0.015,0.016,0.019,0.022,0.024,0.031,0.037,0.037,0.036,0.043,0.051,0.061,0.064,0.061,0.059,0.061,0.062,0.066,0.068,0.07,0.071,0.069,0.067,0.067,0.069,0.065,0.054,0.041,0.033,0.044,0.063,0.061,0.048,0.033,0.02
B053,0.018,0.028,0.04,0.032,0.01,0.006,0.011,0.014,0.025,0.017,0.017,0.017,0.022,0.018,0.02,0.022,0.018,0.017,0.02,0.024,0.026,0.026,0.027,0.026,0.027,0.027,0.024,0.022,0.023,0.028,0.029,0.023,0.02,0.012,0.005,0.01,0.025,0.016,-0.006,-0.018
B054,0.01,0.019,0.033,0.046,0.02,0.04,0.044,0.069,0.076,0.083,0.095,0.108,0.114,0.109,0.125,0.154,0.185,0.201,0.2,0.199,0.199,0.203,0.216,0.221,0.222,0.222,0.219,0.21,0.206,0.204,0.189,0.16,0.116,0.104,0.152,0.192,0.154,0.111,0.075,0.043
B055,-0.005,-0.019,-0.022,-0.03,-0.036,-0.055,-0.052,-0.052,-0.05,-0.048,-0.042,-0.031,-0.028,-0.027,-0.016,0.015,0.065,0.115,0.141,0.151,0.155,0.158,0.159,0.152,0.146,0.142,0.13,0.11,0.104,0.098,0.069,0.032,-0.01,-0.014,0.046,0.142,0.142,0.1,0.054,0.023
B056,-0.026,-0.007,0.007,0.003,-0.005,0.02,0.039,0.05,0.061,0.069,0.083,0.095,0.099,0.103,0.11,0.131,0.158,0.181,0.191,0.194,0.194,0.197,0.198,0.196,0.193,0.19,0.188,0.18,0.177,0.171,0.16,0.145,0.121,0.119,0.154,0.194,0.181,0.145,0.106,0.065
B057,0.014,0.018,0.025,0.012,0.022,0.026,0.027,0.035,0.039,0.038,0.047,0.056,0.06,0.06,0.069,0.098,0.138,0.184,0.209,0.217,0.217,0.219,0.218,0.209,0.201,0.197,0.187,0.171,0.165,0.158,0.135,0.111,0.083,0.089,0.133,0.2,0.197,0.141,0.072,0.024
B058,,0.024,0.041,0.043,0.034,0.057,0.043,0.063,0.073,0.06,0.079,0.081,0.081,0.079,0.087,0.097,0.102,0.086,0.07,0.062,0.057,0.057,0.066,0.076,0.082,0.085,0.09,0.094,0.096,0.099,0.105,0.104,0.099,0.105,0.114,0.072,0.037,0.032,0.036,0.031
B059,,0.023,0.021,0.057,0.036,0.068,0.1,0.118,0.108,0.106,0.127,0.139,0.141,0.143,0.157,0.189,0.235,0.272,0.281,0.277,0.275,0.274,0.276,0.272,0.267,0.264,0.257,0.244,0.239,0.232,0.21,0.184,0.144,0.137,0.192,0.261,0.237,0.185,0.134,0.084
B060,0.035,0.029,0.051,0.043,0.039,0.054,0.051,0.07,0.077,0.072,0.08,0.083,0.081,0.08,0.084,0.091,0.095,0.106,0.109,0.11,0.108,0.108,0.107,0.103,0.101,0.099,0.097,0.095,0.093,0.091,0.089,0.088,0.085,0.086,0.09,0.095,0.088,0.07,0.051,0.032
B061,0.038,0.024,0.017,0.034,0.036,0.058,0.061,0.068,0.081,0.085,0.088,0.095,0.098,0.096,0.107,0.121,0.153,0.196,0.231,0.244,0.25,0.252,0.247,0.232,0.219,0.214,0.201,0.183,0.176,0.17,0.151,0.13,0.109,0.108,0.136,0.211,0.211,0.157,0.104,0.058
B062,-0.025,,-0.051,-0.032,-0.034,-0.046,-0.025,-0.046,-0.049,-0.05,-0.043,-0.038,-0.038,-0.039,-0.034,-0.017,0.015,0.063,0.102,0.117,0.122,0.121,0.103,0.081,0.067,0.059,0.048,0.033,0.026,0.015,-0.007,-0.02,-0.034,-0.027,0.006,0.089,0.143,0.118,0.062,0.017
B064,0.001,0.007,-0.002,0.004,-0.01,-0.005,0.003,0.013,0.027,0.028,0.047,0.07,0.075,0.077,0.099,0.161,0.261,0.372,0.433,0.45,0.456,0.458,0.45,0.425,0.404,0.394,0.366,0.323,0.309,0.293,0.238,0.169,0.091,0.08,0.186,0.394,0.424,0.324,0.2,0.101
B065,0.003,0.007,-0.009,0.005,0.003,0.003,0.016,0.02,0.028,0.024,0.032,0.042,0.04,0.044,0.051,0.069,0.096,0.124,0.141,0.149,0.152,0.153,0.154,0.148,0.143,0.141,0.134,0.123,0.119,0.116,0.101,0.081,0.055,0.051,0.082,0.133,0.126,0.09,0.053,0.024
B066,0.012,-0.012,-0.007,-0.005,0.013,0.007,-0.002,0.021,0.031,0.04,0.041,0.05,0.049,0.052,0.055,0.07,0.085,0.1,0.108,0.11,0.111,0.112,0.114,0.113,0.11,0.109,0.105,0.1,0.098,0.094,0.085,0.074,0.059,0.057,0.08,0.113,0.111,0.087,0.056,0.029
B067,-0.005,-0.004,-0.005,0.016,0.004,0.007,0.021,0.019,0.028,0.027,0.032,0.035,0.036,0.034,0.039,0.043,0.05,0.059,0.069,0.074,0.076,0.077,0.074,0.068,0.065,0.063,0.061,0.057,0.056,0.054,0.049,0.046,0.04,0.041,0.048,0.063,0.075,0.068,0.047,0.023
B068,-0.006,0.022,0.018,0.008,0.011,0.041,0.061,0.09,0.108,0.122,0.145,0.169,0.174,0.173,0.192,0.233,0.297,0.357,0.382,0.392,0.399,0.411,0.433,0.443,0.442,0.441,0.431,0.411,0.405,0.398,0.358,0.302,0.217,0.186,0.274,0.395,0.342,0.227,0.12,0.049
B071,0.018,-0.019,-0.009,-0.02,-0.031,-0.024,-0.032,-0.023,-0.023,-0.017,-0.014,-0.009,-0.004,-0.003,0.006,0.033,0.079,0.128,0.155,0.162,0.165,0.165,0.159,0.148,0.138,0.132,0.121,0.105,0.099,0.089,0.062,0.037,0.007,0.01,0.065,0.161,0.178,0.139,0.085,0.04
B072,0.023,0.002,0.002,-0.012,-0.018,-0.024,-0.025,-0.037,-0.036,-0.028,-0.035,-0.036,-0.036,-0.037,-0.037,-0.031,-0.023,-0.013,-0.005,0.0,0.002,0.001,0.002,-0.001,-0.003,-0.004,-0.006,-0.011,-0.012,-0.013,-0.017,-0.025,-0.032,-0.029,-0.016,0.0,0.007,0.009,0.007,0.002
B073,0.002,0.016,0.029,0.03,0.031,0.038,0.035,0.048,0.053,0.053,0.06,0.066,0.068,0.067,0.07,0.082,0.104,0.13,0.146,0.154,0.156,0.157,0.152,0.145,0.14,0.137,0.131,0.122,0.119,0.114,0.102,0.09,0.074,0.074,0.099,0.143,0.154,0.127,0.085,0.045
B074,-0.02,-0.024,-0.046,-0.041,-0.041,-0.063,-0.062,-0.07,-0.069,-0.069,-0.068,-0.063,-0.06,-0.06,-0.053,-0.032,0.004,0.046,0.071,0.08,0.082,0.082,0.077,0.066,0.058,0.053,0.044,0.029,0.024,0.015,-0.007,-0.027,-0.048,-0.042,0.001,0.075,0.091,0.067,0.033,0.007
B075,0.019,0.018,0.026,0.024,0.024,0.064,0.086,0.11,0.13,0.139,0.164,0.189,0.193,0.195,0.213,0.26,0.326,0.383,0.401,0.402,0.401,0.408,0.419,0.419,0.412,0.409,0.401,0.383,0.376,0.363,0.328,0.289,0.223,0.205,0.292,0.407,0.363,0.264,0.167,0.09
B076,-0.007,-0.002,0.002,0.014,0.003,0.006,0.003,0.001,0.001,0.002,0.006,0.01,0.013,0.013,0.019,0.039,0.074,0.125,0.161,0.177,0.183,0.185,0.174,0.157,0.145,0.138,0.125,0.106,0.101,0.092,0.066,0.044,0.021,0.014,0.045,0.15,0.199,0.159,0.091,0.038
B077,0.006,0.0,0.0,0.008,0.003,0.006,0.012,0.028,0.034,0.043,0.057,0.072,0.077,0.079,0.092,0.129,0.18,0.221,0.236,0.241,0.244,0.248,0.256,0.255,0.251,0.248,0.24,0.227,0.222,0.212,0.182,0.151,0.103,0.091,0.157,0.245,0.229,0.176,0.119,0.068
B078,0.019,0.01,-0.002,0.009,-0.014,0.0,-0.008,0.002,0.0,0.003,0.007,0.014,0.017,0.017,0.027,0.057,0.111,0.176,0.214,0.222,0.224,0.223,0.212,0.193,0.18,0.173,0.158,0.136,0.128,0.118,0.09,0.059,0.027,0.027,0.079,0.197,0.229,0.177,0.103,0.047
B079,-0.016,-0.016,-0.019,-0.016,-0.014,-0.028,-0.026,-0.009,0.009,0.007,0.01,0.019,0.022,0.02,0.027,0.046,0.077,0.124,0.164,0.183,0.192,0.194,0.188,0.171,0.16,0.154,0.139,0.119,0.112,0.106,0.085,0.058,0.035,0.034,0.066,0.164,0.207,0.16,0.088,0.034
B080,-0.01,-0.017,-0.035,-0.043,-0.048,-0.064,-0.062,-0.067,-0.064,-0.062,-0.061,-0.058,-0.056,-0.055,-0.051,-0.036,-0.006,0.028,0.05,0.058,0.058,0.058,0.05,0.038,0.03,0.025,0.017,0.005,0.001,-0.007,-0.024,-0.037,-0.048,-0.033,0.001,0.048,0.058,0.051,0.038,0.022
B081,0.055,0.033,0.067,0.039,0.031,0.049,0.06,0.087,0.091,0.09,0.098,0.108,0.113,0.114,0.122,0.137,0.161,0.187,0.207,0.215,0.22,0.222,0.22,0.211,0.205,0.203,0.195,0.184,0.181,0.179,0.167,0.148,0.119,0.104,0.131,0.182,0.205,0.181,0.128,0.073
B082,-0.012,0.003,-0.011,-0.008,-0.003,-0.015,-0.011,-0.017,-0.014,-0.018,-0.021,-0.028,-0.03,-0.032,-0.033,-0.038,-0.029,0.01,0.059,0.083,0.09,0.09,0.071,0.046,0.029,0.019,0.007,-0.008,-0.013,-0.026,-0.045,-0.044,-0.038,-0.035,-0.038,0.055,0.135,0.115,0.055,0.011
B083,0.014,0.008,0.025,0.015,0.012,0.014,0.014,0.022,0.022,0.021,0.028,0.033,0.037,0.037,0.045,0.061,0.089,0.125,0.148,0.158,0.163,0.165,0.162,0.153,0.146,0.142,0.133,0.118,0.113,0.111,0.095,0.072,0.048,0.041,0.064,0.131,0.159,0.131,0.081,0.038
B085,0.017,0.002,-0.005,-0.025,-0.026,-0.043,-0.046,-0.046,-0.043,-0.036,-0.03,-0.02,-0.016,-0.014,-0.004,0.022,0.069,0.114,0.133,0.136,0.137,0.138,0.138,0.13,0.123,0.12,0.109,0.092,0.087,0.08,0.057,0.024,-0.012,-0.019,0.032,0.124,0.139,0.102,0.053,0.02
B086,0.003,0.009,0.009,0.004,0.002,0.0,0.003,0.012,0.016,0.021,0.028,0.035,0.035,0.036,0.042,0.06,0.086,0.112,0.128,0.134,0.136,0.138,0.138,0.134,0.129,0.126,0.121,0.111,0.108,0.102,0.086,0.073,0.054,0.057,0.088,0.135,0.137,0.109,0.072,0.037
B087,0.011,0.012,0.017,0.021,0.014,0.004,0.007,0.011,0.003,0.005,0.014,0.017,0.019,0.018,0.024,0.041,0.069,0.101,0.113,0.111,0.106,0.102,0.097,0.09,0.084,0.083,0.076,0.066,0.063,0.058,0.046,0.035,0.026,0.043,0.079,0.114,0.102,0.088,0.075,0.052
B090,-0.033,0.0,0.005,0.016,0.003,-0.024,-0.014,-0.017,-0.01,-0.015,-0.024,-0.024,-0.026,-0.028,-0.034,-0.044,-0.051,-0.055,-0.048,-0.043,-0.041,-0.044,-0.048,-0.053,-0.055,-0.055,-0.056,-0.056,-0.056,-0.055,-0.05,-0.041,-0.026,-0.015,-0.03,-0.048,-0.038,-0.019,-0.004,0.002
B091,0.01,0.034,0.027,0.036,0.024,0.03,0.041,0.061,0.065,0.063,0.074,0.087,0.093,0.093,0.103,0.131,0.167,0.199,0.202,0.198,0.197,0.201,0.209,0.21,0.209,0.207,0.201,0.191,0.187,0.182,0.162,0.137,0.101,0.088,0.131,0.2,0.173,0.108,0.051,0.017
B092,0.007,-0.002,0.005,-0.001,-0.005,-0.008,-0.018,-0.019,-0.02,-0.014,-0.013,-0.009,-0.009,-0.01,-0.007,0.004,0.015,0.028,0.034,0.039,0.041,0.042,0.042,0.041,0.039,0.038,0.035,0.032,0.031,0.029,0.02,0.011,0.002,0.002,0.02,0.049,0.06,0.059,0.049,0.032
B093,-0.002,-0.009,-0.024,-0.027,-0.03,-0.049,-0.047,-0.048,-0.048,-0.048,-0.047,-0.039,-0.037,-0.037,-0.029,-0.008,0.031,0.087,0.134,0.153,0.159,0.156,0.135,0.107,0.091,0.084,0.069,0.049,0.042,0.034,0.011,-0.012,-0.034,-0.032,0.006,0.102,0.176,0.16,0.092,0.032
B094,0.003,0.009,0.021,0.034,0.01,0.017,0.029,0.055,0.06,0.066,0.079,0.091,0.098,0.098,0.108,0.135,0.174,0.224,0.263,0.278,0.286,0.288,0.282,0.266,0.256,0.251,0.238,0.22,0.213,0.207,0.183,0.154,0.114,0.1,0.143,0.239,0.268,0.208,0.119,0.049
B095,-0.006,0.002,-0.014,-0.002,-0.01,0.01,0.023,0.037,0.045,0.044,0.06,0.073,0.077,0.077,0.092,0.13,0.194,0.268,0.314,0.327,0.331,0.329,0.312,0.286,0.268,0.258,0.24,0.215,0.205,0.191,0.155,0.123,0.085,0.086,0.151,0.285,0.332,0.258,0.143,0.054
B096,-0.003,-0.001,-0.015,-0.009,-0.01,-0.004,-0.002,0.005,0.009,0.009,0.022,0.032,0.035,0.038,0.05,0.085,0.147,0.214,0.243,0.247,0.247,0.248,0.241,0.227,0.215,0.209,0.194,0.172,0.164,0.152,0.118,0.082,0.038,0.03,0.091,0.214,0.235,0.183,0.119,0.066
B097,-0.018,-0.028,-0.043,-0.05,-0.048,-0.061,-0.062,-0.063,-0.061,-0.059,-0.053,-0.047,-0.044,-0.041,-0.034,-0.007,0.042,0.102,0.146,0.163,0.168,0.167,0.151,0.128,0.113,0.106,0.093,0.072,0.065,0.053,0.023,-0.003,-0.033,-0.027,0.031,0.14,0.182,0.154,0.094,0.04
B098,0.006,0.008,0.004,0.005,0.01,0.027,0.029,0.027,0.045,0.047,0.054,0.069,0.07,0.07,0.078,0.093,0.119,0.154,0.18,0.189,0.191,0.19,0.181,0.167,0.159,0.154,0.146,0.134,0.131,0.126,0.111,0.097,0.077,0.072,0.098,0.157,0.184,0.15,0.091,0.04
B099,-0.006,-0.004,-0.013,-0.016,-0.023,-0.028,-0.034,-0.041,-0.043,-0.04,-0.039,-0.035,-0.037,-0.035,-0.034,-0.023,-0.003,0.023,0.036,0.041,0.043,0.042,0.037,0.03,0.026,0.022,0.017,0.009,0.006,0.0,-0.012,-0.022,-0.033,-0.026,0.001,0.043,0.06,0.055,0.041,0.025
B100,-0.014,-0.016,-0.029,-0.036,-0.039,-0.056,-0.061,-0.071,-0.071,-0.072,-0.076,-0.077,-0.076,-0.077,-0.077,-0.073,-0.064,-0.05,-0.04,-0.036,-0.034,-0.036,-0.041,-0.048,-0.052,-0.054,-0.058,-0.063,-0.066,-0.068,-0.075,-0.08,-0.081,-0.078,-0.073,-0.049,-0.028,-0.023,-0.028,-0.027
B102,-0.019,0.003,-0.008,-0.001,-0.01,-0.022,-0.026,-0.03,-0.025,-0.019,-0.024,-0.029,-0.026,-0.029,-0.029,-0.024,-0.015,0.001,0.016,0.024,0.027,0.027,0.024,0.017,0.013,0.011,0.006,-0.002,-0.004,-0.004,-0.008,-0.015,-0.016,-0.007,-0.003,0.016,0.032,0.033,0.022,0.009
B103,-0.027,-0.015,-0.039,-0.041,-0.038,-0.051,-0.042,-0.044,-0.044,-0.043,-0.034,-0.026,-0.018,-0.02,-0.008,0.028,0.088,0.143,0.167,0.174,0.178,0.181,0.187,0.183,0.176,0.172,0.159,0.138,0.13,0.121,0.087,0.044,-0.007,-0.014,0.053,0.168,0.164,0.105,0.042,0.005
B104,0.035,0.011,0.006,0.01,-0.003,-0.004,0.005,0.011,0.014,0.012,0.018,0.018,0.021,0.02,0.022,0.026,0.039,0.056,0.073,0.08,0.082,0.082,0.08,0.073,0.068,0.065,0.06,0.053,0.051,0.049,0.043,0.035,0.025,0.023,0.034,0.065,0.078,0.055,0.02,-0.003
B105,-0.002,0.004,-0.008,0.0,-0.002,-0.011,0.005,-0.003,-0.008,-0.014,-0.012,-0.013,-0.016,-0.016,-0.017,-0.014,-0.003,0.016,0.036,0.043,0.045,0.043,0.038,0.028,0.022,0.021,0.014,0.006,0.004,0.002,-0.003,-0.007,-0.008,-0.002,0.005,0.037,0.052,0.037,0.013,-0.003
B107,0.014,0.023,-0.001,0.009,0.005,0.008,0.03,0.049,0.051,0.057,0.075,0.091,0.095,0.098,0.111,0.148,0.203,0.261,0.284,0.288,0.288,0.292,0.293,0.285,0.276,0.27,0.259,0.24,0.233,0.221,0.188,0.154,0.108,0.098,0.161,0.271,0.263,0.185,0.104,0.048
B109,-0.012,0.0,-0.014,0.003,0.0,-0.006,0.001,0.006,0.012,0.015,0.027,0.036,0.038,0.038,0.052,0.08,0.129,0.185,0.219,0.232,0.237,0.239,0.236,0.221,0.21,0.205,0.19,0.167,0.159,0.151,0.124,0.09,0.052,0.048,0.098,0.201,0.215,0.166,0.102,0.049
B110,0.007,0.017,0.043,0.023,0.029,0.052,0.07,0.092,0.105,0.107,0.132,0.149,0.16,0.154,0.175,0.221,0.283,0.342,0.357,0.36,0.36,0.366,0.373,0.371,0.364,0.36,0.349,0.329,0.322,0.31,0.275,0.23,0.166,0.146,0.225,0.343,0.315,0.222,0.134,0.069
B111,0.019,-0.003,-0.029,-0.032,-0.011,-0.004,0.009,0.018,0.021,0.016,0.027,0.036,0.036,0.037,0.045,0.065,0.101,0.143,0.164,0.17,0.171,0.173,0.172,0.164,0.156,0.151,0.142,0.128,0.123,0.115,0.094,0.074,0.049,0.047,0.083,0.159,0.162,0.11,0.049,0.011
B112,0.01,0.015,0.027,0.03,0.023,0.039,0.046,0.053,0.043,0.046,0.05,0.054,0.054,0.056,0.063,0.079,0.109,0.157,0.19,0.197,0.199,0.197,0.182,0.163,0.15,0.144,0.132,0.118,0.112,0.104,0.087,0.077,0.069,0.076,0.101,0.177,0.221,0.179,0.106,0.046
B113,0.01,0.003,0.013,0.01,0.002,0.005,0.015,0.024,0.023,0.02,0.035,0.045,0.048,0.053,0.062,0.096,0.147,0.182,0.181,0.175,0.173,0.176,0.186,0.19,0.189,0.188,0.181,0.17,0.165,0.159,0.135,0.099,0.054,0.042,0.102,0.181,0.156,0.115,0.081,0.053
B114,0.009,0.018,0.014,0.044,0.024,0.033,0.043,0.04,0.048,0.049,0.055,0.057,0.056,0.055,0.06,0.07,0.088,0.118,0.144,0.151,0.151,0.148,0.134,0.119,0.108,0.104,0.097,0.088,0.085,0.079,0.068,0.066,0.064,0.073,0.089,0.127,0.149,0.119,0.073,0.034
B115,-0.012,-0.018,-0.014,-0.019,-0.025,-0.029,-0.023,-0.018,-0.012,-0.008,0.002,0.012,0.016,0.018,0.029,0.057,0.097,0.123,0.127,0.128,0.128,0.131,0.144,0.15,0.151,0.152,0.148,0.138,0.134,0.132,0.115,0.083,0.042,0.04,0.098,0.145,0.104,0.062,0.03,0.01
B117,0.027,0.011,0.029,0.058,0.029,0.047,0.059,0.072,0.078,0.076,0.084,0.087,0.089,0.087,0.089,0.094,0.094,0.093,0.096,0.097,0.099,0.1,0.102,0.103,0.104,0.103,0.103,0.103,0.102,0.103,0.102,0.101,0.094,0.086,0.085,0.087,0.089,0.076,0.054,0.031
B118,0.006,0.009,-0.003,-0.001,-0.013,-0.022,-0.018,-0.022,-0.019,-0.017,-0.012,-0.009,-0.007,-0.008,0.002,0.022,0.061,0.108,0.14,0.153,0.159,0.16,0.157,0.144,0.135,0.13,0.117,0.098,0.092,0.085,0.062,0.037,0.014,0.021,0.059,0.144,0.157,0.114,0.06,0.021
B119,-0.033,-0.011,0.019,0.015,0.002,-0.012,-0.022,-0.039,-0.038,-0.045,-0.059,-0.075,-0.08,-0.083,-0.096,-0.119,-0.142,-0.137,-0.117,-0.104,-0.098,-0.099,-0.108,-0.12,-0.125,-0.127,-0.132,-0.137,-0.137,-0.135,-0.13,-0.118,-0.089,-0.081,-0.121,-0.114,-0.067,-0.048,-0.049,-0.044
B120,0.001,0.01,-0.02,0.009,-0.009,-0.025,-0.034,-0.028,-0.025,-0.019,-0.031,-0.04,-0.042,-0.041,-0.052,-0.075,-0.116,-0.157,,-0.169,-0.168,-0.169,-0.17,-0.165,-0.16,-0.157,-0.149,-0.136,-0.132,-0.124,-0.102,-0.076,-0.046,-0.042,-0.087,-0.163,-0.14,-0.078,-0.02,0.012
B121,0.034,0.0,0.018,0.031,0.018,0.023,0.047,0.065,0.086,0.093,0.108,0.131,0.135,0.135,0.155,0.204,0.258,0.29,0.286,0.281,0.276,0.279,0.291,0.298,0.299,0.299,0.294,0.283,0.28,0.276,0.255,0.217,0.161,0.148,0.22,0.281,0.243,0.195,0.15,0.1
B288,0.034,0.0,0.018,0.031,0.018,0.023,0.047,0.065,0.086,0.093,0.108,0.131,0.135,0.135,0.155,0.204,0.258,0.29,0.286,0.281,0.276,0.279,0.291,0.298,0.299,0.299,0.294,0.283,0.28,0.276,0.255,0.217,0.161,0.148,0.22,0.281,0.243,0.195,0.15,0.1
B122,0.029,0.021,0.029,0.032,0.023,0.017,0.021,0.029,0.035,0.039,0.045,0.046,0.048,0.048,0.048,0.046,0.041,0.029,0.021,0.019,0.019,0.018,0.021,0.024,0.026,0.028,0.031,0.032,0.034,0.037,0.044,0.045,0.044,0.046,0.051,0.031,0.023,0.034,0.043,0.036
B123,0.041,0.023,0.032,0.047,0.042,0.08,0.089,0.132,0.135,0.141,0.167,0.185,0.19,0.19,0.21,0.253,0.307,0.357,0.375,0.378,0.379,0.385,0.393,0.391,0.385,0.38,0.371,0.354,0.349,0.338,0.305,0.27,0.214,0.197,0.269,0.379,0.353,0.249,0.142,0.065
B124,0.033,0.022,0.008,0.007,0.009,0.018,0.033,0.06,0.072,0.075,0.093,0.103,0.11,0.113,0.126,0.164,0.241,0.349,0.428,0.467,,,,0.479,0.46,0.45,0.426,0.386,0.372,0.352,0.292,0.23,0.151,0.129,0.225,0.451,,0.306,0.161,0.065
B125,-0.002,-0.001,-0.051,-0.032,-0.046,-0.074,-0.064,-0.076,-0.073,-0.072,-0.068,-0.068,-0.068,-0.064,-0.06,-0.051,-0.026,0.014,0.045,0.058,0.063,0.062,0.055,0.041,0.031,0.027,0.016,0.001,-0.004,-0.01,-0.024,-0.041,-0.057,-0.052,-0.029,0.034,0.062,0.043,0.01,-0.01
B128,0.024,0.01,0.012,0.018,0.007,0.026,0.051,0.062,0.075,0.083,0.098,0.116,0.121,0.123,0.139,0.184,0.255,0.337,0.38,0.394,0.399,0.405,0.404,0.389,0.375,0.366,0.348,0.319,0.307,0.293,0.249,0.202,0.143,0.13,0.208,0.374,0.389,0.284,0.161,0.072
B130,0.013,0.009,-0.006,0.003,0.005,0.006,0.012,0.031,0.041,0.044,0.05,0.054,0.059,0.059,0.065,0.078,0.103,0.142,0.176,0.196,0.206,0.212,0.214,0.205,0.197,0.191,0.182,0.165,0.16,0.152,0.128,0.106,0.076,0.062,0.091,0.19,0.212,0.154,0.077,0.025
B131,0.002,-0.01,-0.001,-0.013,-0.011,-0.033,-0.03,-0.03,-0.035,-0.035,-0.033,-0.029,-0.027,-0.026,-0.021,-0.008,0.019,0.051,0.071,0.077,0.078,0.076,0.07,0.059,0.052,0.048,0.039,0.026,0.022,0.018,0.004,-0.011,-0.019,-0.006,0.02,0.077,0.101,0.084,0.054,0.026
B132,0.015,0.008,0.02,0.015,0.016,0.014,0.03,0.04,0.046,0.051,0.061,0.071,0.076,0.075,0.086,0.11,0.151,0.196,0.224,0.235,0.24,0.242,0.244,0.235,0.228,0.224,0.211,0.192,0.186,0.181,0.159,0.126,0.088,0.078,0.123,0.216,0.222,0.173,0.108,0.053
B134,0.029,0.018,0.02,0.037,0.013,0.045,0.062,0.073,0.078,0.075,0.086,0.099,0.103,0.103,0.114,0.149,0.207,0.272,0.316,0.33,0.335,0.337,0.33,0.313,0.3,0.292,0.278,0.257,0.249,0.236,0.202,0.172,0.13,0.127,0.193,0.316,0.327,0.249,0.153,0.074
B136,0.029,0.003,-0.002,0.009,-0.002,0.017,0.012,0.013,0.033,0.036,0.048,0.065,0.07,0.069,0.081,0.106,0.138,0.164,0.173,0.175,0.176,0.18,0.186,0.188,0.186,0.186,0.181,0.172,0.17,0.168,0.153,0.126,0.087,0.073,0.119,0.177,0.173,0.134,0.084,0.043
B137,-0.005,0.001,-0.006,-0.009,-0.001,-0.007,-0.001,0.004,0.007,0.001,0.005,0.01,0.013,0.011,0.018,0.029,0.052,0.082,0.103,0.109,0.111,0.111,0.105,0.096,0.088,0.085,0.077,0.066,0.062,0.057,0.043,0.029,0.016,0.017,0.042,0.103,0.126,0.1,0.062,0.03
B138,-0.006,0.026,0.031,0.014,0.023,0.028,0.043,0.06,0.06,0.058,0.069,0.085,0.091,0.088,0.101,0.143,0.211,0.28,0.304,0.306,0.304,0.306,0.306,0.295,0.284,0.278,0.264,0.241,0.233,0.219,0.184,0.144,0.096,0.088,0.16,0.285,0.27,0.192,0.115,0.058
B139,-0.037,-0.003,-0.025,0.0,-0.01,-0.022,-0.022,-0.005,-0.001,0.009,0.017,0.026,0.029,0.03,0.039,0.067,0.104,0.133,0.144,0.147,0.149,0.151,0.157,0.156,0.153,0.151,0.143,0.13,0.126,0.122,0.104,0.075,0.039,0.036,0.084,0.143,0.121,0.075,0.033,0.007
B140,-0.015,0.01,-0.02,-0.021,-0.026,-0.04,-0.045,-0.055,-0.047,-0.046,-0.041,-0.037,-0.033,-0.033,-0.028,-0.013,0.005,0.013,0.01,0.011,0.011,0.01,0.009,0.01,0.01,0.012,0.009,0.004,0.003,0.005,0.002,-0.015,-0.033,-0.031,-0.002,0.0,-0.007,0.015,0.038,0.04
B142,-0.039,0.022,0.021,0.031,0.012,0.001,0.005,0.016,0.024,0.019,0.015,0.017,0.018,0.015,0.014,0.01,0.005,-0.002,-0.005,-0.005,-0.003,-0.003,-0.001,0.001,0.003,0.005,0.006,0.008,0.009,0.011,0.015,0.017,0.02,0.021,0.016,0.004,0.006,0.011,0.012,0.009
B143,0.033,0.031,0.028,0.045,0.03,0.049,0.072,0.095,0.112,0.115,0.125,0.141,0.144,0.144,0.155,0.176,0.202,0.222,0.231,0.233,0.235,0.238,0.242,0.241,0.239,0.238,0.235,0.228,0.226,0.224,0.212,0.194,0.16,0.149,0.188,0.229,0.213,0.169,0.114,0.064
B144,0.031,0.041,0.061,0.07,0.051,0.073,0.101,0.132,0.137,0.134,0.148,0.162,0.165,0.165,0.174,0.192,0.207,0.207,0.193,0.182,0.176,0.181,0.19,0.2,0.204,0.204,0.207,0.209,0.209,0.206,0.198,0.192,0.173,0.167,0.194,0.199,0.146,0.092,0.052,0.027
B145,-0.022,0.003,0.004,0.011,0.004,0.009,0.017,0.022,0.025,0.013,0.017,0.015,0.016,0.014,0.015,0.016,0.028,0.049,0.071,0.081,0.084,0.083,0.076,0.064,0.057,0.054,0.047,0.038,0.034,0.032,0.024,0.019,0.018,0.02,0.022,0.056,0.082,0.069,0.042,0.018
B146,0.002,0.005,0.0,-0.007,-0.001,-0.012,-0.005,-0.002,0.009,0.014,0.023,0.034,0.039,0.038,0.049,0.066,0.087,0.084,0.072,0.068,0.068,0.071,0.083,0.094,0.099,0.102,0.103,0.103,0.104,0.104,0.099,0.081,0.053,0.049,0.085,0.091,0.056,0.04,0.035,0.027
B147,0.05,0.04,0.049,0.06,0.039,0.065,0.087,0.109,0.113,0.111,0.133,0.148,0.155,0.152,0.168,0.204,0.251,0.303,0.331,0.338,0.34,0.342,0.339,0.327,0.316,0.311,0.298,0.278,0.271,0.263,0.237,0.203,0.157,0.143,0.195,0.294,0.306,0.235,0.144,0.07
B148,-0.028,-0.019,-0.042,-0.04,-0.051,-0.073,-0.072,-0.083,-0.084,-0.085,-0.088,-0.086,-0.085,-0.086,-0.081,-0.065,-0.035,-0.003,0.016,0.022,0.023,0.022,0.014,0.002,-0.005,-0.01,-0.018,-0.029,-0.034,-0.04,-0.057,-0.069,-0.078,-0.062,-0.032,0.019,0.038,0.028,0.009,-0.004
B149,-0.029,-0.024,-0.045,-0.05,-0.045,-0.073,-0.077,-0.101,-0.092,-0.094,-0.097,-0.097,-0.096,-0.096,-0.093,-0.085,-0.065,-0.038,-0.017,-0.006,-0.001,-0.002,-0.007,-0.017,-0.024,-0.025,-0.033,-0.044,-0.047,-0.051,-0.062,-0.074,-0.08,-0.066,-0.043,-0.006,0.012,0.02,0.022,0.016
B150,-0.022,-0.016,-0.03,-0.035,-0.042,-0.057,-0.056,-0.061,-0.053,-0.048,-0.043,-0.035,-0.03,-0.025,-0.021,-0.004,0.026,0.057,0.074,0.082,0.086,0.089,0.092,0.089,0.084,0.083,0.076,0.063,0.058,0.054,0.038,0.012,-0.02,-0.027,0.01,0.067,0.068,0.051,0.034,0.02
B151,0.012,0.015,0.01,0.001,0.008,0.019,0.02,0.03,0.025,0.027,0.034,0.042,0.041,0.046,0.052,0.069,0.102,0.132,0.144,0.146,0.147,0.15,0.151,0.148,0.145,0.143,0.136,0.125,0.122,0.118,0.102,0.08,0.054,0.052,0.089,0.145,0.134,0.097,0.06,0.031
B152,0.022,0.023,0.039,0.038,0.026,0.039,0.056,0.068,0.072,0.07,0.078,0.084,0.087,0.09,0.097,0.116,0.151,0.183,0.204,0.213,0.218,0.221,0.222,0.216,0.21,0.207,0.197,0.182,0.177,0.175,0.156,0.13,0.098,0.09,0.128,0.203,0.206,0.158,0.102,0.055
B153,-0.031,0.007,0.013,0.026,0.016,0.03,0.023,0.054,0.055,0.056,0.058,0.061,0.062,0.064,0.067,0.071,0.072,0.083,0.093,0.099,0.104,0.106,0.104,0.099,0.097,0.096,0.091,0.087,0.086,0.086,0.082,0.077,0.069,0.057,0.057,0.082,0.1,0.081,0.047,0.019
B154,0.01,0.02,0.01,0.015,0.009,0.006,0.017,0.026,0.022,0.025,0.027,0.024,0.024,0.024,0.022,0.023,0.027,0.051,0.084,0.102,0.109,0.109,0.099,0.083,0.073,0.07,0.061,0.051,0.048,0.045,0.037,0.034,0.031,0.031,0.034,0.073,0.116,0.096,0.046,0.006
B155,-0.014,0.032,0.048,0.058,0.054,0.066,0.082,0.103,0.116,0.12,0.121,0.126,0.133,0.13,0.132,0.146,0.176,0.204,0.214,0.223,0.229,0.24,0.267,0.283,0.288,0.289,0.288,0.277,0.272,0.268,0.245,0.206,0.146,0.11,0.149,0.227,0.157,0.063,-0.011,-0.039
B160,-0.003,-0.005,-0.007,-0.013,-0.009,-0.015,-0.007,-0.002,0.002,0.006,0.015,0.027,0.031,0.032,0.043,0.076,0.132,0.198,0.24,0.253,0.256,0.257,0.249,0.231,0.217,0.211,0.194,0.169,0.161,0.15,0.119,0.086,0.048,0.051,0.114,0.24,0.261,0.205,0.13,0.066
B161,0.024,0.015,0.029,0.015,0.021,0.004,0.006,0.008,0.016,0.019,0.02,0.022,0.024,0.022,0.022,0.022,0.028,0.046,0.068,0.08,0.086,0.087,0.081,0.07,0.066,0.064,0.057,0.048,0.046,0.048,0.044,0.034,0.024,0.015,0.017,0.056,0.094,0.082,0.041,0.007
B162,-0.013,-0.005,-0.002,-0.001,0.001,-0.001,0.006,-0.005,0.003,0.005,0.002,0.003,0.005,0.002,0.005,0.011,0.023,0.052,0.079,0.089,0.094,0.095,0.085,0.071,0.062,0.057,0.047,0.034,0.03,0.027,0.015,0.004,-0.002,-0.003,0.004,0.061,0.096,0.073,0.03,0.001
B163,-0.019,0.022,-0.021,-0.009,-0.027,-0.022,-0.014,-0.006,0.0,0.005,0.017,0.025,0.026,0.033,0.043,0.068,0.118,0.179,0.214,0.223,0.226,0.227,0.221,0.205,0.192,0.187,0.172,0.151,0.143,0.134,0.107,0.076,0.04,0.038,0.088,0.198,0.221,0.166,0.093,0.038
B165,-0.003,-0.014,-0.02,-0.034,-0.037,-0.05,-0.042,-0.035,-0.023,-0.018,-0.006,0.002,0.011,0.01,0.022,0.052,0.111,0.182,0.225,0.247,0.259,0.268,0.277,0.27,0.261,0.257,0.24,0.212,0.203,0.195,0.155,0.1,0.036,0.017,0.083,0.23,0.227,0.147,0.069,0.021
B169,0.0,-0.013,0.002,0.005,-0.009,-0.023,-0.016,-0.035,-0.037,-0.038,-0.042,-0.044,-0.048,-0.049,-0.053,-0.058,-0.062,-0.05,-0.03,-0.022,-0.02,-0.023,-0.034,-0.046,-0.054,-0.057,-0.061,-0.065,-0.067,-0.069,-0.069,-0.06,-0.041,-0.022,-0.038,-0.038,-0.013,-0.006,-0.011,-0.015
B170,-0.001,0.005,0.011,0.019,0.008,0.033,0.043,0.06,0.067,0.064,0.089,0.095,0.103,0.106,0.118,0.145,0.19,0.246,0.285,0.303,0.313,0.319,0.323,0.311,0.301,0.297,0.283,0.259,0.251,0.244,0.214,0.173,0.118,0.099,0.154,0.259,0.242,0.171,0.108,0.058
B171,0.019,0.009,-0.009,0.005,-0.013,-0.008,-0.006,-0.001,0.001,0.005,0.008,0.017,0.02,0.02,0.026,0.045,0.088,0.143,0.189,0.207,0.213,0.212,0.2,0.179,0.164,0.158,0.143,0.122,0.115,0.106,0.082,0.06,0.037,0.047,0.092,0.19,0.226,0.183,0.112,0.051
B173,,0.024,0.041,0.058,0.043,0.058,0.098,0.122,0.114,0.109,0.136,0.162,0.172,0.176,0.198,0.254,0.343,0.424,0.448,0.447,0.445,0.446,0.448,0.437,0.426,0.421,0.402,0.373,0.362,0.354,0.312,0.256,0.185,0.169,0.261,0.406,0.381,0.278,0.18,0.101
B175,0.038,0.006,0.011,0.007,-0.002,0.007,0.032,0.03,0.029,0.027,0.038,0.044,0.047,0.047,0.053,0.07,0.101,0.142,0.167,0.176,0.179,0.183,0.181,0.172,0.164,0.161,0.151,0.136,0.13,0.124,0.106,0.083,0.059,0.054,0.084,0.157,0.157,0.104,0.046,0.01
B176,-0.032,-0.019,-0.012,-0.024,-0.028,-0.057,-0.063,-0.058,-0.058,-0.053,-0.052,-0.049,-0.046,-0.046,-0.041,-0.023,0.008,0.048,0.072,0.081,0.084,0.085,0.081,0.071,0.064,0.06,0.05,0.035,0.029,0.023,0.004,-0.017,-0.038,-0.036,-0.006,0.066,0.083,0.051,0.006,-0.019
B177,-0.001,0.013,0.011,0.015,0.0,-0.009,-0.014,-0.022,-0.007,-0.007,-0.002,0.0,0.001,0.002,0.003,0.016,0.05,0.102,0.149,0.168,0.174,0.174,0.16,0.138,0.124,0.117,0.102,0.08,0.073,0.066,0.046,0.026,0.012,0.021,0.05,0.14,0.181,0.149,0.089,0.038
B180,0.02,-0.003,0.01,0.027,0.013,0.006,0.001,-0.01,-0.005,-0.01,-0.017,-0.018,-0.019,-0.024,-0.025,-0.029,-0.034,-0.036,-0.033,-0.03,-0.029,-0.03,-0.031,-0.033,-0.035,-0.035,-0.035,-0.034,-0.034,-0.034,-0.033,-0.027,-0.016,-0.007,-0.016,-0.027,-0.021,-0.015,-0.011,-0.009
B181,-0.011,-0.01,-0.025,-0.027,-0.022,-0.027,-0.034,-0.046,-0.033,-0.037,-0.037,-0.033,-0.034,-0.034,-0.028,-0.017,-0.004,0.009,0.016,0.02,0.022,0.023,0.024,0.022,0.02,0.018,0.014,0.009,0.007,0.006,-0.002,-0.012,-0.022,-0.023,-0.009,0.016,0.029,0.023,0.008,-0.002
B182,0.021,0.022,0.014,0.042,0.03,0.053,0.067,0.086,0.086,0.074,0.087,0.098,0.1,0.1,0.111,0.136,0.168,0.212,0.239,0.246,0.248,0.248,0.24,0.227,0.217,0.211,0.2,0.185,0.18,0.174,0.153,0.129,0.098,0.086,0.123,0.207,0.239,0.182,0.097,0.036
B183,-0.015,-0.004,0.014,0.011,0.01,0.014,0.007,0.014,0.011,0.011,0.012,0.006,0.006,0.003,0.003,0.004,0.007,0.011,0.013,0.013,0.013,0.012,0.009,0.005,0.004,0.004,0.002,0.002,0.002,0.003,0.003,0.003,0.006,0.009,0.008,0.011,0.024,0.024,0.014,0.005
B185,0.029,0.008,0.028,0.041,0.015,0.024,0.029,0.025,0.032,0.025,0.027,0.026,0.025,0.024,0.023,0.03,0.043,0.072,0.103,0.115,0.121,0.121,0.111,0.097,0.088,0.082,0.072,0.06,0.057,0.051,0.037,0.027,0.02,0.015,0.022,0.087,0.138,0.124,0.081,0.04
B186,0.011,0.011,0.015,0.017,0.014,0.017,0.03,0.043,0.056,0.058,0.069,0.078,0.081,0.082,0.088,0.101,0.118,0.126,0.123,0.12,0.12,0.123,0.128,0.132,0.133,0.133,0.133,0.13,0.129,0.127,0.119,0.108,0.087,0.078,0.101,0.124,0.105,0.074,0.045,0.024
B187,-0.018,-0.012,-0.028,-0.042,-0.044,-0.057,-0.063,-0.074,-0.081,-0.081,-0.077,-0.075,-0.073,-0.07,-0.063,-0.039,-0.002,0.032,0.04,0.04,0.041,0.042,0.045,0.044,0.041,0.039,0.033,0.023,0.019,0.016,-0.002,-0.029,-0.055,-0.05,-0.006,0.044,0.039,0.021,0.007,0.001
B188,0.006,-0.012,0.0,0.002,-0.011,-0.021,-0.012,-0.015,-0.016,-0.018,-0.023,-0.023,-0.022,-0.023,-0.023,-0.019,-0.003,0.031,0.07,0.092,0.103,0.105,0.093,0.074,0.061,0.054,0.041,0.024,0.018,0.011,-0.007,-0.018,-0.024,-0.023,-0.015,0.063,0.106,0.078,0.03,-0.002
B189,0.002,0.01,0.023,0.018,0.005,0.013,0.011,0.017,0.018,0.015,0.015,0.013,0.014,0.011,0.012,0.01,0.009,0.024,0.045,0.057,0.062,0.062,0.054,0.041,0.035,0.03,0.025,0.018,0.016,0.013,0.008,0.009,0.014,0.012,0.002,0.039,0.084,0.074,0.038,0.009
B190,0.006,0.037,0.023,0.017,0.007,0.018,0.011,0.008,0.014,0.018,0.022,0.024,0.028,0.028,0.033,0.051,0.091,0.149,0.189,0.208,0.215,0.216,0.208,0.19,0.175,0.167,0.153,0.13,0.121,0.11,0.08,0.055,0.029,0.027,0.062,0.17,0.195,0.156,0.106,0.06
B191,-0.01,-0.003,0.0,-0.006,-0.005,-0.007,-0.02,-0.035,-0.036,-0.038,-0.04,-0.043,-0.044,-0.044,-0.047,-0.047,-0.043,-0.032,-0.022,-0.016,-0.013,-0.015,-0.016,-0.021,-0.026,-0.027,-0.031,-0.036,-0.038,-0.038,-0.041,-0.045,-0.044,-0.037,-0.035,-0.017,-0.008,-0.008,-0.01,-0.01
B194,,0.044,0.065,0.041,0.037,0.07,0.077,0.113,0.123,0.124,0.141,0.159,0.168,0.168,0.177,0.199,0.222,0.24,0.234,0.229,0.229,0.229,0.238,0.242,0.244,0.248,0.241,0.231,0.229,0.238,0.237,0.2,0.156,0.134,0.165,0.189,0.167,0.137,0.104,0.067
B195,0.038,0.021,0.033,0.021,0.027,0.022,0.037,0.049,0.058,0.061,0.072,0.087,0.09,0.091,0.106,0.136,0.176,0.204,0.198,0.19,0.187,0.19,0.2,0.208,0.207,0.206,0.202,0.195,0.192,0.186,0.165,0.135,0.096,0.083,0.137,0.205,0.174,0.113,0.065,0.034
B197,0.007,0.002,0.005,-0.005,-0.006,-0.024,-0.021,-0.02,-0.014,-0.01,-0.005,0.003,0.006,0.007,0.014,0.032,0.06,0.083,0.091,0.092,0.093,0.096,0.101,0.101,0.099,0.098,0.093,0.084,0.081,0.078,0.065,0.045,0.021,0.022,0.056,0.097,0.085,0.052,0.02,0.001
B198,-0.039,-0.002,-0.031,0.0,0.003,-0.018,-0.018,-0.013,-0.008,-0.009,-0.003,0.007,0.009,0.008,0.015,0.036,0.064,0.078,0.075,0.068,0.066,0.065,0.07,0.072,0.072,0.073,0.07,0.065,0.063,0.06,0.05,0.033,0.009,0.01,0.049,0.074,0.04,0.011,-0.004,-0.009
B201,0.02,0.016,0.025,0.027,0.038,0.049,0.059,0.088,0.093,0.09,0.109,0.119,0.124,0.126,0.14,0.173,0.228,0.29,0.318,0.325,0.325,0.326,0.32,0.304,0.291,0.286,0.27,0.248,0.239,0.231,0.204,0.168,0.124,0.113,0.165,0.277,0.303,0.242,0.16,0.087
B202,-0.01,-0.018,-0.032,-0.02,-0.031,-0.041,-0.054,-0.074,-0.06,-0.06,-0.064,-0.07,-0.072,-0.072,-0.074,-0.072,-0.067,-0.049,-0.033,-0.026,-0.024,-0.026,-0.036,-0.046,-0.052,-0.055,-0.059,-0.064,-0.066,-0.07,-0.074,-0.074,-0.065,-0.052,-0.047,-0.028,-0.005,0.01,0.02,0.019
B204,0.023,-0.005,0.012,0.007,-0.002,0.007,-0.006,0.014,0.015,0.026,0.028,0.037,0.037,0.035,0.037,0.045,0.051,0.05,0.047,0.048,0.051,0.053,0.062,0.068,0.072,0.074,0.073,0.071,0.071,0.076,0.078,0.065,0.05,0.044,0.054,0.052,0.034,0.022,0.013,0.007
B205,0.003,0.012,-0.002,-0.013,-0.018,-0.039,-0.031,-0.03,-0.033,-0.029,-0.029,-0.023,-0.021,-0.021,-0.013,0.004,0.036,0.064,0.069,0.068,0.068,0.068,0.068,0.065,0.062,0.059,0.052,0.041,0.037,0.036,0.022,-0.001,-0.017,-0.01,0.022,0.067,0.062,0.034,0.009,-0.003
B206,0.005,0.016,0.026,0.011,0.021,0.032,0.056,0.075,0.085,0.091,0.118,0.136,0.149,0.15,0.173,0.234,0.325,0.393,0.4,0.395,0.392,0.396,0.411,0.413,0.407,0.404,0.392,0.367,0.358,0.344,0.301,0.239,0.157,0.138,0.245,0.381,0.317,0.218,0.143,0.084
B207,0.044,0.011,0.013,0.012,0.007,-0.001,0.03,0.03,0.035,0.039,0.051,0.059,0.062,0.063,0.075,0.097,0.128,0.149,0.157,0.16,0.161,0.164,0.17,0.169,0.166,0.167,0.161,0.151,0.148,0.147,0.135,0.111,0.081,0.076,0.111,0.151,0.137,0.104,0.068,0.038
B209,-0.022,-0.01,-0.04,-0.037,-0.021,-0.024,-0.023,-0.02,-0.015,-0.015,-0.011,0.002,0.001,0.002,0.012,0.036,0.079,0.136,0.171,0.185,0.189,0.19,0.186,0.17,0.158,0.151,0.138,0.118,0.111,0.101,0.073,0.047,0.016,0.013,0.057,0.163,0.193,0.148,0.082,0.031
B210,0.06,0.025,0.016,0.009,0.01,0.017,0.028,0.032,0.044,0.043,0.052,0.064,0.064,0.067,0.072,0.093,0.126,0.16,0.172,0.176,0.179,0.182,0.186,0.182,0.178,0.176,0.165,0.151,0.147,0.144,0.124,0.096,0.064,0.052,0.088,0.163,0.171,0.13,0.081,0.041
B211,0.016,0.026,0.031,0.042,0.031,0.054,0.073,0.111,0.125,0.143,0.165,0.194,0.204,0.204,0.229,0.277,0.339,0.367,0.349,0.338,0.334,0.339,0.359,0.373,0.377,0.377,0.373,0.363,0.358,0.353,0.326,0.281,0.213,0.19,0.271,0.341,0.282,0.207,0.146,0.091
B212,0.021,0.003,0.006,0.023,0.005,0.022,0.044,0.051,0.044,0.048,0.067,0.079,0.086,0.086,0.099,0.136,0.192,0.246,0.258,0.256,0.256,0.258,0.263,0.259,0.254,0.253,0.241,0.222,0.215,0.209,0.182,0.142,0.095,0.085,0.147,0.235,0.214,0.158,0.105,0.06
B214,-0.004,0.006,-0.008,-0.011,-0.014,-0.027,-0.023,-0.026,-0.025,-0.025,-0.024,-0.02,-0.02,-0.018,-0.014,0.002,0.029,0.064,0.086,0.094,0.096,0.098,0.093,0.083,0.074,0.07,0.06,0.047,0.042,0.037,0.019,0.0,-0.019,-0.023,0.001,0.074,0.107,0.08,0.037,0.009
B215,0.01,0.011,0.003,0.005,0.004,0.006,0.025,0.036,0.042,0.043,0.059,0.074,0.074,0.075,0.087,0.123,0.181,0.262,0.318,0.338,0.346,0.348,0.336,0.309,0.29,0.281,0.259,0.229,0.219,0.206,0.168,0.131,0.09,0.08,0.131,0.295,0.363,0.278,0.152,0.059
B225,0.015,0.013,0.01,-0.006,0.005,-0.008,-0.005,-0.001,-0.001,-0.003,-0.001,0.0,0.002,0.003,0.006,0.017,0.035,0.071,0.102,0.115,0.119,0.121,0.113,0.1,0.089,0.084,0.076,0.064,0.059,0.051,0.034,0.024,0.012,0.009,0.029,0.09,0.12,0.087,0.033,-0.003
B226,-0.045,-0.019,-0.02,-0.013,-0.011,-0.009,-0.008,-0.02,-0.021,-0.023,-0.023,-0.024,-0.025,-0.025,-0.026,-0.027,-0.016,0.008,0.031,0.037,0.04,0.039,0.025,0.013,0.005,0.0,-0.005,-0.011,-0.014,-0.019,-0.026,-0.027,-0.022,-0.017,-0.014,0.025,0.067,0.062,0.031,0.005
B231,0.023,0.011,0.001,0.009,0.013,0.012,0.009,0.026,0.023,0.026,0.028,0.032,0.036,0.037,0.04,0.046,0.051,0.051,0.049,0.048,0.048,0.049,0.053,0.055,0.056,0.055,0.056,0.055,0.054,0.053,0.051,0.045,0.036,0.031,0.041,0.047,0.04,0.031,0.023,0.015
B236,0.012,-0.001,0.001,-0.001,0.005,0.008,0.015,0.021,0.022,0.021,0.034,0.043,0.048,0.048,0.061,0.093,0.144,0.189,0.204,0.204,0.202,0.203,0.202,0.196,0.189,0.185,0.177,0.162,0.156,0.147,0.123,0.1,0.071,0.078,0.132,0.204,0.191,0.136,0.08,0.038
B238,0.003,0.02,0.009,0.027,0.011,0.015,0.031,0.042,0.042,0.047,0.054,0.066,0.069,0.069,0.079,0.105,0.139,0.166,0.169,0.168,0.167,0.168,0.171,0.171,0.169,0.167,0.162,0.153,0.15,0.146,0.129,0.108,0.078,0.07,0.111,0.17,0.157,0.118,0.081,0.049
B239,0.034,0.027,0.054,0.057,0.04,0.069,0.087,0.093,0.101,0.096,0.102,0.109,0.108,0.111,0.116,0.13,0.157,0.196,0.228,0.239,0.242,0.244,0.24,0.229,0.219,0.215,0.204,0.189,0.184,0.178,0.159,0.142,0.123,0.119,0.141,0.214,0.221,0.171,0.11,0.058
B243,0.009,0.028,0.038,0.046,0.025,0.042,0.033,0.042,0.045,0.043,0.05,0.053,0.056,0.054,0.06,0.074,0.093,0.098,0.092,0.088,0.087,0.087,0.093,0.097,0.099,0.101,0.099,0.094,0.093,0.098,0.095,0.076,0.053,0.048,0.073,0.081,0.049,0.027,0.014,0.006
B246,0.041,0.038,0.042,0.041,0.046,0.046,0.058,0.075,0.082,0.082,0.097,0.107,0.106,0.106,0.113,0.125,0.136,0.132,0.119,0.112,0.11,0.113,0.125,0.135,0.14,0.143,0.145,0.147,0.148,0.149,0.147,0.137,0.114,0.105,0.127,0.12,0.083,0.059,0.045,0.033
B247,-0.011,0.009,0.018,0.009,0.02,0.032,0.032,0.04,0.044,0.051,0.052,0.054,0.053,0.05,0.051,0.046,0.035,0.037,0.056,0.068,0.074,0.074,0.069,0.061,0.057,0.055,0.053,0.05,0.05,0.051,0.054,0.059,0.062,0.058,0.048,0.056,0.088,0.082,0.046,0.011
B248,0.014,0.03,0.031,0.029,0.011,0.008,0.02,0.028,0.036,0.031,0.034,0.038,0.043,0.04,0.044,0.053,0.061,0.075,0.088,0.091,0.093,0.093,0.088,0.082,0.078,0.074,0.07,0.065,0.063,0.06,0.052,0.047,0.042,0.039,0.042,0.074,0.099,0.075,0.029,-0.002
B251,-0.016,0.008,-0.019,-0.003,-0.018,-0.02,-0.026,-0.022,-0.021,-0.016,-0.02,-0.02,-0.017,-0.018,-0.016,-0.007,0.005,0.019,0.023,0.025,0.026,0.026,0.025,0.023,0.021,0.02,0.017,0.012,0.01,0.008,0.0,-0.007,-0.013,-0.008,0.004,0.029,0.033,0.026,0.015,0.006
B252,0.01,0.013,0.012,0.018,0.017,0.038,0.057,0.081,0.084,0.089,0.109,0.127,0.131,0.132,0.146,0.184,0.228,0.254,0.252,0.245,0.239,0.242,0.249,0.253,0.253,0.252,0.248,0.24,0.237,0.231,0.211,0.187,0.148,0.142,0.198,0.242,0.203,0.144,0.086,0.043
B254,-0.027,-0.016,-0.002,-0.008,-0.01,-0.019,-0.015,-0.023,-0.012,-0.015,-0.017,-0.014,-0.014,-0.018,-0.014,-0.01,0.001,0.027,0.055,0.068,0.075,0.075,0.064,0.05,0.04,0.034,0.026,0.015,0.011,0.005,-0.007,-0.015,-0.019,-0.021,-0.016,0.045,0.101,0.086,0.04,0.007
B257,-0.034,0.013,0.002,0.005,0.001,-0.015,-0.021,-0.007,-0.007,-0.018,-0.018,-0.016,-0.015,-0.019,-0.019,-0.017,-0.013,-0.009,0.0,0.007,0.011,0.012,0.011,0.008,0.006,0.005,0.002,-0.002,-0.004,-0.004,-0.009,-0.014,-0.019,-0.023,-0.021,0.004,0.019,0.02,0.012,0.004
B259,-0.024,0.008,-0.03,-0.02,-0.001,0.005,0.029,0.044,0.058,0.06,0.077,0.097,0.099,0.103,0.119,0.16,0.222,0.282,0.308,0.314,0.316,0.32,0.323,0.315,0.306,0.301,0.289,0.267,0.26,0.25,0.216,0.175,0.118,0.102,0.174,0.288,0.278,0.196,0.104,0.04
B261,-0.001,0.004,0.018,0.032,0.011,0.016,0.022,0.038,0.056,0.059,0.076,0.087,0.094,0.092,0.106,0.142,0.186,0.22,0.232,0.236,0.239,0.244,0.253,0.254,0.252,0.251,0.243,0.228,0.223,0.219,0.195,0.159,0.11,0.096,0.154,0.229,0.203,0.146,0.09,0.047
B262,0.01,0.004,0.014,0.005,0.004,0.007,-0.001,0.004,0.016,0.015,0.02,0.031,0.037,0.038,0.047,0.068,0.114,0.174,0.216,0.236,0.244,0.244,0.229,0.207,0.192,0.183,0.168,0.146,0.139,0.13,0.102,0.077,0.049,0.042,0.082,0.202,0.26,0.208,0.123,0.055
B265,0.0,0.023,0.02,0.041,0.012,0.038,0.032,0.03,0.03,0.032,0.028,0.029,0.027,0.027,0.027,0.02,0.016,0.01,0.001,-0.005,-0.009,-0.01,-0.009,-0.006,-0.005,-0.005,-0.001,0.003,0.004,0.003,0.006,0.016,0.026,0.037,0.037,0.01,-0.015,-0.013,0.004,0.014
B267,0.039,0.034,0.068,0.069,0.038,0.056,0.066,0.078,0.081,0.083,0.094,0.094,0.097,0.095,0.104,0.116,0.137,0.162,0.181,0.188,0.191,0.191,0.186,0.177,0.17,0.167,0.161,0.151,0.148,0.145,0.133,0.119,0.099,0.094,0.117,0.166,0.194,0.162,0.099,0.044
B268,-0.011,0.009,0.008,0.011,0.013,0.006,0.012,0.024,0.026,0.025,0.03,0.037,0.039,0.04,0.042,0.055,0.082,0.112,0.124,0.124,0.123,0.122,0.117,0.11,0.105,0.104,0.098,0.089,0.086,0.083,0.075,0.064,0.051,0.06,0.088,0.121,0.117,0.091,0.06,0.031
B273,-0.012,0.015,0.011,0.001,0.005,0.003,0.006,0.026,0.043,0.042,0.059,0.071,0.074,0.073,0.087,0.116,0.16,0.217,0.254,0.267,0.274,0.278,0.272,0.256,0.244,0.239,0.224,0.202,0.195,0.187,0.16,0.129,0.092,0.083,0.126,0.24,0.277,0.201,0.093,0.02
B274,0.021,0.019,0.029,0.029,0.027,0.034,0.044,0.056,0.053,0.05,0.056,0.059,0.058,0.058,0.062,0.07,0.088,0.112,0.13,0.136,0.137,0.136,0.127,0.116,0.109,0.105,0.099,0.091,0.088,0.083,0.071,0.064,0.054,0.051,0.069,0.116,0.139,0.118,0.077,0.04
B276,0.021,0.007,0.014,0.005,0.007,0.007,0.019,0.04,0.054,0.061,0.079,0.099,0.105,0.105,0.12,0.159,0.205,0.225,0.217,0.212,0.209,0.214,0.232,0.243,0.246,0.248,0.245,0.236,0.233,0.229,0.209,0.173,0.12,0.112,0.181,0.225,0.166,0.113,0.076,0.046
B277,0.057,0.03,0.027,0.047,0.037,0.059,0.08,0.097,0.108,0.103,0.119,0.131,0.134,0.138,0.149,0.183,0.24,0.296,0.312,0.31,0.308,0.31,0.311,0.304,0.295,0.289,0.277,0.257,0.25,0.238,0.205,0.171,0.123,0.106,0.165,0.277,0.257,0.177,0.101,0.048
B280,-0.031,0.016,-0.018,0.003,0.012,0.018,0.032,0.042,0.041,0.032,0.036,0.045,0.045,0.047,0.052,0.068,0.094,0.127,0.141,0.143,0.144,0.143,0.138,0.13,0.123,0.119,0.113,0.103,0.099,0.091,0.075,0.063,0.045,0.047,0.081,0.134,0.143,0.116,0.077,0.041
B283,-0.001,0.016,-0.013,-0.001,-0.017,-0.012,-0.003,-0.012,-0.014,-0.011,-0.011,-0.014,-0.016,-0.012,-0.013,-0.013,-0.006,0.016,0.038,0.045,0.047,0.046,0.037,0.024,0.018,0.015,0.008,0.001,-0.001,-0.005,-0.012,-0.015,-0.015,-0.008,0.0,0.034,0.06,0.048,0.019,-0.003
B287,0.001,-0.001,0.008,-0.006,-0.006,-0.027,-0.022,-0.02,-0.02,-0.021,-0.02,-0.018,-0.018,-0.019,-0.017,-0.01,0.011,0.054,0.1,0.122,0.132,0.132,0.111,0.086,0.072,0.064,0.051,0.035,0.029,0.021,0.003,-0.009,-0.02,-0.024,-0.006,0.083,0.157,0.133,0.059,0.002
B292,0.049,0.04,0.031,0.048,0.027,0.037,0.066,0.075,0.075,0.067,0.087,0.104,0.107,0.109,0.122,0.162,0.219,0.273,0.294,0.298,0.299,0.299,0.301,0.295,0.286,0.284,0.269,0.248,0.24,0.235,0.206,0.163,0.113,0.106,0.173,0.271,0.255,0.202,0.148,0.093
B297,-0.009,0.001,-0.008,-0.005,-0.016,-0.005,-0.002,0.0,0.001,0.004,0.01,0.018,0.018,0.021,0.029,0.052,0.088,0.12,0.129,0.129,0.128,0.131,0.135,0.135,0.132,0.129,0.123,0.113,0.109,0.102,0.082,0.058,0.026,0.02,0.063,0.13,0.113,0.065,0.021,-0.002
B298,-0.045,-0.006,-0.026,-0.02,-0.01,-0.013,0.006,0.001,-0.001,-0.001,0.004,0.011,0.012,0.011,0.014,0.027,0.047,0.077,0.1,0.107,0.11,0.109,0.098,0.086,0.078,0.073,0.066,0.056,0.052,0.048,0.037,0.027,0.018,0.022,0.041,0.087,0.121,0.106,0.068,0.031
B299,-0.003,0.026,0.02,0.038,0.017,0.024,0.013,0.033,0.038,0.035,0.043,0.05,0.052,0.051,0.058,0.071,0.087,0.091,0.085,0.082,0.081,0.082,0.092,0.097,0.099,0.1,0.098,0.094,0.093,0.093,0.086,0.068,0.044,0.041,0.066,0.077,0.038,0.009,-0.004,-0.007
B300,0.005,0.005,-0.017,0.002,-0.012,-0.017,-0.006,-0.012,-0.013,-0.006,-0.008,-0.008,-0.008,-0.006,-0.004,0.003,0.016,0.039,0.062,0.069,0.072,0.071,0.063,0.051,0.044,0.041,0.034,0.026,0.023,0.018,0.009,0.003,-0.004,0.0,0.013,0.053,0.086,0.076,0.043,0.013
B302,-0.013,-0.015,-0.02,-0.03,-0.026,-0.034,-0.036,-0.03,-0.031,-0.027,-0.024,-0.02,-0.019,-0.018,-0.015,-0.008,0.007,0.024,0.039,0.05,0.056,0.059,0.062,0.06,0.058,0.058,0.052,0.042,0.04,0.039,0.027,0.01,-0.009,-0.009,0.015,0.056,0.047,0.024,0.002,-0.008
B303,0.007,-0.009,-0.006,0.006,-0.007,-0.016,-0.026,-0.029,-0.021,-0.026,-0.024,-0.019,-0.017,-0.016,-0.013,0.006,0.04,0.075,0.093,0.099,0.1,0.1,0.098,0.089,0.082,0.079,0.069,0.054,0.049,0.046,0.031,0.007,-0.012,-0.007,0.028,0.088,0.1,0.081,0.053,0.028
B304,0.013,0.001,0.014,0.017,0.004,0.012,0.01,0.007,0.013,0.017,0.016,0.012,0.008,0.007,0.005,0.0,-0.008,-0.01,-0.011,-0.014,-0.015,-0.019,-0.025,-0.029,-0.03,-0.029,-0.029,-0.028,-0.027,-0.024,-0.014,-0.006,0.008,0.015,0.0,-0.024,-0.014,-0.005,-0.005,-0.006
B305,0.036,0.003,0.037,0.028,0.02,0.038,0.064,0.068,0.08,0.078,0.098,0.113,0.121,0.124,0.143,0.199,0.298,0.412,,0.477,0.476,0.476,0.46,0.432,0.409,0.395,0.369,0.331,0.317,0.297,0.243,0.188,0.13,0.124,0.217,0.429,,,,
B306,0.007,0.002,0.011,0.009,0.0,0.011,0.011,0.018,0.019,0.02,0.025,0.029,0.032,0.03,0.037,0.05,0.073,0.093,0.104,0.105,0.105,0.105,0.102,0.097,0.092,0.09,0.086,0.079,0.076,0.072,0.061,0.052,0.041,0.046,0.071,0.102,0.1,0.081,0.059,0.037
B307,0.023,0.03,0.022,0.04,0.028,0.023,0.058,0.068,0.071,0.075,0.091,0.097,0.1,0.1,0.111,0.125,0.151,0.17,0.178,0.182,0.183,0.189,0.196,0.199,0.197,0.197,0.193,0.184,0.181,0.177,0.165,0.141,0.107,0.092,0.128,0.179,0.156,0.111,0.066,0.032
B308,-0.002,0.005,-0.003,-0.013,-0.02,-0.019,-0.016,-0.007,-0.01,-0.008,-0.003,0.008,0.006,0.008,0.015,0.029,0.049,0.063,0.066,0.065,0.065,0.069,0.072,0.074,0.073,0.072,0.07,0.066,0.064,0.059,0.049,0.038,0.023,0.022,0.046,0.077,0.069,0.036,0.002,-0.014
B309,0.015,0.012,0.045,0.033,0.038,0.048,0.06,0.071,0.071,0.077,0.084,0.087,0.089,0.092,0.093,0.1,0.11,0.124,0.135,0.139,0.14,0.141,0.142,0.138,0.134,0.132,0.128,0.121,0.119,0.117,0.111,0.104,0.095,0.094,0.102,0.123,0.125,0.099,0.066,0.036
B310,0.02,0.017,0.026,0.027,0.013,0.032,0.041,0.045,0.048,0.048,0.057,0.065,0.069,0.071,0.079,0.108,0.151,0.189,0.199,0.196,0.192,0.193,0.194,0.189,0.185,0.181,0.176,0.166,0.162,0.154,0.133,0.115,0.089,0.092,0.14,0.195,0.184,0.14,0.091,0.049
B311,-0.014,0.005,-0.008,-0.027,-0.018,-0.008,-0.02,-0.011,-0.011,-0.012,-0.006,0.0,0.002,0.008,0.015,0.043,0.092,0.153,0.187,0.198,0.204,0.205,0.201,0.186,0.174,0.168,0.149,0.124,0.116,0.109,0.08,0.038,0.001,-0.006,0.041,0.162,0.191,0.14,0.074,0.028
B312,0.035,0.004,0.028,0.039,0.036,0.051,0.067,0.083,0.082,0.081,0.098,0.111,0.115,0.11,0.13,0.167,0.209,0.229,0.22,0.212,0.209,0.21,0.219,0.226,0.229,0.23,0.228,0.224,0.223,0.222,0.207,0.178,0.136,0.128,0.191,0.222,0.175,0.124,0.082,0.047
B313,0.039,0.0,0.015,0.013,0.008,0.012,0.031,0.031,0.039,0.044,0.057,0.067,0.072,0.07,0.079,0.102,0.126,0.127,0.111,0.103,0.1,0.103,0.116,0.129,0.134,0.137,0.138,0.138,0.137,0.136,0.128,0.107,0.075,0.065,0.106,0.115,0.071,0.05,0.045,0.037
B314,-0.022,-0.001,0.003,0.005,-0.005,0.002,0.005,0.003,-0.001,-0.007,-0.003,0.001,0.004,0.001,0.005,0.011,0.025,0.043,0.051,0.053,0.052,0.052,0.05,0.046,0.042,0.041,0.037,0.031,0.028,0.027,0.022,0.013,0.006,0.008,0.013,0.031,0.035,0.028,0.02,0.013
B315,0.001,0.0,0.008,0.022,0.019,0.028,0.05,0.066,0.083,0.081,0.098,0.108,0.111,0.112,0.122,0.145,0.176,0.202,0.209,0.212,0.214,0.218,0.224,0.226,0.225,0.225,0.219,0.21,0.206,0.205,0.191,0.163,0.124,0.108,0.145,0.201,0.189,0.149,0.108,0.068
